canonical_id,canonical_name_ko,raw_name,volume_ml,non_unit,price_krw,market,channel,date,source_family,source_file,status,exclude_reason
w001,글렌리벳 12년,글렌리벳 12년,,False,57000,KR-DS,트레이더스,2026-06-16,dailyshot,2026-06_dailyshot.csv,matched,
w001,글렌리벳 12년,글렌리벳 12년 1L,1000,False,69800,KR,트레이더스,2026-04-13,youtube_martweb,2026-04.csv,matched,
w001,글렌리벳 12년,글렌리벳 12년 1L,1000,False,69800,KR,트레이더스,2026-04-19,youtube_martweb,2026-04.csv,matched,
w001,글렌리벳 12년,ザ・グレンリベット12年 シングルモルトスコッチウイスキー [ ウイスキー イギリス 700ml ] [ギフトBox入り],700,False,113925,JP,酒庫住田屋(sumidaya)(Shopify products.json),2026-06-15,overseas,2026-06_jp_shopify_poc.csv,matched,
w001,글렌리벳 12년,【正規輸入品】ザ グレンリベット 12年 40% 700ml 箱付 スコッチ ウイスキー,700,False,129583,JP,SAKE People(Shopify products.json),2026-06-15,overseas,2026-06_jp_shopify_poc.csv,matched,
w001,글렌리벳 12년,Glenlivet 12 Year Old Double Oak,,False,140198,HK,TheRareMalt(Shopify products.json),2026-06-15,overseas,2026-06_hk_whisky_poc.csv,matched,
w001,글렌리벳 12년,【正規輸入品】 ザ グレンリベット 12年 40% 1000ml 箱付 シングルモルト スコッチ ウイスキー,1000,False,142406,JP,SAKE People(Shopify products.json),2026-06-15,overseas,2026-06_jp_shopify_poc.csv,matched,
w001,글렌리벳 12년,ザ グレンリベット 12年 1000ml,1000,False,164550,JP,酒類ドットコム(syurui)(Shopify products.json),2026-06-15,overseas,2026-06_jp_shopify_poc.csv,matched,
w002,글렌리벳 15년,글렌리벳 15년,,False,86000,KR-DS,트레이더스,2026-06-16,dailyshot,2026-06_dailyshot.csv,matched,
w002,글렌리벳 15년,더 글렌리벳 15년,,False,86000,KR-DS,코스트코,2026-06-16,dailyshot,2026-06_dailyshot.csv,matched,
w002,글렌리벳 15년,글렌리벳 15년,,False,94800,KR,트레이더스,2026-04-13,youtube_martweb,2026-04.csv,matched,
w002,글렌리벳 15년,글렌리벳 15년 700ml,700,False,94800,KR,트레이더스,2026-04-19,youtube_martweb,2026-04.csv,matched,
w002,글렌리벳 15년,글렌리벳 15년 700ml,700,False,94800,KR,트레이더스,2026-04-01,youtube_martweb,2026-04.csv,matched,
w002,글렌리벳 15년,글렌리벳 15년 700ml,700,False,94800,KR,트레이더스,2026-05-27,youtube_martweb,2026-05.csv,matched,
w002,글렌리벳 15년,글렌리벳 15년 700ml,700,False,94800,KR,트레이더스,2026-05-19,youtube_martweb,2026-05.csv,matched,
w002,글렌리벳 15년,글렌리벳 15년 700ml,700,False,94800,KR,트레이더스,2026-05-13,youtube_martweb,2026-05.csv,matched,
w002,글렌리벳 15년,글렌리벳 15년 700ml,700,False,94800,KR,트레이더스,2026-05-04,youtube_martweb,2026-05.csv,matched,
w002,글렌리벳 15년,글랜립의 15년,,False,94800,KR,트레이더스,2026-06-01,youtube_martweb,2026-06.csv,matched,
w002,글렌리벳 15년,더 글렌리벳 15년,700,False,94800,KR,트레이더스,2026-05-27,youtube_martweb,2026-05_whiskeypick_traders_guwol.csv,matched,
w002,글렌리벳 15년,더 글렌리벳 15년,,False,95900,KR,코스트코,2026-05-30,youtube_martweb,2026-05.csv,matched,
w002,글렌리벳 15년,글렌리벳 15년 700ml,700,False,99800,KR,롯데마트,2026-04-23,youtube_martweb,2026-04.csv,matched,
w002,글렌리벳 15년,더 글렌리벳 15년 싱글몰트 위스키,,False,106900,KR,코스트코,2026-05-30,youtube_martweb,2026-05.csv,matched,
w002,글렌리벳 15년,더 글렌리벳 15년 싱글몰트 위스키,,False,106900,KR,코스트코,2026-06-01,youtube_martweb,2026-06.csv,matched,
w002,글렌리벳 15년,【正規輸入品】 ザ グレンリベット 15年 フレンチ オーク リザーブ 40% 700ml 箱付 シングルモルト スコッチ ウイスキー,700,False,216430,JP,SAKE People(Shopify products.json),2026-06-15,overseas,2026-06_jp_shopify_poc.csv,matched,
w002,글렌리벳 15년,ザ グレンリベット フレンチオーク リザーヴ 15年,,False,223521,JP,酒類ドットコム(syurui)(Shopify products.json),2026-06-15,overseas,2026-06_jp_shopify_poc.csv,matched,
w002,글렌리벳 15년,Glenlivet 15 Years Old French Oak Reserve Single Malt Scotch Whisky,,False,243286,HK,Mizunara(Shopify products.json),2026-06-15,overseas,2026-06_hk_whisky_poc.csv,matched,
w003,글렌리벳 17년 스몰배치,글렌리벳 17년 스몰 배치 2 700ml,700,False,229800,KR,트레이더스,2026-05-27,youtube_martweb,2026-05.csv,matched,
w003,글렌리벳 17년 스몰배치,글렌리벳 17년 스몰 배치 2 700ml,700,False,229800,KR,트레이더스,2026-05-19,youtube_martweb,2026-05.csv,matched,
w003,글렌리벳 17년 스몰배치,글랜립의 17년 스몰 배치 2,,False,229800,KR,트레이더스,2026-06-01,youtube_martweb,2026-06.csv,matched,
w003,글렌리벳 17년 스몰배치,더 글렌리벳 17년 스몰 배치 2,700,False,229800,KR,트레이더스,2026-05-27,youtube_martweb,2026-05_whiskeypick_traders_guwol.csv,matched,
w004,글렌리벳 19년 스몰배치,글렌리벳 19년 스몰 배치 2 700ml,700,False,349800,KR,트레이더스,2026-05-27,youtube_martweb,2026-05.csv,matched,
w004,글렌리벳 19년 스몰배치,글렌리벳 19년 스몰 배치 2 700ml,700,False,349800,KR,트레이더스,2026-05-19,youtube_martweb,2026-05.csv,matched,
w004,글렌리벳 19년 스몰배치,글랜립의 19년 스몰 배치,,False,349800,KR,트레이더스,2026-06-01,youtube_martweb,2026-06.csv,matched,
w004,글렌리벳 19년 스몰배치,더 글렌리벳 19년 스몰 배치 2,700,False,349800,KR,트레이더스,2026-05-27,youtube_martweb,2026-05_whiskeypick_traders_guwol.csv,matched,
w004,글렌리벳 19년 스몰배치,글렌리벳 19년 스몰 배치 2,,False,420000,KR-DS,트레이더스,2026-06-16,dailyshot,2026-06_dailyshot.csv,matched,
w005,글렌피딕 12년,글렌피딕 12년,700,False,59000,KR-DS,트레이더스,2026-06-16,dailyshot,2026-06_dailyshot.csv,matched,
w005,글렌피딕 12년,글렌피딕 12년 700ml,700,False,69800,KR,트레이더스,2026-05-27,youtube_martweb,2026-05.csv,matched,
w005,글렌피딕 12년,글렌피딕 12년 700ml,700,False,69800,KR,트레이더스,2026-05-19,youtube_martweb,2026-05.csv,matched,
w005,글렌피딕 12년,글렌피딕 12년 700ml,700,False,69800,KR,트레이더스,2026-05-13,youtube_martweb,2026-05.csv,matched,
w005,글렌피딕 12년,글렌피딕 12년 700ml,700,False,69800,KR,트레이더스,2026-05-04,youtube_martweb,2026-05.csv,matched,
w005,글렌피딕 12년,글랜피딕 12년,,False,69800,KR,트레이더스,2026-06-01,youtube_martweb,2026-06.csv,matched,
w005,글렌피딕 12년,글렌피딕 12년,700,False,69800,KR,트레이더스,2026-05-27,youtube_martweb,2026-05_whiskeypick_traders_guwol.csv,matched,
w005,글렌피딕 12년,글렌피딕 12년 700ml,700,False,84800,KR,트레이더스,2026-03(추정),youtube_martweb,2026-03.csv,matched,
w005,글렌피딕 12년,글렌피딕 12년,,False,84800,KR,트레이더스,2026-04-13,youtube_martweb,2026-04.csv,matched,
w005,글렌피딕 12년,글렌피딕 12년 700ml,700,False,84800,KR,트레이더스,2026-04-19,youtube_martweb,2026-04.csv,matched,
w005,글렌피딕 12년,글렌피딕 12년 700ml,700,False,84800,KR,트레이더스,2026-04-14,youtube_martweb,2026-04.csv,matched,
w005,글렌피딕 12년,글렌피딕 12년 700ml,700,False,84800,KR,트레이더스,2026-04-01,youtube_martweb,2026-04.csv,matched,
w005,글렌피딕 12년,글렌피딕 12년 700ml,700,False,84800,KR,트레이더스,2026-06-01,youtube_martweb,2026-06.csv,matched,
w005,글렌피딕 12년,글렌피딕 12년 700ml,700,False,103600,KR,롯데마트,2026-04-23,youtube_martweb,2026-04.csv,matched,
w005,글렌피딕 12년,"Glenfiddich - 12y, 40%",,False,160817,HK,Caskells(Shopify products.json),2026-06-15,overseas,2026-06_hk_whisky_poc.csv,matched,
w006,글렌피딕 14년 버번배럴,글렌피딕 14년,,False,96000,KR-DS,트레이더스,2026-06-16,dailyshot,2026-06_dailyshot.csv,matched,
w006,글렌피딕 14년 버번배럴,글렌피딕 14년,,False,99800,KR,트레이더스,2026-04-13,youtube_martweb,2026-04.csv,matched,
w006,글렌피딕 14년 버번배럴,글렌피딕 14년 버번 캐스크 700ml,700,False,99800,KR,트레이더스,2026-04-19,youtube_martweb,2026-04.csv,matched,
w006,글렌피딕 14년 버번배럴,글렌피딕 14년 버번 캐스크 700ml,700,False,99800,KR,트레이더스,2026-04-14,youtube_martweb,2026-04.csv,matched,
w006,글렌피딕 14년 버번배럴,글렌피딕 14년 버번 캐스크 700ml,700,False,99800,KR,트레이더스,2026-04-01,youtube_martweb,2026-04.csv,matched,
w006,글렌피딕 14년 버번배럴,글렌피딕 14년 버번 캐스크 700ml,700,False,99800,KR,트레이더스,2026-05-27,youtube_martweb,2026-05.csv,matched,
w006,글렌피딕 14년 버번배럴,글렌피딕 14년 버번 캐스크 700ml,700,False,99800,KR,트레이더스,2026-05-19,youtube_martweb,2026-05.csv,matched,
w006,글렌피딕 14년 버번배럴,글렌피딕 14년 버번 캐스크 700ml,700,False,99800,KR,트레이더스,2026-05-13,youtube_martweb,2026-05.csv,matched,
w006,글렌피딕 14년 버번배럴,글렌피딕 14년 버번 캐스크 700ml,700,False,99800,KR,트레이더스,2026-05-04,youtube_martweb,2026-05.csv,matched,
w006,글렌피딕 14년 버번배럴,글랜피딕 14년,,False,99800,KR,트레이더스,2026-06-01,youtube_martweb,2026-06.csv,matched,
w006,글렌피딕 14년 버번배럴,글렌피딕 14년 법원 캐스크,700,False,99800,KR,트레이더스,2026-05-27,youtube_martweb,2026-05_whiskeypick_traders_guwol.csv,matched,
w007,글렌피딕 15년,글렌피딕 15년,,False,89000,KR-DS,코스트코 / 트레이더스,2026-06-16,dailyshot,2026-06_dailyshot.csv,matched,
w007,글렌피딕 15년,글렌피딕 15년 싱글 몰트 위스키,,False,89000,KR-DS,코스트코,2026-06-16,dailyshot,2026-06_dailyshot.csv,matched,
w007,글렌피딕 15년,글렌피딕 15년 싱글트 위스키,,False,89000,KR-DS,코스트코,2026-06-16,dailyshot,2026-06_dailyshot.csv,matched,
w007,글렌피딕 15년,글렌피딕 15년 싱글 몰트 위스키 700ml,700,False,96900,KR,코스트코,2026-03-24,youtube_martweb,2026-03.csv,matched,
w007,글렌피딕 15년,글렌피딕 15년 싱글트 위스키 700ml,700,False,96900,KR,코스트코,2026-03-16,youtube_martweb,2026-03.csv,matched,
w007,글렌피딕 15년,글렌피딕 15년 700ml,700,False,96900,KR,코스트코,2026-04-25,youtube_martweb,2026-04.csv,matched,
w007,글렌피딕 15년,글렌피딕 15년 700ml,700,False,96900,KR,코스트코,2026-04-14,youtube_martweb,2026-04.csv,matched,
w007,글렌피딕 15년,글렌피딕 15년 700ml,700,False,96900,KR,코스트코,2026-04-09,youtube_martweb,2026-04.csv,matched,
w007,글렌피딕 15년,글렌피딕 15년 700ml,700,False,96900,KR,코스트코,2026-05-15,youtube_martweb,2026-05.csv,matched,
w007,글렌피딕 15년,글렌피딕 15년 싱글트 위스키 700ml,700,False,96900,KR,코스트코,2026-05-05,youtube_martweb,2026-05.csv,matched,
w007,글렌피딕 15년,글렌피딕 15년 700ml,700,False,99800,KR,트레이더스,2026-03(추정),youtube_martweb,2026-03.csv,matched,
w007,글렌피딕 15년,글렌피딕 15년 700ml,700,False,99800,KR,트레이더스,2026-05-27,youtube_martweb,2026-05.csv,matched,
w007,글렌피딕 15년,글렌피딕 15년 700ml,700,False,99800,KR,트레이더스,2026-05-19,youtube_martweb,2026-05.csv,matched,
w007,글렌피딕 15년,글렌피딕 15년 700ml,700,False,99800,KR,트레이더스,2026-05-13,youtube_martweb,2026-05.csv,matched,
w007,글렌피딕 15년,글렌피딕 15년 700ml,700,False,99800,KR,트레이더스,2026-05-04,youtube_martweb,2026-05.csv,matched,
w007,글렌피딕 15년,글렌피딕 15년 솔레라 700ml,700,False,99800,KR,트레이더스,2026-06-01,youtube_martweb,2026-06.csv,matched,
w007,글렌피딕 15년,글램피닉 15년,,False,99800,KR,트레이더스,2026-06-01,youtube_martweb,2026-06.csv,matched,
w007,글렌피딕 15년,글렌피딕 15년 700ml,700,False,99800,KR,트레이더스,2026-06-08,youtube_ocr,2026-06_youtube_ocr.csv,matched,
w007,글렌피딕 15년,글렌피딕 15년,700,False,99800,KR,트레이더스,2026-05-27,youtube_martweb,2026-05_whiskeypick_traders_guwol.csv,matched,
w007,글렌피딕 15년,글렌피딕 15년 700ml,700,False,109800,KR,트레이더스,2026-04-01,youtube_martweb,2026-04.csv,matched,
w007,글렌피딕 15년,グレンフィディック 15年 ソレラリザーブ 40% 700ml 箱付 シングルモルト スコッチ ウイスキー,700,False,243919,JP,SAKE People(Shopify products.json),2026-06-15,overseas,2026-06_jp_shopify_poc.csv,matched,
w008,발베니 12년 더블우드,발베니 12년,,False,94000,KR-DS,코스트코 / 트레이더스,2026-06-16,dailyshot,2026-06_dailyshot.csv,matched,
w008,발베니 12년 더블우드,발베니 12년 더블우드,,False,94000,KR-DS,코스트코 / 트레이더스,2026-06-16,dailyshot,2026-06_dailyshot.csv,matched,
w008,발베니 12년 더블우드,발베니 12년 싱글트 위스키,,False,94000,KR-DS,코스트코,2026-06-16,dailyshot,2026-06_dailyshot.csv,matched,
w008,발베니 12년 더블우드,발베니 12년 더블로드 700ml,700,False,94900,KR,코스트코,2026-03-24,youtube_martweb,2026-03.csv,matched,
w008,발베니 12년 더블우드,발베니 12년 싱글트 위스키 700ml,700,False,94900,KR,코스트코,2026-03-16,youtube_martweb,2026-03.csv,matched,
w008,발베니 12년 더블우드,발베니 12년 더블 우드 700ml,700,False,94900,KR,코스트코,2026-04-25,youtube_martweb,2026-04.csv,matched,
w008,발베니 12년 더블우드,발베니 12년 700ml,700,False,94900,KR,코스트코,2026-04-14,youtube_martweb,2026-04.csv,matched,
w008,발베니 12년 더블우드,발베니 12년 700ml,700,False,94900,KR,코스트코,2026-04-09,youtube_martweb,2026-04.csv,matched,
w008,발베니 12년 더블우드,발베니 12년 더블로드 700ml,700,False,94900,KR,코스트코,2026-05-15,youtube_martweb,2026-05.csv,matched,
w008,발베니 12년 더블우드,발베니 12년 700ml,700,False,94900,KR,코스트코,2026-05-05,youtube_martweb,2026-05.csv,matched,
w008,발베니 12년 더블우드,발베니 12년 더블우드,,False,96800,KR,트레이더스,2026-03(추정),youtube_martweb,2026-03.csv,matched,
w008,발베니 12년 더블우드,발베니 12년 더블우드,,False,96800,KR,트레이더스,2026-04-03,youtube_martweb,2026-04.csv,matched,
w008,발베니 12년 더블우드,발베니 12년 더블우드,,False,96800,KR,트레이더스,2026-04-13,youtube_martweb,2026-04.csv,matched,
w008,발베니 12년 더블우드,발베니 12년 700ml,700,False,96800,KR,롯데마트,2026-04-23,youtube_martweb,2026-04.csv,matched,
w008,발베니 12년 더블우드,발베니 12년 700ml,700,False,96800,KR,트레이더스,2026-04-19,youtube_martweb,2026-04.csv,matched,
w008,발베니 12년 더블우드,발베니 12년 700ml,700,False,96800,KR,트레이더스,2026-04-14,youtube_martweb,2026-04.csv,matched,
w008,발베니 12년 더블우드,발베니 12년 700ml,700,False,96800,KR,트레이더스,2026-04-01,youtube_martweb,2026-04.csv,matched,
w008,발베니 12년 더블우드,발베니 12년 700ml,700,False,96800,KR,트레이더스,2026-05-27,youtube_martweb,2026-05.csv,matched,
w008,발베니 12년 더블우드,발베니 12년 700ml,700,False,96800,KR,트레이더스,2026-05-19,youtube_martweb,2026-05.csv,matched,
w008,발베니 12년 더블우드,발베니 12년 700ml,700,False,96800,KR,트레이더스,2026-05-13,youtube_martweb,2026-05.csv,matched,
w008,발베니 12년 더블우드,발베니 12년 더블우드 700ml,700,False,96800,KR,트레이더스,2026-06-01,youtube_martweb,2026-06.csv,matched,
w008,발베니 12년 더블우드,발베니 12년,,False,96800,KR,트레이더스,2026-06-01,youtube_martweb,2026-06.csv,matched,
w008,발베니 12년 더블우드,발베니 12년,700,False,96800,KR,트레이더스,2026-05-27,youtube_martweb,2026-05_whiskeypick_traders_guwol.csv,matched,
w008,발베니 12년 더블우드,발베니 12년 더블우드,,False,99000,KR,코스트코,2026-05-30,youtube_martweb,2026-05.csv,matched,
w008,발베니 12년 더블우드,ザ バルヴェニー ダブルウッド 12年,,False,218753,JP,酒類ドットコム(syurui)(Shopify products.json),2026-06-15,overseas,2026-06_jp_shopify_poc.csv,matched,
w008,발베니 12년 더블우드,ザ バルヴェニー 12年 ダブルウッド 40% 700ml 箱付 シングルモルト スコッチ ウイスキー,700,False,254083,JP,SAKE People(Shopify products.json),2026-06-15,overseas,2026-06_jp_shopify_poc.csv,matched,
w009,발베니 14년 캐리비안 캐스크,발베니 14년 캐리비안 캐스크 700ml,700,False,134900,KR,코스트코,2026-03-24,youtube_martweb,2026-03.csv,matched,
w009,발베니 14년 캐리비안 캐스크,발베니 14년 캐리비안 캐스크 700ml,700,False,134900,KR,코스트코,2026-03-16,youtube_martweb,2026-03.csv,matched,
w009,발베니 14년 캐리비안 캐스크,발베니 14년 캐리비안 캐스크 700ml,700,False,134900,KR,코스트코,2026-04-25,youtube_martweb,2026-04.csv,matched,
w009,발베니 14년 캐리비안 캐스크,발베니 14년 캐리비안 캐스크 700ml,700,False,134900,KR,코스트코,2026-04-14,youtube_martweb,2026-04.csv,matched,
w009,발베니 14년 캐리비안 캐스크,발베니 14년 캐리비안 캐스크 700ml,700,False,134900,KR,코스트코,2026-04-09,youtube_martweb,2026-04.csv,matched,
w009,발베니 14년 캐리비안 캐스크,발베니 14년 캐리비안 캐스크 700ml,700,False,134900,KR,코스트코,2026-05-05,youtube_martweb,2026-05.csv,matched,
w009,발베니 14년 캐리비안 캐스크,발베니 14년 캐리비안 캐스크,,False,138000,KR-DS,코스트코 / 트레이더스,2026-06-16,dailyshot,2026-06_dailyshot.csv,matched,
w009,발베니 14년 캐리비안 캐스크,발베니 14년 캐리비안 케스크,,False,138000,KR-DS,트레이더스,2026-06-16,dailyshot,2026-06_dailyshot.csv,matched,
w009,발베니 14년 캐리비안 캐스크,발베니 14년 캐리비안 캐스크,,False,139800,KR,트레이더스,2026-04-13,youtube_martweb,2026-04.csv,matched,
w009,발베니 14년 캐리비안 캐스크,발베니 14년 캐리비안 캐스크 700ml,700,False,139800,KR,트레이더스,2026-04-19,youtube_martweb,2026-04.csv,matched,
w009,발베니 14년 캐리비안 캐스크,발베니 14년 캐리비안 캐스크 700ml,700,False,139800,KR,트레이더스,2026-04-14,youtube_martweb,2026-04.csv,matched,
w009,발베니 14년 캐리비안 캐스크,발베니 14년 캐리비안 케스크 700ml,700,False,139800,KR,트레이더스,2026-04-01,youtube_martweb,2026-04.csv,matched,
w009,발베니 14년 캐리비안 캐스크,발베니 14년 캐리비안 캐스크 700ml,700,False,139800,KR,트레이더스,2026-05-27,youtube_martweb,2026-05.csv,matched,
w009,발베니 14년 캐리비안 캐스크,발베니 14년 캐리비안 캐스크 700ml,700,False,139800,KR,트레이더스,2026-05-13,youtube_martweb,2026-05.csv,matched,
w009,발베니 14년 캐리비안 캐스크,발베니 14년 캐리비안 캐스크 700ml,700,False,139800,KR,트레이더스,2026-05-04,youtube_martweb,2026-05.csv,matched,
w009,발베니 14년 캐리비안 캐스크,발베니 14년 캐리비안 캐스크,700,False,139800,KR,트레이더스,2026-05-27,youtube_martweb,2026-05_whiskeypick_traders_guwol.csv,matched,
w009,발베니 14년 캐리비안 캐스크,シングルモルト ウイスキー バルヴェニー 14年 カリビアンカスク [イギリス 700ml ],700,False,265649,JP,酒庫住田屋(sumidaya)(Shopify products.json),2026-06-15,overseas,2026-06_jp_shopify_poc.csv,matched,
w009,발베니 14년 캐리비안 캐스크,Balvenie Caribbean Cask 14 Years Single Malt Scotch Whisky,,False,284521,HK,Mizunara(Shopify products.json),2026-06-15,overseas,2026-06_hk_whisky_poc.csv,matched,
w009,발베니 14년 캐리비안 캐스크,"Balvenie - Caribbean Cask 14y, 43%",,False,371115,HK,Caskells(Shopify products.json),2026-06-15,overseas,2026-06_hk_whisky_poc.csv,matched,
w010,아벨라워 12년 더블캐스크,アベラワー 12年 ダブルカスクマチュア―ド,,False,134109,JP,酒類ドットコム(syurui)(Shopify products.json),2026-06-15,overseas,2026-06_jp_shopify_poc.csv,matched,
w010,아벨라워 12년 더블캐스크,Aberlour 12 Years Old Double Cask Matured Single Malt Scotch Whisky,,False,243286,HK,Mizunara(Shopify products.json),2026-06-15,overseas,2026-06_hk_whisky_poc.csv,matched,
w011,아벨라워 아부나흐,아벨라워 셰리 캐스크 에디션,,False,235800,KR,트레이더스,2026-04-13,youtube_martweb,2026-04.csv,matched,
w011,아벨라워 아부나흐,아벨라워 아브나오 셰리케스크 에디션 700ml,700,False,235800,KR,트레이더스,2026-04-19,youtube_martweb,2026-04.csv,matched,
w011,아벨라워 아부나흐,아벨라워 아브나후 쉐리케스크 에디션 700ml,700,False,235800,KR,트레이더스,2026-04-14,youtube_martweb,2026-04.csv,matched,
w011,아벨라워 아부나흐,아벨라워 아브나흐 쉐리케스크 에디션 700ml,700,False,235800,KR,트레이더스,2026-04-14,youtube_martweb,2026-04.csv,matched,
w011,아벨라워 아부나흐,아벨라워 아브나르 쉐리케스크 에디션 700ml,700,False,235800,KR,트레이더스,2026-05-27,youtube_martweb,2026-05.csv,matched,
w011,아벨라워 아부나흐,아벨라워 아브나흐 쉐리케스크 에디션 700ml,700,False,235800,KR,트레이더스,2026-05-04,youtube_martweb,2026-05.csv,matched,
w011,아벨라워 아부나흐,아벨라워 아브나르 쉐리케스크 에디션,700,False,235800,KR,트레이더스,2026-05-27,youtube_martweb,2026-05_whiskeypick_traders_guwol.csv,matched,
w012,맥캘란 12년 더블캐스크,맥캘란 12년 더블캐스크,,False,90000,KR,코스트코,2026-05-30,youtube_martweb,2026-05.csv,matched,
w012,맥캘란 12년 더블캐스크,맥켈란 12년 더블 캐스크,,False,94800,KR,트레이더스,2026-06-01,youtube_martweb,2026-06.csv,matched,
w012,맥캘란 12년 더블캐스크,맥캘란 12년 더블캐스크,,False,95000,KR-DS,코스트코 / 트레이더스,2026-06-16,dailyshot,2026-06_dailyshot.csv,matched,
w012,맥캘란 12년 더블캐스크,맥캘란 12년 더블 캐스크 싱글 모트 위스키 700ml,700,False,96900,KR,코스트코,2026-03-24,youtube_martweb,2026-03.csv,matched,
w012,맥캘란 12년 더블캐스크,맥캘란 12년 더블 캐스크 700ml,700,False,96900,KR,코스트코,2026-03-16,youtube_martweb,2026-03.csv,matched,
w012,맥캘란 12년 더블캐스크,맥캘란 12년 더블 캐스크 700ml,700,False,96900,KR,코스트코,2026-04-25,youtube_martweb,2026-04.csv,matched,
w012,맥캘란 12년 더블캐스크,맥캘란 12년 더블 캐스크 700ml,700,False,96900,KR,코스트코,2026-04-14,youtube_martweb,2026-04.csv,matched,
w012,맥캘란 12년 더블캐스크,맥캘란 12년 더블 캐스크 700ml,700,False,96900,KR,코스트코,2026-04-09,youtube_martweb,2026-04.csv,matched,
w012,맥캘란 12년 더블캐스크,맥캘란 12년 더블 캐스크 700ml,700,False,96900,KR,코스트코,2026-05-15,youtube_martweb,2026-05.csv,matched,
w012,맥캘란 12년 더블캐스크,맥캘란 12년 더블 캐스크 700ml,700,False,96900,KR,코스트코,2026-05-05,youtube_martweb,2026-05.csv,matched,
w012,맥캘란 12년 더블캐스크,맥캘란 12년 더블캐스크,,False,99800,KR,트레이더스,2026-04-13,youtube_martweb,2026-04.csv,matched,
w012,맥캘란 12년 더블캐스크,맥캘란 12년 더블 캐스크 700ml,700,False,99800,KR,롯데마트,2026-04-23,youtube_martweb,2026-04.csv,matched,
w012,맥캘란 12년 더블캐스크,맥캘란 12년 더블 캐스크 700ml,700,False,99800,KR,트레이더스,2026-04-19,youtube_martweb,2026-04.csv,matched,
w012,맥캘란 12년 더블캐스크,맥캘란 12년 더블 캐스크 700ml,700,False,99800,KR,트레이더스,2026-04-14,youtube_martweb,2026-04.csv,matched,
w012,맥캘란 12년 더블캐스크,맥캘란 12년 더블 캐스크 700ml,700,False,99800,KR,트레이더스,2026-04-01,youtube_martweb,2026-04.csv,matched,
w012,맥캘란 12년 더블캐스크,맥캘란 12년 더블 캐스크 700ml,700,False,99800,KR,트레이더스,2026-05-27,youtube_martweb,2026-05.csv,matched,
w012,맥캘란 12년 더블캐스크,맥캘란 12년 더블 캐스크 700ml,700,False,99800,KR,트레이더스,2026-05-19,youtube_martweb,2026-05.csv,matched,
w012,맥캘란 12년 더블캐스크,맥캘란 12년 더블 캐스크 700ml,700,False,99800,KR,트레이더스,2026-05-13,youtube_martweb,2026-05.csv,matched,
w012,맥캘란 12년 더블캐스크,맥캘란 12년 더블 캐스크 700ml,700,False,99800,KR,트레이더스,2026-05-04,youtube_martweb,2026-05.csv,matched,
w012,맥캘란 12년 더블캐스크,맥캘란 12년 더블 캐스크,700,False,99800,KR,트레이더스,2026-05-27,youtube_martweb,2026-05_whiskeypick_traders_guwol.csv,matched,
w012,맥캘란 12년 더블캐스크,ザ マッカラン ダブルカスク 12年 40% 700ml<br>箱なし スコッチ ウイスキー アウトレット,700,False,200846,JP,SAKE People(Shopify products.json),2026-06-15,overseas,2026-06_jp_shopify_poc.csv,matched,
w012,맥캘란 12년 더블캐스크,ザ マッカラン ダブルカスク 12年 40% 700ml 箱なし スコッチ ウイスキー,700,False,205686,JP,SAKE People(Shopify products.json),2026-06-15,overseas,2026-06_jp_shopify_poc.csv,matched,
w012,맥캘란 12년 더블캐스크,シングルモルト ウイスキー ザ マッカラン ダブルカスク 12年【ギフトボックス】,,False,226256,JP,酒庫住田屋(sumidaya)(Shopify products.json),2026-06-15,overseas,2026-06_jp_shopify_poc.csv,matched,
w012,맥캘란 12년 더블캐스크,ザ マッカラン ダブルカスク 12年 40% 700ml 箱付 シングルモルト スコッチ ウイスキー,700,False,237870,JP,SAKE People(Shopify products.json),2026-06-15,overseas,2026-06_jp_shopify_poc.csv,matched,
w012,맥캘란 12년 더블캐스크,ザ マッカラン 12年 シングルモルト シェリーオーク 40% 700ml 箱なし スコッチ ウイスキー アウトレット,700,False,278281,JP,SAKE People(Shopify products.json),2026-06-15,overseas,2026-06_jp_shopify_poc.csv,matched,
w012,맥캘란 12년 더블캐스크,"Macallan - Double Cask, 12y, 2018 release, 40%",,False,280398,HK,Caskells(Shopify products.json),2026-06-15,overseas,2026-06_hk_whisky_poc.csv,matched,
w012,맥캘란 12년 더블캐스크,ザ マッカラン 12年 シングルモルト シェリーオーク 40% 700ml 箱なし スコッチ ウイスキー,700,False,285541,JP,SAKE People(Shopify products.json),2026-06-15,overseas,2026-06_jp_shopify_poc.csv,matched,
w012,맥캘란 12년 더블캐스크,"Macallan - Double Cask, 12y, 2025 release, 40%",,False,287820,HK,Caskells(Shopify products.json),2026-06-15,overseas,2026-06_hk_whisky_poc.csv,matched,
w013,글렌그란트 12년,글렌그란트 12년,,False,57000,KR-DS,트레이더스,2026-06-16,dailyshot,2026-06_dailyshot.csv,matched,
w013,글렌그란트 12년,더 글랜 그란트 12년 700ml,700,False,59400,KR,트레이더스,2026-05-27,youtube_martweb,2026-05.csv,matched,
w013,글렌그란트 12년,더 글랜 그란트 12년 700ml,700,False,59400,KR,트레이더스,2026-05-19,youtube_martweb,2026-05.csv,matched,
w013,글렌그란트 12년,글랜란트 12년,,False,59400,KR,트레이더스,2026-06-01,youtube_martweb,2026-06.csv,matched,
w013,글렌그란트 12년,더 글렌 그란트 12년,700,False,59400,KR,트레이더스,2026-05-27,youtube_martweb,2026-05_whiskeypick_traders_guwol.csv,matched,
w013,글렌그란트 12년,글렌그란트 12년,,False,59800,KR,트레이더스,2026-04-03,youtube_martweb,2026-04.csv,matched,
w013,글렌그란트 12년,글랜그란트 12년 700ml,700,False,59800,KR,트레이더스,2026-04-01,youtube_martweb,2026-04.csv,matched,
w013,글렌그란트 12년,더 글랜 그란트 12년 700ml,700,False,69800,KR,트레이더스,2026-04-19,youtube_martweb,2026-04.csv,matched,
w013,글렌그란트 12년,더 글랜 그란트 12년 700ml,700,False,69800,KR,트레이더스,2026-04-14,youtube_martweb,2026-04.csv,matched,
w013,글렌그란트 12년,더 글랜 그란트 12년 700ml,700,False,69800,KR,트레이더스,2026-05-13,youtube_martweb,2026-05.csv,matched,
w013,글렌그란트 12년,글렌그란트 12년 700ml,700,False,69800,KR,트레이더스,2026-05-04,youtube_martweb,2026-05.csv,matched,
w013,글렌그란트 12년,글랜그란트 12년 700ml,700,False,109900,KR,롯데마트,2026-04-23,youtube_martweb,2026-04.csv,matched,
w013,글렌그란트 12년,Glen Grant 12 Year Old Oloroso Sherry Casks,,False,185556,HK,TheRareMalt(Shopify products.json),2026-06-15,overseas,2026-06_hk_whisky_poc.csv,matched,
w014,글렌그란트 15년,글랜란트 15년,,False,89400,KR,트레이더스,2026-06-01,youtube_martweb,2026-06.csv,matched,
w014,글렌그란트 15년,글렌그란트 15년,,False,95000,KR-DS,트레이더스,2026-06-16,dailyshot,2026-06_dailyshot.csv,matched,
w014,글렌그란트 15년,글렌그란트 15년,,False,97800,KR,트레이더스,2026-04-03,youtube_martweb,2026-04.csv,matched,
w014,글렌그란트 15년,더 글렌그란트 15년 700ml,700,False,149800,KR,이마트,2026-06-16,youtube_martweb,2026-06.csv,matched,
w014,글렌그란트 15년,글랜그란트 15년 700ml,700,False,155500,KR,롯데마트,2026-04-23,youtube_martweb,2026-04.csv,matched,
w014,글렌그란트 15년,ザ グレングラント 15年 50% 700ml 箱付 シングルモルト スコッチ ウイスキー,700,False,205663,JP,SAKE People(Shopify products.json),2026-06-15,overseas,2026-06_jp_shopify_poc.csv,matched,
w015,글렌그란트 익스플로레이션 No.1,더 글랜 그란트 익스플로레이션 넘버원 700ml,700,False,79800,KR,트레이더스,2026-05-13,youtube_martweb,2026-05.csv,matched,
w015,글렌그란트 익스플로레이션 No.1,더 글랜 그란트 익스플로레이션 넘버 1 700ml,700,False,99800,KR,트레이더스,2026-05-27,youtube_martweb,2026-05.csv,matched,
w015,글렌그란트 익스플로레이션 No.1,더 글렌 그란트 익스플로레이션 넘버 1,700,False,99800,KR,트레이더스,2026-05-27,youtube_martweb,2026-05_whiskeypick_traders_guwol.csv,matched,
w016,탐두 15년,탐두 15년 700ml,700,False,169800,KR,트레이더스,2026-05-27,youtube_martweb,2026-05.csv,matched,
w016,탐두 15년,탐두 15년,,False,169800,KR,트레이더스,2026-06-01,youtube_martweb,2026-06.csv,matched,
w016,탐두 15년,탐두 15년,700,False,169800,KR,트레이더스,2026-05-27,youtube_martweb,2026-05_whiskeypick_traders_guwol.csv,matched,
w016,탐두 15년,탐두 15년,,False,195000,KR-DS,트레이더스,2026-06-16,dailyshot,2026-06_dailyshot.csv,matched,
w016,탐두 15년,Tamdhu 15 Year Old,,False,350496,HK,TheRareMalt(Shopify products.json),2026-06-15,overseas,2026-06_hk_whisky_poc.csv,matched,
w016,탐두 15년,"Tamdhu - Speyside Single Malt Scotch Whisky, Aged 15 Years, 46%",,False,474202,HK,Caskells(Shopify products.json),2026-06-15,overseas,2026-06_hk_whisky_poc.csv,matched,
w017,벤리악 10년,벤 10년,,False,49940,KR,트레이더스,2026-06-01,youtube_martweb,2026-06.csv,matched,
w017,벤리악 10년,벤니학 10년,700,False,49940,KR,트레이더스,2026-05-27,youtube_martweb,2026-05_whiskeypick_traders_guwol.csv,matched,
w017,벤리악 10년,ベンリアック 10年 43% 700ml 箱付 シングルモルト スコッチ ウイスキー,700,False,135026,JP,SAKE People(Shopify products.json),2026-06-15,overseas,2026-06_jp_shopify_poc.csv,matched,
w017,벤리악 10년,【世界五大ウイスキー】ベンリアック 10年 シングルモルト《瓶　700ml×1本》,700,False,143206,JP,酒庫住田屋(sumidaya)(Shopify products.json),2026-06-15,overseas,2026-06_jp_shopify_poc.csv,matched,
w017,벤리악 10년,ベンリアック 10年 スモーキー 46% 700ml 箱付 シングルモルト スコッチ ウイスキー,700,False,148529,JP,SAKE People(Shopify products.json),2026-06-15,overseas,2026-06_jp_shopify_poc.csv,matched,
w018,글렌드로낙 12년,글렌드로낙 12년,,False,73000,KR-DS,트레이더스,2026-06-16,dailyshot,2026-06_dailyshot.csv,matched,
w018,글렌드로낙 12년,글렌드로낙 12년,,False,79800,KR,트레이더스,2026-04-13,youtube_martweb,2026-04.csv,matched,
w018,글렌드로낙 12년,글랜드로나 12년 700ml,700,False,79800,KR,트레이더스,2026-04-19,youtube_martweb,2026-04.csv,matched,
w018,글렌드로낙 12년,글랜드로나 12년 700ml,700,False,79800,KR,트레이더스,2026-04-14,youtube_martweb,2026-04.csv,matched,
w018,글렌드로낙 12년,글랜드로나 12년 700ml,700,False,79800,KR,트레이더스,2026-04-01,youtube_martweb,2026-04.csv,matched,
w018,글렌드로낙 12년,글렌드로낙 12년,,False,82800,KR,트레이더스,2026-04-03,youtube_martweb,2026-04.csv,matched,
w018,글렌드로낙 12년,글랜드로 12년 700ml,700,False,87800,KR,롯데마트,2026-04-23,youtube_martweb,2026-04.csv,matched,
w018,글렌드로낙 12년,글랜드로 오드투더 밸리 700ml,700,False,89400,KR,트레이더스,2026-05-27,youtube_martweb,2026-05.csv,matched,
w018,글렌드로낙 12년,글랜드로 오드트 더더밸리,,False,89400,KR,트레이더스,2026-06-01,youtube_martweb,2026-06.csv,matched,
w018,글렌드로낙 12년,글랜드로 오드 to투더 엠버스 700ml,700,False,99400,KR,트레이더스,2026-05-27,youtube_martweb,2026-05.csv,matched,
w018,글렌드로낙 12년,グレンドロナック 12年,,False,158184,JP,酒類ドットコム(syurui)(Shopify products.json),2026-06-15,overseas,2026-06_jp_shopify_poc.csv,matched,
w018,글렌드로낙 12년,글랜드로 오드투더 다크 700ml,700,False,159800,KR,트레이더스,2026-05-27,youtube_martweb,2026-05.csv,matched,
w018,글렌드로낙 12년,ザ グレンドロナック 12年 43% 700ml 箱付 シングルモルト スコッチ ウイスキー,700,False,200846,JP,SAKE People(Shopify products.json),2026-06-15,overseas,2026-06_jp_shopify_poc.csv,matched,
w018,글렌드로낙 12년,GlenDronach Original 12 Years Old Single Malt Scotch Whisky,,False,202050,HK,Mizunara(Shopify products.json),2026-06-15,overseas,2026-06_hk_whisky_poc.csv,matched,
w018,글렌드로낙 12년,"GlenDronach - 12y, Original, 43%",,False,226792,HK,Caskells(Shopify products.json),2026-06-15,overseas,2026-06_hk_whisky_poc.csv,matched,
w019,오반 14년,오반 14년 700ml,700,False,89400,KR,트레이더스,2026-04-19,youtube_martweb,2026-04.csv,matched,
w019,오반 14년,오반 14년 700ml,700,False,89400,KR,트레이더스,2026-04-14,youtube_martweb,2026-04.csv,matched,
w019,오반 14년,오반 14년,,False,99800,KR,트레이더스,2026-04-03,youtube_martweb,2026-04.csv,matched,
w019,오반 14년,오반 14년,,False,105000,KR-DS,트레이더스,2026-06-16,dailyshot,2026-06_dailyshot.csv,matched,
w019,오반 14년,오반 싱글 몰트 14년 700ml,700,False,119800,KR,롯데마트,2026-04-23,youtube_martweb,2026-04.csv,matched,
w019,오반 14년,Oban 14 Year Old,,False,226792,HK,TheRareMalt(Shopify products.json),2026-06-15,overseas,2026-06_hk_whisky_poc.csv,matched,
w019,오반 14년,Oban 14 Years Old Highland Single Malt Scotch Whisky,,False,243286,HK,Mizunara(Shopify products.json),2026-06-15,overseas,2026-06_hk_whisky_poc.csv,matched,
w020,글렌모렌지 12년,글렌모렌지 D 오리지널 12년,,False,66000,KR-DS,코스트코,2026-06-14,dailyshot,2026-06_dailyshot.csv,matched,
w020,글렌모렌지 12년,글렌모렌지 12년,,False,69800,KR,트레이더스,2026-04-13,youtube_martweb,2026-04.csv,matched,
w020,글렌모렌지 12년,글렌모렌지 12년,,False,74800,KR-DS,트레이더스,2026-06-16,dailyshot,2026-06_dailyshot.csv,matched,
w020,글렌모렌지 12년,글렌모렌지 D 오리지널 12년 700ml,700,False,79900,KR,코스트코,2026-03-24,youtube_martweb,2026-03.csv,matched,
w020,글렌모렌지 12년,글램 모렌지 D 오리지널 12년 700ml,700,False,79900,KR,코스트코,2026-03-16,youtube_martweb,2026-03.csv,matched,
w020,글렌모렌지 12년,글렌모렌지 D 오리지널 12년 700ml,700,False,79900,KR,코스트코,2026-04-25,youtube_martweb,2026-04.csv,matched,
w020,글렌모렌지 12년,글렌모렌지 D 오리지널 12년 700ml,700,False,79900,KR,코스트코,2026-04-14,youtube_martweb,2026-04.csv,matched,
w020,글렌모렌지 12년,글렌모렌지 D 오리지널 12년 700ml,700,False,79900,KR,코스트코,2026-05-15,youtube_martweb,2026-05.csv,matched,
w020,글렌모렌지 12년,グレンモーレンジィ オリジナル 12年,,False,108385,JP,酒類ドットコム(syurui)(Shopify products.json),2026-06-15,overseas,2026-06_jp_shopify_poc.csv,matched,
w020,글렌모렌지 12년,グレンモーレンジィ アコード 12年,,False,193611,JP,酒類ドットコム(syurui)(Shopify products.json),2026-06-15,overseas,2026-06_jp_shopify_poc.csv,matched,
w021,글렌모렌지 15년,글렌모렌지 15년,,False,97000,KR-DS,트레이더스,2026-06-16,dailyshot,2026-06_dailyshot.csv,matched,
w021,글렌모렌지 15년,글렌모렌지 15년,,False,97800,KR,트레이더스,2026-04-13,youtube_martweb,2026-04.csv,matched,
w021,글렌모렌지 15년,グレンモーレンジィ ラサンタ 15年 シェリーカスク,,False,189714,JP,酒類ドットコム(syurui)(Shopify products.json),2026-06-15,overseas,2026-06_jp_shopify_poc.csv,matched,
w022,글렌모렌지 익스플로전 No.1,글렌모렌지 익스플로전 #1,,False,99800,KR,트레이더스,2026-04-13,youtube_martweb,2026-04.csv,matched,
w023,달모어 12년,달모어 12년,,False,99000,KR-DS,트레이더스,2026-06-16,dailyshot,2026-06_dailyshot.csv,matched,
w023,달모어 12년,달모어 12년 700ml,700,False,99800,KR,트레이더스,2026-05-27,youtube_martweb,2026-05.csv,matched,
w023,달모어 12년,달모어 12년 700ml,700,False,99800,KR,트레이더스,2026-05-19,youtube_martweb,2026-05.csv,matched,
w023,달모어 12년,달모어 12년,,False,99800,KR,트레이더스,2026-06-01,youtube_martweb,2026-06.csv,matched,
w023,달모어 12년,달모어 12년 700ml,700,False,99800,KR,트레이더스,2026-06-08,youtube_ocr,2026-06_youtube_ocr.csv,matched,
w023,달모어 12년,달모어 12년,700,False,99800,KR,트레이더스,2026-05-27,youtube_martweb,2026-05_whiskeypick_traders_guwol.csv,matched,
w023,달모어 12년,"Dalmore - 12y, 40%",,False,268027,HK,Caskells(Shopify products.json),2026-06-15,overseas,2026-06_hk_whisky_poc.csv,matched,
w024,달모어 2005 빈티지,달모어 2005 빈티지,,False,670800,KR,트레이더스,2026-04-13,youtube_martweb,2026-04.csv,matched,
w024,달모어 2005 빈티지,달모어 2005 빈티지 700ml,700,False,678000,KR,트레이더스,2026-06-08,youtube_ocr,2026-06_youtube_ocr.csv,matched,
w024,달모어 2005 빈티지,달모어 2005 빈티지,,False,780000,KR-DS,트레이더스,2026-06-16,dailyshot,2026-06_dailyshot.csv,matched,
w025,클라이넬리시 14년,클라이넬리시 14년,,False,79400,KR,트레이더스,2026-04-13,youtube_martweb,2026-04.csv,matched,
w025,클라이넬리시 14년,클라인엘리시 14년,,False,84800,KR,트레이더스,2026-06-01,youtube_martweb,2026-06.csv,matched,
w025,클라이넬리시 14년,클라이넬리시 14년,700,False,84800,KR,트레이더스,2026-05-27,youtube_martweb,2026-05_whiskeypick_traders_guwol.csv,matched,
w025,클라이넬리시 14년,クライヌリッシュ 14年,,False,164330,JP,酒類ドットコム(syurui)(Shopify products.json),2026-06-15,overseas,2026-06_jp_shopify_poc.csv,matched,
w025,클라이넬리시 14년,クライヌリッシュ 14年 箱入り [ ウイスキー イギリス 700ml ],700,False,201766,JP,酒庫住田屋(sumidaya)(Shopify products.json),2026-06-15,overseas,2026-06_jp_shopify_poc.csv,matched,
w025,클라이넬리시 14년,Clynelish 14 Year Old,,False,202050,HK,TheRareMalt(Shopify products.json),2026-06-15,overseas,2026-06_hk_whisky_poc.csv,matched,
w025,클라이넬리시 14년,Clynelish 14 Years Old Highland Single Malt Scotch Whisky,,False,243286,HK,Mizunara(Shopify products.json),2026-06-15,overseas,2026-06_hk_whisky_poc.csv,matched,
w026,로얄 브라클라 12년,로얄 브라클라 12년 700ml,700,False,82900,KR,코스트코,2026-03-01,youtube_martweb,2026-03.csv,matched,
w026,로얄 브라클라 12년,로얄 브라클라 12년 700ml,700,False,82900,KR,코스트코,2026-03-24,youtube_martweb,2026-03.csv,matched,
w026,로얄 브라클라 12년,브라클라 12년 700ml,700,False,82900,KR,코스트코,2026-03-16,youtube_martweb,2026-03.csv,matched,
w026,로얄 브라클라 12년,로얄 브라클라 12년 700ml,700,False,82900,KR,코스트코,2026-03-06,youtube_martweb,2026-03.csv,matched,
w026,로얄 브라클라 12년,로얄 브라클라 12년 700ml,700,False,82900,KR,코스트코,2026-04-25,youtube_martweb,2026-04.csv,matched,
w026,로얄 브라클라 12년,로얄 브라클라 12년 700ml,700,False,82900,KR,코스트코,2026-04-14,youtube_martweb,2026-04.csv,matched,
w026,로얄 브라클라 12년,로얄 브라클라 12년 700ml,700,False,82900,KR,코스트코,2026-04-09,youtube_martweb,2026-04.csv,matched,
w026,로얄 브라클라 12년,로얄 브라클라 12년 700ml,700,False,82900,KR,코스트코,2026-05-15,youtube_martweb,2026-05.csv,matched,
w026,로얄 브라클라 12년,로얄 브라클라 12년 700ml,700,False,82900,KR,코스트코,2026-05-05,youtube_martweb,2026-05.csv,matched,
w026,로얄 브라클라 12년,로얄 브라클라 12년,,False,85000,KR-DS,코스트코 / 트레이더스,2026-06-16,dailyshot,2026-06_dailyshot.csv,matched,
w026,로얄 브라클라 12년,브라클라 12년,,False,85000,KR-DS,코스트코,2026-06-16,dailyshot,2026-06_dailyshot.csv,matched,
w026,로얄 브라클라 12년,로얄 브라클라 12년,,False,89800,KR,트레이더스,2026-04-13,youtube_martweb,2026-04.csv,matched,
w026,로얄 브라클라 12년,로얄 브라클라 12년 700ml,700,False,89800,KR,트레이더스,2026-04-14,youtube_martweb,2026-04.csv,matched,
w026,로얄 브라클라 12년,로얄 브라클라 12년 700ml,700,False,128500,KR,롯데마트,2026-04-23,youtube_martweb,2026-04.csv,matched,
w026,로얄 브라클라 12년,"Royal Brackla - 12y, 46%, Sherry Cask Finish",,False,243286,HK,Caskells(Shopify products.json),2026-06-15,overseas,2026-06_hk_whisky_poc.csv,matched,
w027,에버펠디 16년,에버펠 16년 700ml,700,False,75800,KR,트레이더스,2026-04-19,youtube_martweb,2026-04.csv,matched,
w027,에버펠디 16년,에버펠 16년 700ml,700,False,75800,KR,트레이더스,2026-04-14,youtube_martweb,2026-04.csv,matched,
w027,에버펠디 16년,에버펠 16년 700ml,700,False,75800,KR,트레이더스,2026-04-01,youtube_martweb,2026-04.csv,matched,
w027,에버펠디 16년,에버펠 16년 700ml,700,False,75800,KR,트레이더스,2026-05-27,youtube_martweb,2026-05.csv,matched,
w027,에버펠디 16년,에버펠 16년 700ml,700,False,75800,KR,트레이더스,2026-05-19,youtube_martweb,2026-05.csv,matched,
w027,에버펠디 16년,에버펠 16년 700ml,700,False,75800,KR,트레이더스,2026-05-13,youtube_martweb,2026-05.csv,matched,
w027,에버펠디 16년,에버펠 16년 700ml,700,False,75800,KR,트레이더스,2026-05-04,youtube_martweb,2026-05.csv,matched,
w027,에버펠디 16년,에버펠디 16년 700ml,700,False,75800,KR,트레이더스,2026-04-07,youtube_ocr,2026-04_youtube_ocr.csv,matched,
w027,에버펠디 16년,에버펠 16년,700,False,75800,KR,트레이더스,2026-05-27,youtube_martweb,2026-05_whiskeypick_traders_guwol.csv,matched,
w027,에버펠디 16년,에버펠 16년,,False,95437,KR-DS,트레이더스,2026-06-13,dailyshot,2026-06_dailyshot.csv,matched,
w028,글렌고인 캐스크 스트렝스 배치171,글랜고인 CS 배치 11,,False,149800,KR,트레이더스,2026-06-01,youtube_martweb,2026-06.csv,matched,
w028,글렌고인 캐스크 스트렝스 배치171,블렌고인 CS 171,700,False,149800,KR,트레이더스,2026-05-27,youtube_martweb,2026-05_whiskeypick_traders_guwol.csv,matched,
w029,글렌글라사 샌드엔드,글렌라사 샌드엔드,700,False,79800,KR,트레이더스,2026-05-27,youtube_martweb,2026-05_whiskeypick_traders_guwol.csv,matched,
w030,글렌글라사 포트소이,글렌라사 포트소이,700,False,89800,KR,트레이더스,2026-05-27,youtube_martweb,2026-05_whiskeypick_traders_guwol.csv,matched,
w030,글렌글라사 포트소이,글렌글라사 포트소이 700ml,700,False,109800,KR,트레이더스,2026-06-09,youtube_ocr,2026-06_youtube_ocr.csv,matched,
w031,아란 셰리 캐스크,아란 셰리 캐스크,,False,99800,KR,트레이더스,2026-04-13,youtube_martweb,2026-04.csv,matched,
w031,아란 셰리 캐스크,아란쉐리 캐스크 700ml,700,False,99800,KR,트레이더스,2026-05-27,youtube_martweb,2026-05.csv,matched,
w031,아란 셰리 캐스크,아란쉐리 캐스크 700ml,700,False,99800,KR,트레이더스,2026-05-13,youtube_martweb,2026-05.csv,matched,
w031,아란 셰리 캐스크,아란 쉐리케스크 700ml,700,False,99800,KR,트레이더스,2026-05-04,youtube_martweb,2026-05.csv,matched,
w031,아란 셰리 캐스크,아란 쉐리케스크,,False,99800,KR,트레이더스,2026-06-01,youtube_martweb,2026-06.csv,matched,
w031,아란 셰리 캐스크,아란쉐리 캐스크,700,False,99800,KR,트레이더스,2026-05-27,youtube_martweb,2026-05_whiskeypick_traders_guwol.csv,matched,
w031,아란 셰리 캐스크,아란 셰리 캐스크,700,False,100000,KR-DS,트레이더스,2026-06-16,dailyshot,2026-06_dailyshot.csv,matched,
w032,탈리스커 10년,탈리스커 10년,,False,66800,KR-DS,트레이더스,2026-06-16,dailyshot,2026-06_dailyshot.csv,matched,
w032,탈리스커 10년,탈리스커 10년 700ml,700,False,67800,KR,트레이더스,2026-04-01,youtube_martweb,2026-04.csv,matched,
w032,탈리스커 10년,탈리스커 10년,,False,69800,KR,트레이더스,2026-04-13,youtube_martweb,2026-04.csv,matched,
w032,탈리스커 10년,탈리스커 10년 700ml,700,False,69800,KR,트레이더스,2026-04-19,youtube_martweb,2026-04.csv,matched,
w032,탈리스커 10년,탈리스커 10년 700ml,700,False,69800,KR,트레이더스,2026-04-14,youtube_martweb,2026-04.csv,matched,
w032,탈리스커 10년,탈리스커 10년 700ml,700,False,69800,KR,트레이더스,2026-05-27,youtube_martweb,2026-05.csv,matched,
w032,탈리스커 10년,탈리스커 10년 700ml,700,False,69800,KR,트레이더스,2026-05-19,youtube_martweb,2026-05.csv,matched,
w032,탈리스커 10년,탈리스커 10년 700ml,700,False,69800,KR,트레이더스,2026-05-13,youtube_martweb,2026-05.csv,matched,
w032,탈리스커 10년,탈리스커 10년,700,False,69800,KR,트레이더스,2026-05-27,youtube_martweb,2026-05_whiskeypick_traders_guwol.csv,matched,
w032,탈리스커 10년,탈리스커 10년 700ml,700,False,74800,KR,롯데마트,2026-04-23,youtube_martweb,2026-04.csv,matched,
w032,탈리스커 10년,タリスカー 10年 シングルモルト スコッチ ウイスキー｜スカイ島を代表するクラシックモルト,,False,139746,JP,酒庫住田屋(sumidaya)(Shopify products.json),2026-06-15,overseas,2026-06_jp_shopify_poc.csv,matched,
w032,탈리스커 10년,タリスカー 10年 45.8% 正規品 700ml 箱付 スコッチ ウイスキー 新ラベル,700,False,144706,JP,SAKE People(Shopify products.json),2026-06-15,overseas,2026-06_jp_shopify_poc.csv,matched,
w032,탈리스커 10년,Talisker 10 Year Old,,False,156692,HK,TheRareMalt(Shopify products.json),2026-06-15,overseas,2026-06_hk_whisky_poc.csv,matched,
w033,탈리스커 9년,탈리스커 9년,,False,25980,KR,트레이더스,2026-04-13,youtube_martweb,2026-04.csv,matched,
w034,탈리스커 와일더 시즈,탈리스커 와일더시 700ml,700,False,137900,KR,롯데마트,2026-04-23,youtube_martweb,2026-04.csv,matched,
w035,라프로익 10년,라프로익 10년 750ml,750,False,69800,KR,이마트,2026-03-11,youtube_martweb,2026-03.csv,matched,
w035,라프로익 10년,라프로익 10년 750ml,750,False,69800,KR,트레이더스,2026-04-19,youtube_martweb,2026-04.csv,matched,
w035,라프로익 10년,라프로익 10년 750ml,750,False,69800,KR,트레이더스,2026-04-14,youtube_martweb,2026-04.csv,matched,
w035,라프로익 10년,라프로익 10년 750ml,750,False,69800,KR,트레이더스,2026-04-01,youtube_martweb,2026-04.csv,matched,
w035,라프로익 10년,라프로익 10년 750mml,,False,69800,KR,트레이더스,2026-05-27,youtube_martweb,2026-05.csv,matched,
w035,라프로익 10년,라프로익 10년 750mml,,False,69800,KR,트레이더스,2026-05-19,youtube_martweb,2026-05.csv,matched,
w035,라프로익 10년,라프로잇 10년 750mml,,False,69800,KR,트레이더스,2026-05-13,youtube_martweb,2026-05.csv,matched,
w035,라프로익 10년,라프로익 10년 750ml,750,False,69800,KR,트레이더스,2026-05-04,youtube_martweb,2026-05.csv,matched,
w035,라프로익 10년,라프로익 10년,750,False,69800,KR,트레이더스,2026-05-27,youtube_martweb,2026-05_whiskeypick_traders_guwol.csv,matched,
w035,라프로익 10년,라프로익 10년,700,False,74000,KR-DS,이마트 / 트레이더스,2026-06-16,dailyshot,2026-06_dailyshot.csv,matched,
w035,라프로익 10년,ラフロイグ 10年 40% 700ml 箱付 シングルモルト スコッチ ウイスキー 並行品,700,False,146401,JP,SAKE People(Shopify products.json),2026-06-15,overseas,2026-06_jp_shopify_poc.csv,matched,
w035,라프로익 10년,Laphroaig 10 Year Old,,False,160817,HK,TheRareMalt(Shopify products.json),2026-06-15,overseas,2026-06_hk_whisky_poc.csv,matched,
w035,라프로익 10년,【世界五大ウイスキー】 ラフロイグ10年　43度　 正規品 《スコッチウイスキー｜瓶 750ml×1本》,750,False,177811,JP,酒庫住田屋(sumidaya)(Shopify products.json),2026-06-15,overseas,2026-06_jp_shopify_poc.csv,matched,
w035,라프로익 10년,"Laphroaig 10 Years Old Scotch Single Malt Whisky (700ml, 40%)",700,False,202050,HK,Mizunara(Shopify products.json),2026-06-15,overseas,2026-06_hk_whisky_poc.csv,matched,
w036,라가불린 11년 오퍼맨 스위트피트,라가불린 11년 스위트 피트,,False,89000,KR-DS,트레이더스,2026-06-16,dailyshot,2026-06_dailyshot.csv,matched,
w036,라가불린 11년 오퍼맨 스위트피트,라가불린 11년 스위트 피트,,False,89800,KR,트레이더스,2026-04-13,youtube_martweb,2026-04.csv,matched,
w036,라가불린 11년 오퍼맨 스위트피트,라가불린 11년 오퍼맨 스위트피트 700ml,700,False,89800,KR,트레이더스,2026-05-20,youtube_ocr,2026-05_youtube_ocr.csv,matched,
w036,라가불린 11년 오퍼맨 스위트피트,라가불린 11년 스위트피트,700,False,89800,KR,트레이더스,2026-05-27,youtube_martweb,2026-05_whiskeypick_traders_guwol.csv,matched,
w036,라가불린 11년 오퍼맨 스위트피트,라가불린 8년 700ml,700,False,99800,KR,트레이더스,2026-06-01,youtube_martweb,2026-06.csv,matched,
w037,오큰토션 10년,오큰토션 10년,,False,74800,KR,트레이더스,2026-04-13,youtube_martweb,2026-04.csv,matched,
w038,글렌킨치 12년,글렌킨치 12년,700,False,59800,KR,트레이더스,2026-05-27,youtube_martweb,2026-05_whiskeypick_traders_guwol.csv,matched,
w039,스트라스클라이드 1990 31년 (옥타브),옥타브 스트레스 클라이드 1990 31년,700,False,69800,KR,트레이더스,2026-05-27,youtube_martweb,2026-05_whiskeypick_traders_guwol.csv,matched,
w040,뱅크홀 싱글몰트,뱅크홀 싱글트 위스키 700ml,700,False,29940,KR,트레이더스,2026-05-27,youtube_martweb,2026-05.csv,matched,
w040,뱅크홀 싱글몰트,뱅크홀 싱글트 위스키 700ml,700,False,29940,KR,트레이더스,2026-05-19,youtube_martweb,2026-05.csv,matched,
w040,뱅크홀 싱글몰트,뱅크홀 싱글 몰트 위스키 700ml,700,False,29940,KR,트레이더스,2026-05-13,youtube_martweb,2026-05.csv,matched,
w040,뱅크홀 싱글몰트,뱅크홀 싱글트 위스키 700ml,700,False,29940,KR,트레이더스,2026-05-04,youtube_martweb,2026-05.csv,matched,
w040,뱅크홀 싱글몰트,뱅크홀,,False,29940,KR,트레이더스,2026-06-01,youtube_martweb,2026-06.csv,matched,
w040,뱅크홀 싱글몰트,뱅크홀 싱글몰트 위스키,700,False,29940,KR,트레이더스,2026-05-27,youtube_martweb,2026-05_whiskeypick_traders_guwol.csv,matched,
w040,뱅크홀 싱글몰트,뱅크홀 싱글몰트,,False,37980,KR,트레이더스,2026-04-13,youtube_martweb,2026-04.csv,matched,
w040,뱅크홀 싱글몰트,뱅콜 싱글트 위스키 700ml,700,False,37980,KR,트레이더스,2026-04-19,youtube_martweb,2026-04.csv,matched,
w040,뱅크홀 싱글몰트,뱅크홀 싱글 몰트 위스키 700ml,700,False,37980,KR,트레이더스,2026-04-14,youtube_martweb,2026-04.csv,matched,
w040,뱅크홀 싱글몰트,뱅크홀 싱글 모트 위스키 700ml,700,False,37980,KR,트레이더스,2026-04-01,youtube_martweb,2026-04.csv,matched,
w041,몽키숄더,몽키 숄더,,False,42290,KR,코스트코,2026-03-06,youtube_martweb,2026-03.csv,matched,
w041,몽키숄더,몽키 숄더 700ml,700,False,42290,KR,코스트코,2026-04-25,youtube_martweb,2026-04.csv,matched,
w041,몽키숄더,몽키 숄더 700ml,700,False,42290,KR,코스트코,2026-04-14,youtube_martweb,2026-04.csv,matched,
w041,몽키숄더,몽키 숄더 700ml,700,False,42290,KR,코스트코,2026-04-09,youtube_martweb,2026-04.csv,matched,
w041,몽키숄더,몽키 숄더 700ml,700,False,42290,KR,코스트코,2026-05-05,youtube_martweb,2026-05.csv,matched,
w041,몽키숄더,몽키숄더,,False,44000,KR-DS,코스트코 / 트레이더스,2026-06-16,dailyshot,2026-06_dailyshot.csv,matched,
w041,몽키숄더,몽키숄더,,False,44980,KR,트레이더스,2026-04-13,youtube_martweb,2026-04.csv,matched,
w041,몽키숄더,몽키 숄더 700ml,700,False,44980,KR,롯데마트,2026-04-23,youtube_martweb,2026-04.csv,matched,
w041,몽키숄더,몽키 숄더 700ml,700,False,44980,KR,트레이더스,2026-04-19,youtube_martweb,2026-04.csv,matched,
w041,몽키숄더,몽키 숄더 700ml,700,False,44980,KR,트레이더스,2026-04-14,youtube_martweb,2026-04.csv,matched,
w041,몽키숄더,몽키 숄더 700ml,700,False,44980,KR,트레이더스,2026-04-01,youtube_martweb,2026-04.csv,matched,
w041,몽키숄더,몽키 숄더 700ml,700,False,49790,KR,코스트코,2026-03-24,youtube_martweb,2026-03.csv,matched,
w041,몽키숄더,몽키 숄더 700ml,700,False,49790,KR,코스트코,2026-03-16,youtube_martweb,2026-03.csv,matched,
w041,몽키숄더,몽키 숄더 700ml,700,False,49790,KR,코스트코,2026-05-15,youtube_martweb,2026-05.csv,matched,
w041,몽키숄더,몽키 숄더 700ml,700,False,49980,KR,트레이더스,2026-05-27,youtube_martweb,2026-05.csv,matched,
w041,몽키숄더,몽키 숄더 700ml,700,False,49980,KR,트레이더스,2026-05-19,youtube_martweb,2026-05.csv,matched,
w041,몽키숄더,몽키 숄더 700ml,700,False,49980,KR,트레이더스,2026-05-13,youtube_martweb,2026-05.csv,matched,
w041,몽키숄더,몽키 숄더 700ml,700,False,49980,KR,트레이더스,2026-05-04,youtube_martweb,2026-05.csv,matched,
w041,몽키숄더,몽키 숄더,,False,49980,KR,트레이더스,2026-06-01,youtube_martweb,2026-06.csv,matched,
w041,몽키숄더,몽키 숄더,700,False,49980,KR,트레이더스,2026-05-27,youtube_martweb,2026-05_whiskeypick_traders_guwol.csv,matched,
w041,몽키숄더,몽키숄더,,False,50000,KR,트레이더스,2026-04-03,youtube_martweb,2026-04.csv,matched,
w042,조니워커 그린라벨 15년,조니워커 그린 700ml,700,False,65900,KR,코스트코,2026-04-25,youtube_martweb,2026-04.csv,matched,
w042,조니워커 그린라벨 15년,조니워커 그린 700ml,700,False,65900,KR,코스트코,2026-04-14,youtube_martweb,2026-04.csv,matched,
w042,조니워커 그린라벨 15년,조니워커 그린 700ml,700,False,66900,KR,코스트코,2026-03-24,youtube_martweb,2026-03.csv,matched,
w042,조니워커 그린라벨 15년,조니워커 그린납,,False,69800,KR,트레이더스,2026-05-27,youtube_martweb,2026-05.csv,matched,
w042,조니워커 그린라벨 15년,조니어 그린,,False,69800,KR,트레이더스,2026-06-01,youtube_martweb,2026-06.csv,matched,
w042,조니워커 그린라벨 15년,조니워커 그린,,False,69800,KR,트레이더스,2026-05-27,youtube_martweb,2026-05_whiskeypick_traders_guwol.csv,matched,
w042,조니워커 그린라벨 15년,조니워커 그린 700ml,700,False,69900,KR,코스트코,2026-05-15,youtube_martweb,2026-05.csv,matched,
w042,조니워커 그린라벨 15년,조니워커 그린 700ml,700,False,69900,KR,코스트코,2026-05-05,youtube_martweb,2026-05.csv,matched,
w042,조니워커 그린라벨 15년,조니워커 그린,700,False,70000,KR-DS,코스트코 / 트레이더스,2026-06-16,dailyshot,2026-06_dailyshot.csv,matched,
w042,조니워커 그린라벨 15년,조니워커 그린 15년,700,False,70000,KR-DS,트레이더스,2026-06-16,dailyshot,2026-06_dailyshot.csv,matched,
w042,조니워커 그린라벨 15년,조니워커 그린 15년,,False,74800,KR,트레이더스,2026-04-03,youtube_martweb,2026-04.csv,matched,
w042,조니워커 그린라벨 15년,조니워커 그린,,False,74800,KR,트레이더스,2026-04-13,youtube_martweb,2026-04.csv,matched,
w042,조니워커 그린라벨 15년,조니워커 그린납L,,False,74800,KR,트레이더스,2026-04-19,youtube_martweb,2026-04.csv,matched,
w042,조니워커 그린라벨 15년,조니워커 그린라벨 700ml,700,False,74800,KR,트레이더스,2026-04-14,youtube_martweb,2026-04.csv,matched,
w042,조니워커 그린라벨 15년,조니워커 그린에 700ml,700,False,74800,KR,트레이더스,2026-05-19,youtube_martweb,2026-05.csv,matched,
w042,조니워커 그린라벨 15년,조니워커 그인라 700ml,700,False,74800,KR,트레이더스,2026-05-13,youtube_martweb,2026-05.csv,matched,
w042,조니워커 그린라벨 15년,ジョニーウォーカー グリーンラベル 15年 700ml 43%,700,False,120508,JP,酒庫住田屋(sumidaya)(Shopify products.json),2026-06-15,overseas,2026-06_jp_shopify_poc.csv,matched,
w043,발렌타인 파이니스트,발렌타인 파이니스트,700,False,25800,KR-DS,트레이더스,2026-06-16,dailyshot,2026-06_dailyshot.csv,matched,
w043,발렌타인 파이니스트,발렌타인 파이니스트,,False,28980,KR,트레이더스,2026-04-03,youtube_martweb,2026-04.csv,matched,
w043,발렌타인 파이니스트,발렌타인 파이니스트,,False,28980,KR,트레이더스,2026-04-13,youtube_martweb,2026-04.csv,matched,
w043,발렌타인 파이니스트,발렌타인 파이니스트 1L,1000,False,28980,KR,트레이더스,2026-04-19,youtube_martweb,2026-04.csv,matched,
w043,발렌타인 파이니스트,발렌타인 파이니스트 1L,1000,False,28980,KR,트레이더스,2026-05-04,youtube_martweb,2026-05.csv,matched,
w044,발렌타인 10년,발렌타인 10년 500ml,500,False,25800,KR,롯데마트,2026-04-23,youtube_martweb,2026-04.csv,matched,
w044,발렌타인 10년,발렌타인 10년 700ml,700,False,31980,KR,트레이더스,2026-04-01,youtube_martweb,2026-04.csv,matched,
w044,발렌타인 10년,발렌타인 10년 700ml,700,False,34800,KR,롯데마트,2026-04-23,youtube_martweb,2026-04.csv,matched,
w044,발렌타인 10년,발렌타인 10년,700,False,34800,KR-DS,트레이더스,2026-06-16,dailyshot,2026-06_dailyshot.csv,matched,
w044,발렌타인 10년,발렌타인 10년,,False,39980,KR,트레이더스,2026-04-13,youtube_martweb,2026-04.csv,matched,
w044,발렌타인 10년,발렌타인 10년 700ml,700,False,39980,KR,트레이더스,2026-04-19,youtube_martweb,2026-04.csv,matched,
w044,발렌타인 10년,발렌타인 10년 700ml,700,False,39980,KR,트레이더스,2026-05-27,youtube_martweb,2026-05.csv,matched,
w044,발렌타인 10년,발렌타인 10년 700ml,700,False,39980,KR,트레이더스,2026-05-19,youtube_martweb,2026-05.csv,matched,
w044,발렌타인 10년,발렌타인 10년 700ml,700,False,39980,KR,트레이더스,2026-05-13,youtube_martweb,2026-05.csv,matched,
w044,발렌타인 10년,발렌타인 10년 700ml,700,False,39980,KR,트레이더스,2026-05-04,youtube_martweb,2026-05.csv,matched,
w044,발렌타인 10년,발렌타인 10년,700,False,39980,KR,트레이더스,2026-05-27,youtube_martweb,2026-05_whiskeypick_traders_guwol.csv,matched,
w044,발렌타인 10년,バランタイン 10年,,False,63374,JP,酒類ドットコム(syurui)(Shopify products.json),2026-06-15,overseas,2026-06_jp_shopify_poc.csv,matched,
w045,발렌타인 12년,バランタイン 12年,,False,72595,JP,酒類ドットコム(syurui)(Shopify products.json),2026-06-15,overseas,2026-06_jp_shopify_poc.csv,matched,
w045,발렌타인 12년,발렌타인 싱글트 글램버기 12년 500ml,500,False,85900,KR,롯데마트,2026-04-23,youtube_martweb,2026-04.csv,matched,
w045,발렌타인 12년,新 バランタイン シングルモルト グレンバーギー 12年,,False,142455,JP,酒類ドットコム(syurui)(Shopify products.json),2026-06-15,overseas,2026-06_jp_shopify_poc.csv,matched,
w046,발렌타인 싱글몰트 15년,발렌타인 싱글몰트 15년,,False,87000,KR-DS,트레이더스,2026-06-16,dailyshot,2026-06_dailyshot.csv,matched,
w046,발렌타인 싱글몰트 15년,발렌타인 싱글몰트 15년,,False,94800,KR,트레이더스,2026-04-13,youtube_martweb,2026-04.csv,matched,
w046,발렌타인 싱글몰트 15년,발렌타인 싱글트 글램버기 15년 700ml,700,False,94800,KR,트레이더스,2026-04-19,youtube_martweb,2026-04.csv,matched,
w046,발렌타인 싱글몰트 15년,발렌타인 싱글트 글램버기 15년 700ml,700,False,94800,KR,트레이더스,2026-05-19,youtube_martweb,2026-05.csv,matched,
w046,발렌타인 싱글몰트 15년,발렌타인 싱글 몰트 글램버이 15년 700ml,700,False,132500,KR,롯데마트,2026-04-23,youtube_martweb,2026-04.csv,matched,
w046,발렌타인 싱글몰트 15년,新 バランタイン シングルモルト グレンバーギー 15年,,False,214858,JP,酒類ドットコム(syurui)(Shopify products.json),2026-06-15,overseas,2026-06_jp_shopify_poc.csv,matched,
w047,발렌타인 21년,발렌타인 21년,,False,167000,KR-DS,코스트코 / 트레이더스,2026-06-16,dailyshot,2026-06_dailyshot.csv,matched,
w047,발렌타인 21년,발렌타인 21년 700ml,700,False,182900,KR,코스트코,2026-05-15,youtube_martweb,2026-05.csv,matched,
w047,발렌타인 21년,발렌타인 21년 700ml,700,False,182900,KR,코스트코,2026-05-05,youtube_martweb,2026-05.csv,matched,
w047,발렌타인 21년,발렌타인 21년 700ml,700,False,186900,KR,코스트코,2026-03-24,youtube_martweb,2026-03.csv,matched,
w047,발렌타인 21년,발렌타인 21년 700ml,700,False,186900,KR,코스트코,2026-03-16,youtube_martweb,2026-03.csv,matched,
w047,발렌타인 21년,발렌타인 21년,,False,224800,KR,트레이더스,2026-04-13,youtube_martweb,2026-04.csv,matched,
w047,발렌타인 21년,발렌타인 21년 700ml,700,False,224800,KR,트레이더스,2026-04-19,youtube_martweb,2026-04.csv,matched,
w047,발렌타인 21년,발렌타인 21년 700ml,700,False,224800,KR,트레이더스,2026-04-07,youtube_ocr,2026-04_youtube_ocr.csv,matched,
w047,발렌타인 21년,발렌타인 21년 700ml,700,False,244100,KR,롯데마트,2026-04-23,youtube_martweb,2026-04.csv,matched,
w047,발렌타인 21년,バランタイン 21年,,False,326314,JP,酒類ドットコム(syurui)(Shopify products.json),2026-06-15,overseas,2026-06_jp_shopify_poc.csv,matched,
w047,발렌타인 21년,バランタイン 21年 700ml 並行 箱付 700ml,700,False,380108,JP,酒庫住田屋(sumidaya)(Shopify products.json),2026-06-15,overseas,2026-06_jp_shopify_poc.csv,matched,
w048,시바스 리갈 12년,시바스리갈 12년산,,False,63900,KR,코스트코,2026-05-30,youtube_martweb,2026-05.csv,matched,
w048,시바스 리갈 12년,시바스리갈 12년산,,False,63900,KR,코스트코,2026-06-01,youtube_martweb,2026-06.csv,matched,
w048,시바스 리갈 12년,【世界五大ウイスキー】スコッチウイスキー シーバスリーガル 12年水楢《瓶 700ml×1本》,700,False,105942,JP,酒庫住田屋(sumidaya)(Shopify products.json),2026-06-15,overseas,2026-06_jp_shopify_poc.csv,matched,
w048,시바스 리갈 12년,シーバスリーガル　匠　リザーブ　12年　40度《瓶 700ml×1本》,700,False,124574,JP,酒庫住田屋(sumidaya)(Shopify products.json),2026-06-15,overseas,2026-06_jp_shopify_poc.csv,matched,
w049,조니워커 레드라벨,조니워커 레드,700,False,21900,KR-DS,트레이더스,2026-06-16,dailyshot,2026-06_dailyshot.csv,matched,
w049,조니워커 레드라벨,조니워커 레드 700ml,700,False,26800,KR,롯데마트,2026-04-23,youtube_martweb,2026-04.csv,matched,
w049,조니워커 레드라벨,조니워커 레드 1.75L,1750,False,47980,KR,트레이더스,2026-04-03,youtube_martweb,2026-04.csv,matched,
w049,조니워커 레드라벨,조니어 레드 1.75l,1750,False,49940,KR,트레이더스,2026-06-01,youtube_martweb,2026-06.csv,matched,
w049,조니워커 레드라벨,조니워커 레드 1.75L,1750,False,54800,KR,트레이더스,2026-04-13,youtube_martweb,2026-04.csv,matched,
w050,조니워커 블랙라벨 12년,조니워커 블랙 700ml,700,False,36990,KR,코스트코,2026-04-25,youtube_martweb,2026-04.csv,matched,
w050,조니워커 블랙라벨 12년,조니워커 블랙 700ml,700,False,36990,KR,코스트코,2026-04-14,youtube_martweb,2026-04.csv,matched,
w050,조니워커 블랙라벨 12년,조니워커 블랙,700,False,39000,KR-DS,코스트코 / 트레이더스,2026-06-16,dailyshot,2026-06_dailyshot.csv,matched,
w050,조니워커 블랙라벨 12년,조니워커 블랙 700ml,700,False,39980,KR,트레이더스,2026-04-13,youtube_martweb,2026-04.csv,matched,
w050,조니워커 블랙라벨 12년,조니워커 블랙라베 700ml,700,False,39980,KR,트레이더스,2026-04-19,youtube_martweb,2026-04.csv,matched,
w050,조니워커 블랙라벨 12년,조니워커 블랙라벨 700ml,700,False,39980,KR,트레이더스,2026-04-14,youtube_martweb,2026-04.csv,matched,
w050,조니워커 블랙라벨 12년,조니워커 블랙라벨 12년 700,,False,40790,KR,코스트코,2026-05-30,youtube_martweb,2026-05.csv,matched,
w050,조니워커 블랙라벨 12년,조니워커 블랙라벨 12년 700,,False,40790,KR,코스트코,2026-06-01,youtube_martweb,2026-06.csv,matched,
w050,조니워커 블랙라벨 12년,조니어커 블랙,,False,44980,KR,트레이더스,2026-06-01,youtube_martweb,2026-06.csv,matched,
w050,조니워커 블랙라벨 12년,조니워커 블랙라베 700ml,700,False,47800,KR,이마트,2026-03-11,youtube_martweb,2026-03.csv,matched,
w050,조니워커 블랙라벨 12년,조니워커 블랙 700ml,700,False,48790,KR,코스트코,2026-05-15,youtube_martweb,2026-05.csv,matched,
w050,조니워커 블랙라벨 12년,조니워커 블랙 700ml,700,False,48790,KR,코스트코,2026-05-05,youtube_martweb,2026-05.csv,matched,
w050,조니워커 블랙라벨 12년,조니워커 블랙라베 700ml,700,False,49980,KR,트레이더스,2026-05-27,youtube_martweb,2026-05.csv,matched,
w050,조니워커 블랙라벨 12년,조니워커 블랙라베 700ml,700,False,49980,KR,트레이더스,2026-05-19,youtube_martweb,2026-05.csv,matched,
w050,조니워커 블랙라벨 12년,조니워커 블랙라베 700ml,700,False,49980,KR,트레이더스,2026-05-13,youtube_martweb,2026-05.csv,matched,
w050,조니워커 블랙라벨 12년,조니워커 블랙라벨,700,False,49980,KR,트레이더스,2026-05-27,youtube_martweb,2026-05_whiskeypick_traders_guwol.csv,matched,
w050,조니워커 블랙라벨 12년,조니워커 블랙 1.75L,1750,False,94800,KR,트레이더스,2026-04-13,youtube_martweb,2026-04.csv,matched,
w050,조니워커 블랙라벨 12년,【世界五大ウイスキー】スコッチウイスキー  ジョニーウォーカー ブラックラベル12年《瓶 お得な1L×1本》,1000,False,95293,JP,酒庫住田屋(sumidaya)(Shopify products.json),2026-06-15,overseas,2026-06_jp_shopify_poc.csv,matched,
w051,조니워커 더블블랙,조니워커 더블블랙,700,False,44000,KR-DS,트레이더스,2026-06-16,dailyshot,2026-06_dailyshot.csv,matched,
w051,조니워커 더블블랙,조니워커 더블블랙 1L,1000,False,59800,KR,트레이더스,2026-04-03,youtube_martweb,2026-04.csv,matched,
w051,조니워커 더블블랙,조니워커 더블블랙,,False,59800,KR,트레이더스,2026-04-13,youtube_martweb,2026-04.csv,matched,
w052,조니워커 블랙 루비,조니워커 블랙루비 700ml,700,False,44800,KR,트레이더스,2026-05-27,youtube_martweb,2026-05.csv,matched,
w052,조니워커 블랙 루비,조니워커 블랙 루비 700ml,700,False,44800,KR,트레이더스,2026-05-19,youtube_martweb,2026-05.csv,matched,
w052,조니워커 블랙 루비,조니워커 블랙루비 700ml,700,False,44800,KR,트레이더스,2026-05-13,youtube_martweb,2026-05.csv,matched,
w052,조니워커 블랙 루비,조니워커 블랙루비,700,False,44800,KR,트레이더스,2026-05-27,youtube_martweb,2026-05_whiskeypick_traders_guwol.csv,matched,
w052,조니워커 블랙 루비,조니워커 블랙루비,,False,45000,KR-DS,트레이더스,2026-06-16,dailyshot,2026-06_dailyshot.csv,matched,
w052,조니워커 블랙 루비,조니워커 블랙 루비 700ml,700,False,52800,KR,롯데마트,2026-04-23,youtube_martweb,2026-04.csv,matched,
w052,조니워커 블랙 루비,조니워커 블랙 루비,,False,54800,KR,트레이더스,2026-04-13,youtube_martweb,2026-04.csv,matched,
w052,조니워커 블랙 루비,조니워커 블랙 누루비 700ml,700,False,54800,KR,트레이더스,2026-05-04,youtube_martweb,2026-05.csv,matched,
w052,조니워커 블랙 루비,조니어 블랙 루비,,False,54800,KR,트레이더스,2026-06-01,youtube_martweb,2026-06.csv,matched,
w052,조니워커 블랙 루비,조니워커 블랙 루비 700ml,700,False,54800,KR,트레이더스,2026-06-08,youtube_ocr,2026-06_youtube_ocr.csv,matched,
w052,조니워커 블랙 루비,조니워커 블랙 루비 700ml,700,False,64800,KR,이마트,2026-06-16,youtube_martweb,2026-06.csv,matched,
w053,조니워커 블루라벨,조니워커 블루라벨 500ml,500,False,189800,KR,트레이더스,2026-04-13,youtube_martweb,2026-04.csv,matched,
w053,조니워커 블루라벨,조니워커 블루라벨 500ml,500,False,189800,KR,트레이더스,2026-04-07,youtube_ocr,2026-04_youtube_ocr.csv,matched,
w053,조니워커 블루라벨,조니워커 블루 500ml,500,False,209800,KR,롯데마트,2026-04-23,youtube_martweb,2026-04.csv,matched,
w053,조니워커 블루라벨,조니워커 블루,700,False,245000,KR-DS,코스트코 / 트레이더스,2026-06-16,dailyshot,2026-06_dailyshot.csv,matched,
w053,조니워커 블루라벨,조니워커블 블루,700,False,245000,KR-DS,코스트코,2026-06-16,dailyshot,2026-06_dailyshot.csv,matched,
w053,조니워커 블루라벨,조니워커 블루 700ml,700,False,256900,KR,코스트코,2026-03-24,youtube_martweb,2026-03.csv,matched,
w053,조니워커 블루라벨,조니워커 블루 750mml,,False,256900,KR,코스트코,2026-04-25,youtube_martweb,2026-04.csv,matched,
w053,조니워커 블루라벨,조니워커 블루 750mml,,False,256900,KR,코스트코,2026-04-14,youtube_martweb,2026-04.csv,matched,
w053,조니워커 블루라벨,조니워커 블루 750mml,,False,256900,KR,코스트코,2026-04-09,youtube_martweb,2026-04.csv,matched,
w053,조니워커 블루라벨,조니워커 블루 750mml,,False,256900,KR,코스트코,2026-05-15,youtube_martweb,2026-05.csv,matched,
w053,조니워커 블루라벨,조니워커블 블루 750ml,750,False,256900,KR,코스트코,2026-05-05,youtube_martweb,2026-05.csv,matched,
w053,조니워커 블루라벨,조니워커 블루 750ml,750,False,259800,KR,트레이더스,2026-04-13,youtube_martweb,2026-04.csv,matched,
w053,조니워커 블루라벨,조니워커 블루 750ml,750,False,259800,KR,롯데마트,2026-04-23,youtube_martweb,2026-04.csv,matched,
w053,조니워커 블루라벨,조니워커 블루라 750ml,750,False,259800,KR,트레이더스,2026-04-14,youtube_martweb,2026-04.csv,matched,
w053,조니워커 블루라벨,조니워커 블로라 750ml,750,False,259800,KR,트레이더스,2026-05-19,youtube_martweb,2026-05.csv,matched,
w053,조니워커 블루라벨,조니워커 블루라베 750mml,,False,259800,KR,트레이더스,2026-05-13,youtube_martweb,2026-05.csv,matched,
w053,조니워커 블루라벨,조니워커 블루라베 750mml,,False,259800,KR,트레이더스,2026-05-04,youtube_martweb,2026-05.csv,matched,
w053,조니워커 블루라벨,조니어커 블루,,False,259800,KR,트레이더스,2026-06-01,youtube_martweb,2026-06.csv,matched,
w053,조니워커 블루라벨,조니워커 블루라벨 750ml,750,False,308000,KR,이마트,2026-06-16,youtube_martweb,2026-06.csv,matched,
w053,조니워커 블루라벨,조니워커 블루라,,False,650000,KR-DS,트레이더스,2026-06-16,dailyshot,2026-06_dailyshot.csv,matched,
w053,조니워커 블루라벨,조니워커 블루라벨,,False,650000,KR-DS,트레이더스,2026-06-16,dailyshot,2026-06_dailyshot.csv,matched,
w054,페이머스 그라우스,페이머스 그라우스 700ml,700,False,19800,KR,롯데마트,2026-04-23,youtube_martweb,2026-04.csv,matched,
w054,페이머스 그라우스,페이머스 그라우스 1L,1000,False,34980,KR,트레이더스,2026-06-01,youtube_martweb,2026-06.csv,matched,
w055,듀어스 12년,듀어스 12년 퍼스트필 버번 캐스크 700ml,700,False,34980,KR,트레이더스,2026-04-01,youtube_martweb,2026-04.csv,matched,
w055,듀어스 12년,듀어스 12년,700,False,38800,KR-DS,트레이더스,2026-06-16,dailyshot,2026-06_dailyshot.csv,matched,
w055,듀어스 12년,듀어스 12년 퍼스트필 버번 캐스크 700ml,700,False,39980,KR,트레이더스,2026-05-27,youtube_martweb,2026-05.csv,matched,
w055,듀어스 12년,듀어스 12년 퍼스트필 법원 케스크 700ml,700,False,39980,KR,트레이더스,2026-05-19,youtube_martweb,2026-05.csv,matched,
w055,듀어스 12년,듀어스 12년 퍼스트필 버번 캐스크 700ml,700,False,39980,KR,트레이더스,2026-05-13,youtube_martweb,2026-05.csv,matched,
w055,듀어스 12년,듀어스 12년 퍼스트필 버번 캐스크 700ml,700,False,39980,KR,트레이더스,2026-05-04,youtube_martweb,2026-05.csv,matched,
w055,듀어스 12년,듀어스 12년,,False,39980,KR,트레이더스,2026-06-01,youtube_martweb,2026-06.csv,matched,
w055,듀어스 12년,듀어스 12년 퍼스트필 법원 캐스크,700,False,39980,KR,트레이더스,2026-05-27,youtube_martweb,2026-05_whiskeypick_traders_guwol.csv,matched,
w055,듀어스 12년,듀어스 12년 퍼스트필 버번 캐스크 700ml,700,False,42800,KR,이마트,2026-03-11,youtube_martweb,2026-03.csv,matched,
w055,듀어스 12년,듀어스 12년,,False,45980,KR,트레이더스,2026-04-13,youtube_martweb,2026-04.csv,matched,
w055,듀어스 12년,듀어스 12년 퍼스트필 버번 캐스크 700ml,700,False,45980,KR,트레이더스,2026-04-19,youtube_martweb,2026-04.csv,matched,
w055,듀어스 12년,듀어스 12년 퍼스트필 버번 캐스크 700ml,700,False,45980,KR,트레이더스,2026-04-14,youtube_martweb,2026-04.csv,matched,
w055,듀어스 12년,듀어스 12년 700ml,700,False,57600,KR,롯데마트,2026-04-23,youtube_martweb,2026-04.csv,matched,
w055,듀어스 12년,デュワーズ 12年 [ ブレンデッド スコッチ ウイスキー イギリス 700ml ],700,False,67877,JP,酒庫住田屋(sumidaya)(Shopify products.json),2026-06-15,overseas,2026-06_jp_shopify_poc.csv,matched,
w055,듀어스 12년,デュワーズ 12年 40% 700ml 箱なし スコッチ ウイスキー,700,False,69449,JP,SAKE People(Shopify products.json),2026-06-15,overseas,2026-06_jp_shopify_poc.csv,matched,
w055,듀어스 12년,デュワーズ 12年 ミズナラ,,False,94421,JP,酒類ドットコム(syurui)(Shopify products.json),2026-06-15,overseas,2026-06_jp_shopify_poc.csv,matched,
w056,듀어스 15년,듀어스 15년,,False,59400,KR,트레이더스,2026-04-13,youtube_martweb,2026-04.csv,matched,
w056,듀어스 15년,듀어스 15년 파이노크 스페셜 리저브 700ml,700,False,59400,KR,트레이더스,2026-04-19,youtube_martweb,2026-04.csv,matched,
w056,듀어스 15년,듀어스 15년 파인노크 스페셜 리저브 700ml,700,False,59400,KR,트레이더스,2026-04-14,youtube_martweb,2026-04.csv,matched,
w056,듀어스 15년,듀어스 15년 파이노크 스페셜 리저브 700ml,700,False,59400,KR,트레이더스,2026-05-27,youtube_martweb,2026-05.csv,matched,
w056,듀어스 15년,듀어스 15년 파이노크 스페셜 리저브 700ml,700,False,59400,KR,트레이더스,2026-05-19,youtube_martweb,2026-05.csv,matched,
w056,듀어스 15년,듀어스 15년 파이노크 스페셜 리저브 700ml,700,False,59400,KR,트레이더스,2026-05-13,youtube_martweb,2026-05.csv,matched,
w056,듀어스 15년,듀어스 15년 파인노크 스페셜 리저브 700ml,700,False,59400,KR,트레이더스,2026-05-04,youtube_martweb,2026-05.csv,matched,
w056,듀어스 15년,듀어스 15년,,False,59400,KR,트레이더스,2026-06-01,youtube_martweb,2026-06.csv,matched,
w056,듀어스 15년,듀어스 15년 700ml,700,False,59400,KR,트레이더스,2026-04-07,youtube_ocr,2026-04_youtube_ocr.csv,matched,
w056,듀어스 15년,듀어스 15년 파이노크 스페셜 리저브,700,False,59400,KR,트레이더스,2026-05-27,youtube_martweb,2026-05_whiskeypick_traders_guwol.csv,matched,
w056,듀어스 15년,듀어스 15년,,False,64000,KR-DS,트레이더스,2026-06-16,dailyshot,2026-06_dailyshot.csv,matched,
w056,듀어스 15년,듀어스 15년 700ml,700,False,66500,KR,우성마트,2026-06-13,youtube_ocr,2026-06_youtube_ocr.csv,matched,
w056,듀어스 15년,デュワーズ 15年 40% 750ml 箱付 スコッチ ウイスキー,750,False,162613,JP,SAKE People(Shopify products.json),2026-06-15,overseas,2026-06_jp_shopify_poc.csv,matched,
w056,듀어스 15년,Dewar's スコッチウイスキー デュワーズ15年 [ ブレンドウイスキー イギリス 750ml ] [ギフトBox入り],750,False,167162,JP,酒庫住田屋(sumidaya)(Shopify products.json),2026-06-15,overseas,2026-06_jp_shopify_poc.csv,matched,
w057,듀어스 18년,듀어스 18년,,False,99000,KR-DS,트레이더스,2026-06-16,dailyshot,2026-06_dailyshot.csv,matched,
w057,듀어스 18년,듀어스 18년,,False,99800,KR,트레이더스,2026-04-13,youtube_martweb,2026-04.csv,matched,
w057,듀어스 18년,듀어스 18년 미즈나라 캐스크 700ml,700,False,129900,KR,코스트코,2026-04-09,youtube_martweb,2026-04.csv,matched,
w057,듀어스 18년,Dewar's 18 Year Old Founders Reserve,,False,259779,HK,TheRareMalt(Shopify products.json),2026-06-15,overseas,2026-06_hk_whisky_poc.csv,matched,
w057,듀어스 18년,デュワーズ 18年,,False,303787,JP,酒類ドットコム(syurui)(Shopify products.json),2026-06-15,overseas,2026-06_jp_shopify_poc.csv,matched,
w057,듀어스 18년,デュワーズ 18年 40% 750ml 箱付 スコッチ ウイスキー,750,False,323146,JP,SAKE People(Shopify products.json),2026-06-15,overseas,2026-06_jp_shopify_poc.csv,matched,
w058,커티삭 프로히비션,커티삭 프로히비션 700ml,700,False,39800,KR,이마트,2026-06-16,youtube_martweb,2026-06.csv,matched,
w058,커티삭 프로히비션,쿠티삭 프로히비션,,False,39940,KR,트레이더스,2026-04-13,youtube_martweb,2026-04.csv,matched,
w058,커티삭 프로히비션,커티삭 프로히비션 1L,1000,False,39980,KR,트레이더스,2026-06-08,youtube_ocr,2026-06_youtube_ocr.csv,matched,
w059,로얄 살루트 21년,로얄 살루트 21년 그레인,,False,179800,KR,트레이더스,2026-06-01,youtube_martweb,2026-06.csv,matched,
w059,로얄 살루트 21년,로얄 살루트 21년 700ml,700,False,179800,KR,트레이더스,2026-06-09,youtube_ocr,2026-06_youtube_ocr.csv,matched,
w059,로얄 살루트 21년,로얄 살루트 21년 그레인,700,False,179800,KR,트레이더스,2026-05-27,youtube_martweb,2026-05_whiskeypick_traders_guwol.csv,matched,
w059,로얄 살루트 21년,로얄 살루트 21년,700,False,185000,KR-DS,트레이더스,2026-06-16,dailyshot,2026-06_dailyshot.csv,matched,
w059,로얄 살루트 21년,로얄 살루트 21년 700ml,700,False,279800,KR,트레이더스,2026-04-13,youtube_martweb,2026-04.csv,matched,
w060,노마드 아웃랜드 셰리 피니시,노마드 아울랜드 쉐리 피니시,,False,49980,KR,트레이더스,2026-06-01,youtube_martweb,2026-06.csv,matched,
w060,노마드 아웃랜드 셰리 피니시,노마드 아울랜드 쉐리 피니시,700,False,49980,KR,트레이더스,2026-05-27,youtube_martweb,2026-05_whiskeypick_traders_guwol.csv,matched,
w061,제임슨,제임슨 스탠다드,,False,26500,KR-DS,트레이더스,2026-06-16,dailyshot,2026-06_dailyshot.csv,matched,
w061,제임슨,제임슨 아이리시 위스키 700ml,700,False,26690,KR,코스트코,2026-03-01,youtube_martweb,2026-03.csv,matched,
w061,제임슨,제임스 나이시 위스키 700ml,700,False,26690,KR,코스트코,2026-03-24,youtube_martweb,2026-03.csv,matched,
w061,제임슨,제임슨 아이리시 위스키 700ml,700,False,26690,KR,코스트코,2026-03-16,youtube_martweb,2026-03.csv,matched,
w061,제임슨,제임슨 아이리시 위스키,,False,26690,KR,코스트코,2026-03-06,youtube_martweb,2026-03.csv,matched,
w061,제임슨,제임슨 700ml,700,False,26690,KR,코스트코,2026-04-25,youtube_martweb,2026-04.csv,matched,
w061,제임슨,제임슨 700ml,700,False,26690,KR,코스트코,2026-04-14,youtube_martweb,2026-04.csv,matched,
w061,제임슨,제임슨 아이리시 위스키 700ml,700,False,26690,KR,코스트코,2026-04-09,youtube_martweb,2026-04.csv,matched,
w061,제임슨,제임슨 아이리시 위스키 700ml,700,False,26690,KR,코스트코,2026-05-15,youtube_martweb,2026-05.csv,matched,
w061,제임슨,제임슨 아이리시 위스키 700ml,700,False,26690,KR,코스트코,2026-05-05,youtube_martweb,2026-05.csv,matched,
w061,제임슨,제임슨 스탠다드,,False,27980,KR,트레이더스,2026-04-13,youtube_martweb,2026-04.csv,matched,
w061,제임슨,제임슨 스탠더드 700ml,700,False,27980,KR,트레이더스,2026-04-19,youtube_martweb,2026-04.csv,matched,
w061,제임슨,제임슨 스탠더드 700ml,700,False,27980,KR,트레이더스,2026-04-14,youtube_martweb,2026-04.csv,matched,
w061,제임슨,제임슨 스탠더드 700ml,700,False,27980,KR,트레이더스,2026-05-27,youtube_martweb,2026-05.csv,matched,
w061,제임슨,제임슨 스탠더드 700ml,700,False,27980,KR,트레이더스,2026-05-04,youtube_martweb,2026-05.csv,matched,
w061,제임슨,제임슨,,False,27980,KR,트레이더스,2026-06-01,youtube_martweb,2026-06.csv,matched,
w061,제임슨,제임슨 스탠더드,700,False,27980,KR,트레이더스,2026-05-27,youtube_martweb,2026-05_whiskeypick_traders_guwol.csv,matched,
w061,제임슨,제임슨 스탠더드 700ml,700,False,29800,KR,롯데마트,2026-04-23,youtube_martweb,2026-04.csv,matched,
w062,부쉬밀 15년 싱글몰트,부시밀 15년 싱글 몰트 700ml,700,False,99800,KR,트레이더스,2026-05-27,youtube_martweb,2026-05.csv,matched,
w062,부쉬밀 15년 싱글몰트,부심일 15년,,False,99800,KR,트레이더스,2026-06-01,youtube_martweb,2026-06.csv,matched,
w062,부쉬밀 15년 싱글몰트,부쉬밀 15년 싱글 몰트,700,False,99800,KR,트레이더스,2026-05-27,youtube_martweb,2026-05_whiskeypick_traders_guwol.csv,matched,
w063,골든블루 다이아몬드,골든블루 다이아몬드,,False,39980,KR,트레이더스,2026-04-03,youtube_martweb,2026-04.csv,matched,
w063,골든블루 다이아몬드,골든블루 다이아몬드,,False,44000,KR-DS,트레이더스,2026-06-16,dailyshot,2026-06_dailyshot.csv,matched,
w063,골든블루 다이아몬드,골든블루 다이아몬드,,False,44980,KR,트레이더스,2026-04-13,youtube_martweb,2026-04.csv,matched,
w064,골든블루 사피루스,골든 블루 사피루스,330,False,25200,KR-DS,트레이더스,2026-06-16,dailyshot,2026-06_dailyshot.csv,matched,
w064,골든블루 사피루스,골든블루 사파이러스,,False,28980,KR,트레이더스,2026-04-13,youtube_martweb,2026-04.csv,matched,
w064,골든블루 사피루스,골든 블루 사피루스 450ml,450,False,28980,KR,트레이더스,2026-04-19,youtube_martweb,2026-04.csv,matched,
w064,골든블루 사피루스,골든 블루 사피루스 450ml,450,False,28980,KR,트레이더스,2026-04-14,youtube_martweb,2026-04.csv,matched,
w064,골든블루 사피루스,골든 블루 사피루스 450ml,450,False,28980,KR,트레이더스,2026-04-01,youtube_martweb,2026-04.csv,matched,
w064,골든블루 사피루스,골든 블루 사피루스 450ml,450,False,28980,KR,트레이더스,2026-05-27,youtube_martweb,2026-05.csv,matched,
w064,골든블루 사피루스,골든 블루 사피루스 450ml,450,False,28980,KR,트레이더스,2026-05-19,youtube_martweb,2026-05.csv,matched,
w064,골든블루 사피루스,골든 블루 사피루스 450ml,450,False,28980,KR,트레이더스,2026-05-13,youtube_martweb,2026-05.csv,matched,
w064,골든블루 사피루스,골든 블루 사피루스 450ml,450,False,28980,KR,트레이더스,2026-05-04,youtube_martweb,2026-05.csv,matched,
w064,골든블루 사피루스,골든 블루 사피루스,,False,28980,KR,트레이더스,2026-06-01,youtube_martweb,2026-06.csv,matched,
w064,골든블루 사피루스,골든 블루 사피루스,450,False,28980,KR,트레이더스,2026-05-27,youtube_martweb,2026-05_whiskeypick_traders_guwol.csv,matched,
w064,골든블루 사피루스,&gt;&gt; &gt;&gt; 골든 블루 사피루스 450ml,450,False,33700,KR,롯데마트,2026-04-23,youtube_martweb,2026-04.csv,matched,
w065,짐빔 화이트,진빔 700ml,700,False,19800,KR,이마트,2026-03-11,youtube_martweb,2026-03.csv,matched,
w065,짐빔 화이트,진빔 화이트 750mml,,False,19980,KR,트레이더스,2026-05-27,youtube_martweb,2026-05.csv,matched,
w065,짐빔 화이트,진빔 화이트 750ml,750,False,19980,KR,트레이더스,2026-05-13,youtube_martweb,2026-05.csv,matched,
w065,짐빔 화이트,진빔 화이트 750mml,,False,19980,KR,트레이더스,2026-05-04,youtube_martweb,2026-05.csv,matched,
w065,짐빔 화이트,진빔,,False,19980,KR,트레이더스,2026-06-01,youtube_martweb,2026-06.csv,matched,
w065,짐빔 화이트,진빔 화이트,750,False,19980,KR,트레이더스,2026-05-27,youtube_martweb,2026-05_whiskeypick_traders_guwol.csv,matched,
w065,짐빔 화이트,짐빔 화이트,1000,False,25200,KR-DS,트레이더스,2026-06-16,dailyshot,2026-06_dailyshot.csv,matched,
w065,짐빔 화이트,진빈 법원 유스키 1L,1000,False,25390,KR,코스트코,2026-03-16,youtube_martweb,2026-03.csv,matched,
w065,짐빔 화이트,짐빔 화이트,,False,27980,KR,트레이더스,2026-04-03,youtube_martweb,2026-04.csv,matched,
w065,짐빔 화이트,짐빔,,False,27980,KR,트레이더스,2026-04-13,youtube_martweb,2026-04.csv,matched,
w065,짐빔 화이트,진빔 화이트 750mml,,False,27980,KR,롯데마트,2026-04-23,youtube_martweb,2026-04.csv,matched,
w065,짐빔 화이트,진빔 하이트 750ml,750,False,27980,KR,롯데마트,2026-04-23,youtube_martweb,2026-04.csv,matched,
w065,짐빔 화이트,진빔 화이트 750ml,750,False,27980,KR,트레이더스,2026-04-19,youtube_martweb,2026-04.csv,matched,
w065,짐빔 화이트,진빔 화이트 750ml,750,False,27980,KR,트레이더스,2026-04-14,youtube_martweb,2026-04.csv,matched,
w065,짐빔 화이트,진빔 화이트 750ml,750,False,27980,KR,트레이더스,2026-04-01,youtube_martweb,2026-04.csv,matched,
w065,짐빔 화이트,진빔 화이트 750ml,750,False,27980,KR,트레이더스,2026-05-19,youtube_martweb,2026-05.csv,matched,
w065,짐빔 화이트,진빔 법원이스키 1L,1000,False,35390,KR,코스트코,2026-03-24,youtube_martweb,2026-03.csv,matched,
w065,짐빔 화이트,진빔 1L,1000,False,35490,KR,코스트코,2026-04-25,youtube_martweb,2026-04.csv,matched,
w065,짐빔 화이트,진빔 버유스키 1L,1000,False,35490,KR,코스트코,2026-04-09,youtube_martweb,2026-04.csv,matched,
w065,짐빔 화이트,짐빔,,False,38900,KR-DS,트레이더스,2026-06-16,dailyshot,2026-06_dailyshot.csv,matched,
w066,잭다니엘 No.7,잭다니엘스,,False,29500,KR-DS,코스트코,2026-06-16,dailyshot,2026-06_dailyshot.csv,matched,
w066,잭다니엘 No.7,잭다니엘 No.7,,False,34980,KR,트레이더스,2026-04-03,youtube_martweb,2026-04.csv,matched,
w066,잭다니엘 No.7,잭 다니에 700ml,700,False,39800,KR,롯데마트,2026-04-23,youtube_martweb,2026-04.csv,matched,
w066,잭다니엘 No.7,잭다니엘 No.7,,False,39980,KR,트레이더스,2026-04-13,youtube_martweb,2026-04.csv,matched,
w066,잭다니엘 No.7,잭다니엘스 1L,1000,False,44690,KR,코스트코,2026-04-09,youtube_martweb,2026-04.csv,matched,
w066,잭다니엘 No.7,잭다니스 1L,1000,False,55900,KR,코스트코,2026-04-25,youtube_martweb,2026-04.csv,matched,
w066,잭다니엘 No.7,잭다니엘스 1L,1000,False,55900,KR,코스트코,2026-04-14,youtube_martweb,2026-04.csv,matched,
w066,잭다니엘 No.7,잭 다니엘스 테네시 위스키 1L,1000,False,55900,KR,코스트코,2026-05-15,youtube_martweb,2026-05.csv,matched,
w066,잭다니엘 No.7,잭다니엘스 테네시 위스키 1L,1000,False,55900,KR,코스트코,2026-05-05,youtube_martweb,2026-05.csv,matched,
w067,잭다니엘 애플,잭 다니엘스 애플 500mml,,False,37100,KR,롯데마트,2026-04-23,youtube_martweb,2026-04.csv,matched,
w067,잭다니엘 애플,잭다니엘 애플,,False,37980,KR,트레이더스,2026-04-03,youtube_martweb,2026-04.csv,matched,
w067,잭다니엘 애플,잭다니엘 애플 1L,1000,False,44690,KR,코스트코,2026-03-24,youtube_martweb,2026-03.csv,matched,
w067,잭다니엘 애플,잭다니에스 애플 1L,1000,False,55900,KR,코스트코,2026-04-25,youtube_martweb,2026-04.csv,matched,
w067,잭다니엘 애플,잭다니엘스 애플 1L,1000,False,55900,KR,코스트코,2026-04-14,youtube_martweb,2026-04.csv,matched,
w067,잭다니엘 애플,잭 다니엘스 애플 1L,1000,False,55900,KR,코스트코,2026-05-15,youtube_martweb,2026-05.csv,matched,
w067,잭다니엘 애플,잭다니엘스 애플 1L,1000,False,55900,KR,코스트코,2026-05-05,youtube_martweb,2026-05.csv,matched,
w067,잭다니엘 애플,잭다니엘 애플,,False,115000,KR-DS,코스트코 / 트레이더스,2026-06-16,dailyshot,2026-06_dailyshot.csv,matched,
w067,잭다니엘 애플,잭다니엘스 애플,,False,115000,KR-DS,코스트코 / 트레이더스,2026-06-16,dailyshot,2026-06_dailyshot.csv,matched,
w068,잭다니엘 라이,잭다니엘 라이,,False,39980,KR,트레이더스,2026-04-13,youtube_martweb,2026-04.csv,matched,
w068,잭다니엘 라이,잭다니엘스 BB라이 700ml,700,False,55840,KR,이마트,2026-03-11,youtube_martweb,2026-03.csv,matched,
w068,잭다니엘 라이,잭다니엘 라이,,False,62800,KR-DS,트레이더스,2026-06-16,dailyshot,2026-06_dailyshot.csv,matched,
w069,버팔로 트레이스,버팔로 트레이스 750mml,,False,38800,KR,롯데마트,2026-04-23,youtube_martweb,2026-04.csv,matched,
w069,버팔로 트레이스,버팔로 트레이스,700,False,39000,KR-DS,트레이더스,2026-06-16,dailyshot,2026-06_dailyshot.csv,matched,
w069,버팔로 트레이스,버팔로 트레이스 750ml,750,False,45000,KR,우성마트,2026-06-13,youtube_ocr,2026-06_youtube_ocr.csv,matched,
w069,버팔로 트레이스,버팔로 트레이스,,False,49800,KR,트레이더스,2026-04-03,youtube_martweb,2026-04.csv,matched,
w069,버팔로 트레이스,버팔로 트레이스 750ml,750,False,49800,KR,이마트,2026-06-16,youtube_martweb,2026-06.csv,matched,
w069,버팔로 트레이스,버팔로 트레이스,,False,49980,KR,트레이더스,2026-04-13,youtube_martweb,2026-04.csv,matched,
w070,1792 스몰배치,1792 스몰배치,,False,39980,KR,트레이더스,2026-04-13,youtube_martweb,2026-04.csv,matched,
w070,1792 스몰배치,1792 스몰 배치 750ml,750,False,39980,KR,트레이더스,2026-04-19,youtube_martweb,2026-04.csv,matched,
w070,1792 스몰배치,1792 스몰 배치 750ml,750,False,39980,KR,트레이더스,2026-04-14,youtube_martweb,2026-04.csv,matched,
w070,1792 스몰배치,1792 스몰 배치,,False,39980,KR,트레이더스,2026-06-01,youtube_martweb,2026-06.csv,matched,
w070,1792 스몰배치,1792 스몰배치,,False,44980,KR,트레이더스,2026-04-03,youtube_martweb,2026-04.csv,matched,
w070,1792 스몰배치,1792 스몰 배치 750ml,750,False,44980,KR,트레이더스,2026-04-01,youtube_martweb,2026-04.csv,matched,
w070,1792 스몰배치,1792 스몰 배치 750ml,750,False,44980,KR,트레이더스,2026-05-27,youtube_martweb,2026-05.csv,matched,
w070,1792 스몰배치,1792 스몰 배치 750ml,750,False,44980,KR,트레이더스,2026-05-19,youtube_martweb,2026-05.csv,matched,
w070,1792 스몰배치,1792 스몰 배치 750ml,750,False,44980,KR,트레이더스,2026-05-13,youtube_martweb,2026-05.csv,matched,
w070,1792 스몰배치,1792 스몰 배치 750ml,750,False,44980,KR,트레이더스,2026-05-04,youtube_martweb,2026-05.csv,matched,
w070,1792 스몰배치,1792 스몰 배치,750,False,44980,KR,트레이더스,2026-05-27,youtube_martweb,2026-05_whiskeypick_traders_guwol.csv,matched,
w070,1792 스몰배치,1792 스몰배치,700,False,49000,KR-DS,트레이더스,2026-06-16,dailyshot,2026-06_dailyshot.csv,matched,
w070,1792 스몰배치,1792 풀프루프가,,False,90000,KR,이마트,2026-04-30,youtube_martweb,2026-04.csv,matched,
w070,1792 스몰배치,1792 스몰배치,,False,99800,KR,우성마트,2026-06-13,youtube_ocr,2026-06_youtube_ocr.csv,matched,
w070,1792 스몰배치,1792 小批次波本威士忌,,False,110281,TW,my9買酒網,2026-05-30,overseas,2026-05_tw_whisky_poc.csv,matched,
w070,1792 스몰배치,1792 スモールバッチ,,False,121525,JP,酒類ドットコム(syurui)(Shopify products.json),2026-06-15,overseas,2026-06_jp_shopify_poc.csv,matched,
w071,메이커스 마크,메이커스 마크,,False,49980,KR,트레이더스,2026-06-01,youtube_martweb,2026-06.csv,matched,
w071,메이커스 마크,메이커스 마크 1L,1000,False,49980,KR,트레이더스,2026-06-08,youtube_ocr,2026-06_youtube_ocr.csv,matched,
w071,메이커스 마크,메이커스 마크 750mml,,False,55900,KR,롯데마트,2026-04-23,youtube_martweb,2026-04.csv,matched,
w072,우드포드 리저브,우드포드 리저브,700,False,58000,KR-DS,코스트코,2026-06-16,dailyshot,2026-06_dailyshot.csv,matched,
w072,우드포드 리저브,우드포드 리저브 1L,1000,False,63900,KR,코스트코,2026-04-25,youtube_martweb,2026-04.csv,matched,
w072,우드포드 리저브,우드포드 리저브 1L,1000,False,63900,KR,코스트코,2026-04-14,youtube_martweb,2026-04.csv,matched,
w072,우드포드 리저브,우드포드 리저브 750ml,750,False,69800,KR,롯데마트,2026-04-23,youtube_martweb,2026-04.csv,matched,
w072,우드포드 리저브,우드포드 리저브 1L,1000,False,79900,KR,코스트코,2026-03-24,youtube_martweb,2026-03.csv,matched,
w072,우드포드 리저브,우드포드 리저브 1L,1000,False,79900,KR,코스트코,2026-03-16,youtube_martweb,2026-03.csv,matched,
w072,우드포드 리저브,우드포드 리저브 1L,1000,False,79900,KR,코스트코,2026-05-15,youtube_martweb,2026-05.csv,matched,
w072,우드포드 리저브,우드포드 리저브 1L,1000,False,79900,KR,코스트코,2026-05-05,youtube_martweb,2026-05.csv,matched,
w073,와일드터키 8년,와일드 터키 101 8년 700ml,700,False,64900,KR,롯데마트,2026-04-23,youtube_martweb,2026-04.csv,matched,
w074,와일드터키 레어브리드,와일드터키 레어브리드,,False,69000,KR-DS,트레이더스,2026-06-16,dailyshot,2026-06_dailyshot.csv,matched,
w074,와일드터키 레어브리드,와일드터키 레어브리드,,False,79800,KR,트레이더스,2026-04-13,youtube_martweb,2026-04.csv,matched,
w074,와일드터키 레어브리드,와일드 터키 레어브리드 750ml,750,False,79800,KR,트레이더스,2026-04-19,youtube_martweb,2026-04.csv,matched,
w074,와일드터키 레어브리드,와일드 터키 레어브리드 750ml,750,False,79800,KR,트레이더스,2026-04-14,youtube_martweb,2026-04.csv,matched,
w074,와일드터키 레어브리드,와일드 터키 레어브리드 750ml,750,False,79800,KR,트레이더스,2026-04-01,youtube_martweb,2026-04.csv,matched,
w074,와일드터키 레어브리드,와일드 터키 레어브리드 750ml,750,False,79800,KR,트레이더스,2026-05-27,youtube_martweb,2026-05.csv,matched,
w074,와일드터키 레어브리드,와일드 터키 레어 브리드 750ml,750,False,79800,KR,트레이더스,2026-05-19,youtube_martweb,2026-05.csv,matched,
w074,와일드터키 레어브리드,와일드 터키 레어브리드 750mml,,False,79800,KR,트레이더스,2026-05-13,youtube_martweb,2026-05.csv,matched,
w074,와일드터키 레어브리드,와일드 터키 레어브리드 750ml,750,False,79800,KR,트레이더스,2026-05-04,youtube_martweb,2026-05.csv,matched,
w074,와일드터키 레어브리드,와일드 터키 레어브리드,,False,79800,KR,트레이더스,2026-06-01,youtube_martweb,2026-06.csv,matched,
w074,와일드터키 레어브리드,와일드 터키 레어브리드,750,False,79800,KR,트레이더스,2026-05-27,youtube_martweb,2026-05_whiskeypick_traders_guwol.csv,matched,
w075,와일드터키 켄터키 스피릿 싱글배럴,와일드터키 켄터키 스피릿 싱글배럴,,False,69400,KR,트레이더스,2026-04-13,youtube_martweb,2026-04.csv,matched,
w075,와일드터키 켄터키 스피릿 싱글배럴,와일드 터키 켄터키 스피릿 싱글 배럴 750ml,750,False,69400,KR,트레이더스,2026-04-19,youtube_martweb,2026-04.csv,matched,
w075,와일드터키 켄터키 스피릿 싱글배럴,와일드 터키 켄터키 스피릿 싱글 베럴 750ml,750,False,69400,KR,트레이더스,2026-04-14,youtube_martweb,2026-04.csv,matched,
w075,와일드터키 켄터키 스피릿 싱글배럴,와일드 터키 캔터키 스피릿 싱글 베럴 750ml,750,False,69400,KR,트레이더스,2026-04-01,youtube_martweb,2026-04.csv,matched,
w075,와일드터키 켄터키 스피릿 싱글배럴,와일드 터키 캔터키 스피릿 싱글 배럴 750mml,,False,69400,KR,트레이더스,2026-05-19,youtube_martweb,2026-05.csv,matched,
w075,와일드터키 켄터키 스피릿 싱글배럴,와일드 터키 캔터키 스피릿 싱글 배럴,,False,69400,KR,트레이더스,2026-06-01,youtube_martweb,2026-06.csv,matched,
w075,와일드터키 켄터키 스피릿 싱글배럴,와일드터키 켄터키 스피릿 싱글배럴,1000,False,109000,KR-DS,트레이더스,2026-06-16,dailyshot,2026-06_dailyshot.csv,matched,
w076,이글 레어 10년,이글레어 10년 750ml,750,False,69800,KR,트레이더스,2026-05-27,youtube_martweb,2026-05.csv,matched,
w076,이글 레어 10년,이글레어 10년 750ml,750,False,69800,KR,트레이더스,2026-05-19,youtube_martweb,2026-05.csv,matched,
w076,이글 레어 10년,이글레어 10년 750ml,750,False,69800,KR,트레이더스,2026-05-13,youtube_martweb,2026-05.csv,matched,
w076,이글 레어 10년,이글레어 10년,,False,69800,KR,트레이더스,2026-06-01,youtube_martweb,2026-06.csv,matched,
w076,이글 레어 10년,이글 레어 10년 750ml,750,False,69800,KR,트레이더스,2026-06-08,youtube_ocr,2026-06_youtube_ocr.csv,matched,
w076,이글 레어 10년,이글레어 10년,750,False,69800,KR,트레이더스,2026-05-27,youtube_martweb,2026-05_whiskeypick_traders_guwol.csv,matched,
w076,이글 레어 10년,이글레어 10년 750ml,750,False,74800,KR,트레이더스,2026-04-19,youtube_martweb,2026-04.csv,matched,
w076,이글 레어 10년,이글레어 10년 750ml,750,False,74800,KR,트레이더스,2026-04-14,youtube_martweb,2026-04.csv,matched,
w076,이글 레어 10년,이글레어 10년 750ml,750,False,74800,KR,트레이더스,2026-04-01,youtube_martweb,2026-04.csv,matched,
w076,이글 레어 10년,이글레어 10년 750ml,750,False,74800,KR,트레이더스,2026-05-04,youtube_martweb,2026-05.csv,matched,
w076,이글 레어 10년,이글레어 10년,700,False,74900,KR-DS,트레이더스,2026-06-16,dailyshot,2026-06_dailyshot.csv,matched,
w077,러셀스 리저브 싱글배럴,러셀 리저브 싱글 배럴,,False,89000,KR-DS,트레이더스,2026-06-16,dailyshot,2026-06_dailyshot.csv,matched,
w077,러셀스 리저브 싱글배럴,러셀 리저브 싱글 베럴 750ml,750,False,89400,KR,트레이더스,2026-05-27,youtube_martweb,2026-05.csv,matched,
w077,러셀스 리저브 싱글배럴,러셀 리저브 싱글 배럴 750ml,750,False,89400,KR,트레이더스,2026-05-19,youtube_martweb,2026-05.csv,matched,
w077,러셀스 리저브 싱글배럴,러셀 리저브 싱글 배럴,,False,89400,KR,트레이더스,2026-06-01,youtube_martweb,2026-06.csv,matched,
w077,러셀스 리저브 싱글배럴,러셀 리저브 싱글 베럴,750,False,89400,KR,트레이더스,2026-05-27,youtube_martweb,2026-05_whiskeypick_traders_guwol.csv,matched,
w077,러셀스 리저브 싱글배럴,러셀 리저브 싱글 배럴 750ml,750,False,89800,KR,트레이더스,2026-04-01,youtube_martweb,2026-04.csv,matched,
w077,러셀스 리저브 싱글배럴,러셀스 리저브 싱글배럴,,False,99800,KR,트레이더스,2026-04-13,youtube_martweb,2026-04.csv,matched,
w077,러셀스 리저브 싱글배럴,러셀 리저브 싱글 베럴 750ml,750,False,99800,KR,트레이더스,2026-04-19,youtube_martweb,2026-04.csv,matched,
w077,러셀스 리저브 싱글배럴,러셀 리저브 싱글 베럴 750ml,750,False,99800,KR,트레이더스,2026-04-14,youtube_martweb,2026-04.csv,matched,
w077,러셀스 리저브 싱글배럴,러셀 리저브 싱글 베럴 750ml,750,False,99800,KR,트레이더스,2026-05-13,youtube_martweb,2026-05.csv,matched,
w077,러셀스 리저브 싱글배럴,러셀 리저브 싱글 배럴 750ml,750,False,99800,KR,트레이더스,2026-05-04,youtube_martweb,2026-05.csv,matched,
w078,포 로지스 싱글배럴,포 로지스 싱글 베럴 750ml,750,False,59800,KR,트레이더스,2026-05-19,youtube_martweb,2026-05.csv,matched,
w078,포 로지스 싱글배럴,포 로지스 싱글 베럴 750ml,750,False,59800,KR,트레이더스,2026-05-13,youtube_martweb,2026-05.csv,matched,
w078,포 로지스 싱글배럴,포 로지스 싱글 베럴 750ml,750,False,69800,KR,트레이더스,2026-04-01,youtube_martweb,2026-04.csv,matched,
w078,포 로지스 싱글배럴,포 로지스 싱글 베럴 750ml,750,False,82800,KR,트레이더스,2026-04-19,youtube_martweb,2026-04.csv,matched,
w078,포 로지스 싱글배럴,포로지 지스 싱글 베럴 750ml,750,False,82800,KR,트레이더스,2026-05-27,youtube_martweb,2026-05.csv,matched,
w078,포 로지스 싱글배럴,포 로지스 싱글 베럴 750ml,750,False,82800,KR,트레이더스,2026-05-04,youtube_martweb,2026-05.csv,matched,
w078,포 로지스 싱글배럴,포 로지스 싱글배럴 750ml,750,False,82800,KR,트레이더스,2026-06-08,youtube_ocr,2026-06_youtube_ocr.csv,matched,
w078,포 로지스 싱글배럴,포로지스 싱글 베럴,750,False,82800,KR,트레이더스,2026-05-27,youtube_martweb,2026-05_whiskeypick_traders_guwol.csv,matched,
w079,포 로지스 스몰배치 셀렉트,포 로지스 스몰 배치 셀렉트 750ml,750,False,116800,KR,트레이더스,2026-04-14,youtube_martweb,2026-04.csv,matched,
w079,포 로지스 스몰배치 셀렉트,포 로지스 스몰 배치 셀렉트 750ml,750,False,116800,KR,트레이더스,2026-05-27,youtube_martweb,2026-05.csv,matched,
w079,포 로지스 스몰배치 셀렉트,포 로지스 스몰 배치 셀렉트 750mml,,False,116800,KR,트레이더스,2026-05-19,youtube_martweb,2026-05.csv,matched,
w079,포 로지스 스몰배치 셀렉트,포 로지스 스몰 배치 셀렉트 750ml,750,False,116800,KR,트레이더스,2026-05-13,youtube_martweb,2026-05.csv,matched,
w079,포 로지스 스몰배치 셀렉트,포 로지스 스몰배치 셀렉트 750ml,750,False,116800,KR,트레이더스,2026-05-04,youtube_martweb,2026-05.csv,matched,
w079,포 로지스 스몰배치 셀렉트,포로지스 스몰 배치 셀렉트,,False,116800,KR,트레이더스,2026-06-01,youtube_martweb,2026-06.csv,matched,
w079,포 로지스 스몰배치 셀렉트,포 로지스 스몰배치 셀렉트 750ml,750,False,116800,KR,트레이더스,2026-05-20,youtube_ocr,2026-05_youtube_ocr.csv,matched,
w079,포 로지스 스몰배치 셀렉트,호로지스 스몰 배치 셀렉트,750,False,116800,KR,트레이더스,2026-05-27,youtube_martweb,2026-05_whiskeypick_traders_guwol.csv,matched,
w079,포 로지스 스몰배치 셀렉트,포 로지스 스몰배치 셀렉트,,False,128000,KR-DS,트레이더스,2026-06-16,dailyshot,2026-06_dailyshot.csv,matched,
w080,에반 윌리엄스 블랙,에반 윌리엄스 블랙,,False,24000,KR-DS,이마트 / 트레이더스,2026-06-16,dailyshot,2026-06_dailyshot.csv,matched,
w080,에반 윌리엄스 블랙,에반 윌리엄스 블랙 750mml,,False,25800,KR,이마트,2026-03-11,youtube_martweb,2026-03.csv,matched,
w080,에반 윌리엄스 블랙,에반 윌리엄스 블랙 1L,1000,False,29980,KR,트레이더스,2026-04-01,youtube_martweb,2026-04.csv,matched,
w080,에반 윌리엄스 블랙,에반 윌리엄스 블랙 1L,1000,False,29980,KR,트레이더스,2026-05-27,youtube_martweb,2026-05.csv,matched,
w080,에반 윌리엄스 블랙,에반 윌리엄스 블랙 1l,1000,False,29980,KR,트레이더스,2026-06-01,youtube_martweb,2026-06.csv,matched,
w080,에반 윌리엄스 블랙,에반 윌리엄스 블랙,1000,False,29980,KR,트레이더스,2026-05-27,youtube_martweb,2026-05_whiskeypick_traders_guwol.csv,matched,
w080,에반 윌리엄스 블랙,에반 윌리엄스 블랙 1L,1000,False,33980,KR,트레이더스,2026-04-13,youtube_martweb,2026-04.csv,matched,
w080,에반 윌리엄스 블랙,에반 윌리엄스 블랙 1L,1000,False,33980,KR,트레이더스,2026-04-14,youtube_martweb,2026-04.csv,matched,
w080,에반 윌리엄스 블랙,에반 윌리엄스 블랙 1L,1000,False,33980,KR,트레이더스,2026-05-19,youtube_martweb,2026-05.csv,matched,
w080,에반 윌리엄스 블랙,에반율리엄스 블랙 1L,1000,False,33980,KR,트레이더스,2026-05-13,youtube_martweb,2026-05.csv,matched,
w080,에반 윌리엄스 블랙,에반 윌리엄스 블랙 1L,1000,False,33980,KR,트레이더스,2026-05-04,youtube_martweb,2026-05.csv,matched,
w080,에반 윌리엄스 블랙,에반 윌리엄스 블랙 1.75L,1750,False,47980,KR,트레이더스,2026-04-13,youtube_martweb,2026-04.csv,matched,
w081,에반 윌리엄스 12년,에반윌리엄스 12년,,False,89000,KR-DS,트레이더스,2026-06-16,dailyshot,2026-06_dailyshot.csv,matched,
w081,에반 윌리엄스 12년,에반 윌리엄스 12년 750ml,750,False,89800,KR,트레이더스,2026-05-19,youtube_martweb,2026-05.csv,matched,
w081,에반 윌리엄스 12년,에반 윌리엄스 12년 750ml,750,False,89800,KR,트레이더스,2026-05-13,youtube_martweb,2026-05.csv,matched,
w081,에반 윌리엄스 12년,에반 윌리엄스 12년,,False,99800,KR,트레이더스,2026-04-13,youtube_martweb,2026-04.csv,matched,
w081,에반 윌리엄스 12년,에반 윌리엄스 12년 750ml,750,False,99800,KR,트레이더스,2026-04-19,youtube_martweb,2026-04.csv,matched,
w081,에반 윌리엄스 12년,에반 윌리엄스 12년 750mml,,False,99800,KR,트레이더스,2026-04-14,youtube_martweb,2026-04.csv,matched,
w081,에반 윌리엄스 12년,에반 윌리엄스 12년 750ml,750,False,99800,KR,트레이더스,2026-04-01,youtube_martweb,2026-04.csv,matched,
w081,에반 윌리엄스 12년,에반 윌리엄스 12년 750ml,750,False,99800,KR,트레이더스,2026-05-27,youtube_martweb,2026-05.csv,matched,
w081,에반 윌리엄스 12년,에반윌리엄스 12년 750ml,750,False,99800,KR,트레이더스,2026-05-04,youtube_martweb,2026-05.csv,matched,
w081,에반 윌리엄스 12년,에반 윌리엄스 12년,,False,99800,KR,트레이더스,2026-06-01,youtube_martweb,2026-06.csv,matched,
w081,에반 윌리엄스 12년,에반 윌리엄스 12년 750ml,750,False,99800,KR,트레이더스,2026-06-09,youtube_ocr,2026-06_youtube_ocr.csv,matched,
w081,에반 윌리엄스 12년,에반 윌리엄스 12년,750,False,99800,KR,트레이더스,2026-05-27,youtube_martweb,2026-05_whiskeypick_traders_guwol.csv,matched,
w082,에반 윌리엄스 14년,에반 윌리엄스 14년,,False,89400,KR,트레이더스,2026-04-13,youtube_martweb,2026-04.csv,matched,
w083,산토리 가쿠빈,가쿠빈 700ml,700,False,27690,KR,코스트코,2026-03-24,youtube_martweb,2026-03.csv,matched,
w083,산토리 가쿠빈,산토리 위스키 각쿠빈 700ml,700,False,27690,KR,코스트코,2026-04-25,youtube_martweb,2026-04.csv,matched,
w083,산토리 가쿠빈,산토리 각쿠빈 700ml,700,False,27690,KR,코스트코,2026-04-14,youtube_martweb,2026-04.csv,matched,
w083,산토리 가쿠빈,가쿠빈 700ml,700,False,27690,KR,코스트코,2026-04-09,youtube_martweb,2026-04.csv,matched,
w083,산토리 가쿠빈,가쿠빈 700ml,700,False,27690,KR,코스트코,2026-05-15,youtube_martweb,2026-05.csv,matched,
w083,산토리 가쿠빈,산토리 위스키 각쿠빈 700ml,700,False,27690,KR,코스트코,2026-05-05,youtube_martweb,2026-05.csv,matched,
w083,산토리 가쿠빈,가쿠빈,,False,29800,KR-DS,코스트코 / 트레이더스,2026-06-16,dailyshot,2026-06_dailyshot.csv,matched,
w083,산토리 가쿠빈,산토리 가쿠빈,,False,29800,KR-DS,트레이더스,2026-06-16,dailyshot,2026-06_dailyshot.csv,matched,
w083,산토리 가쿠빈,산토리 각쿠빈 700ml,700,False,29980,KR,롯데마트,2026-04-23,youtube_martweb,2026-04.csv,matched,
w083,산토리 가쿠빈,가쿠빈 700ml,700,False,29980,KR,트레이더스,2026-04-19,youtube_martweb,2026-04.csv,matched,
w083,산토리 가쿠빈,가쿠빈 700ml,700,False,29980,KR,트레이더스,2026-04-14,youtube_martweb,2026-04.csv,matched,
w083,산토리 가쿠빈,산토리 각쿠빈 700ml,700,False,29980,KR,트레이더스,2026-04-01,youtube_martweb,2026-04.csv,matched,
w083,산토리 가쿠빈,가쿠빈 700ml,700,False,29980,KR,트레이더스,2026-05-19,youtube_martweb,2026-05.csv,matched,
w083,산토리 가쿠빈,가쿠빈 700ml,700,False,29980,KR,트레이더스,2026-05-13,youtube_martweb,2026-05.csv,matched,
w083,산토리 가쿠빈,가쿠빈 700ml,700,False,29980,KR,트레이더스,2026-05-04,youtube_martweb,2026-05.csv,matched,
w083,산토리 가쿠빈,산토리 각쿠빈,,False,29980,KR,트레이더스,2026-06-01,youtube_martweb,2026-06.csv,matched,
w083,산토리 가쿠빈,가쿠빈 700ml,700,False,32590,KR,코스트코,2026-03-16,youtube_martweb,2026-03.csv,matched,
w083,산토리 가쿠빈,산토리 가쿠빈,,False,32980,KR,트레이더스,2026-04-13,youtube_martweb,2026-04.csv,matched,
w083,산토리 가쿠빈,산토리 가쿠빈,,False,39800,KR,트레이더스,2026-04-03,youtube_martweb,2026-04.csv,matched,
w083,산토리 가쿠빈,산토리 가쿠빈 700ml,700,False,39800,KR,이마트,2026-06-16,youtube_martweb,2026-06.csv,matched,
w084,카발란 디스틸러리 셀렉트,카발란 디스틸러리 셀렉트 싱글,,False,68900,KR-DS,트레이더스,2026-06-16,dailyshot,2026-06_dailyshot.csv,matched,
w084,카발란 디스틸러리 셀렉트,카발란 디스틸러리 셀렉트 싱글몰트,,False,68900,KR-DS,트레이더스,2026-06-16,dailyshot,2026-06_dailyshot.csv,matched,
w084,카발란 디스틸러리 셀렉트,카발란 디스틸러리 셀렉트 싱글트,,False,68900,KR-DS,트레이더스,2026-06-16,dailyshot,2026-06_dailyshot.csv,matched,
w084,카발란 디스틸러리 셀렉트,카발란 디스틸러리 셀렉트 싱글몰트,,False,69800,KR,트레이더스,2026-04-13,youtube_martweb,2026-04.csv,matched,
w084,카발란 디스틸러리 셀렉트,카발란 디스틸러리 셀렉트 싱글 몰트 700ml,700,False,69800,KR,트레이더스,2026-04-19,youtube_martweb,2026-04.csv,matched,
w084,카발란 디스틸러리 셀렉트,카발란 디스틸러리 셀렉트 싱글 몰트 700ml,700,False,69800,KR,트레이더스,2026-04-14,youtube_martweb,2026-04.csv,matched,
w084,카발란 디스틸러리 셀렉트,카발란 디스틸러리 셀렉트 싱글트 700ml,700,False,69800,KR,트레이더스,2026-04-01,youtube_martweb,2026-04.csv,matched,
w084,카발란 디스틸러리 셀렉트,카발란 디스틸러리 셀렉트 싱글 몰트 700ml,700,False,69800,KR,트레이더스,2026-05-27,youtube_martweb,2026-05.csv,matched,
w084,카발란 디스틸러리 셀렉트,카발란 디스틸러 리셀레트 싱글 몰트 700ml,700,False,69800,KR,트레이더스,2026-05-19,youtube_martweb,2026-05.csv,matched,
w084,카발란 디스틸러리 셀렉트,카발란 디스틸러리 셀렉트 싱글 몰트 700ml,700,False,69800,KR,트레이더스,2026-05-13,youtube_martweb,2026-05.csv,matched,
w084,카발란 디스틸러리 셀렉트,카발란 디스틸러리 셀렉트 싱글 700ml,700,False,69800,KR,트레이더스,2026-05-04,youtube_martweb,2026-05.csv,matched,
w084,카발란 디스틸러리 셀렉트,카발란 디스틸러리 셀렉트 싱글 몰트,,False,69800,KR,트레이더스,2026-06-01,youtube_martweb,2026-06.csv,matched,
w084,카발란 디스틸러리 셀렉트,카발란 디스틸러리 셀렉트 싱글 몰트,700,False,69800,KR,트레이더스,2026-05-27,youtube_martweb,2026-05_whiskeypick_traders_guwol.csv,matched,
w084,카발란 디스틸러리 셀렉트,카발란 디스틸러리 셀렉트 700ml,700,False,79800,KR,롯데마트,2026-04-23,youtube_martweb,2026-04.csv,matched,
w084,카발란 디스틸러리 셀렉트,카발란 디스틸러리 셀렉트,,False,85000,KR,우성마트,2026-06-13,youtube_ocr,2026-06_youtube_ocr.csv,matched,
w085,글렌드로(?) 오드 투 더 밸리,더 글렌드로 오드투더 밸리,700,False,89400,KR,트레이더스,2026-05-27,youtube_martweb,2026-05_whiskeypick_traders_guwol.csv,matched,
w086,글렌드로(?) 오드 투 더 엠버스,글랜드러 오드더 엠버스,,False,99400,KR,트레이더스,2026-06-01,youtube_martweb,2026-06.csv,matched,
w086,글렌드로(?) 오드 투 더 엠버스,더 글렌드로 오드 to투더 엠버스,700,False,99400,KR,트레이더스,2026-05-27,youtube_martweb,2026-05_whiskeypick_traders_guwol.csv,matched,
w087,글렌드로(?) 오드 투 더 다크,더 글랜드 로드투더 닥 700ml,700,False,159800,KR,트레이더스,2026-05-19,youtube_martweb,2026-05.csv,matched,
w087,글렌드로(?) 오드 투 더 다크,더 글랜드 로드투더 다크 700ml,700,False,159800,KR,트레이더스,2026-05-13,youtube_martweb,2026-05.csv,matched,
w087,글렌드로(?) 오드 투 더 다크,더 글렌드로 오드투더 다크,700,False,159800,KR,트레이더스,2026-05-27,youtube_martweb,2026-05_whiskeypick_traders_guwol.csv,matched,
w088,탈리스만 9년 포르투기즈 캐스크,탈리스마 위스키 1L,1000,False,16980,KR,트레이더스,2026-04-14,youtube_martweb,2026-04.csv,matched,
w088,탈리스만 9년 포르투기즈 캐스크,탈리스만 위스키 1L,1000,False,16980,KR,트레이더스,2026-05-19,youtube_martweb,2026-05.csv,matched,
w088,탈리스만 9년 포르투기즈 캐스크,탈리스만 위스키,1000,False,18500,KR-DS,트레이더스,2026-06-16,dailyshot,2026-06_dailyshot.csv,matched,
w088,탈리스만 9년 포르투기즈 캐스크,탈리스만 9년,,False,25980,KR,트레이더스,2026-06-01,youtube_martweb,2026-06.csv,matched,
w088,탈리스만 9년 포르투기즈 캐스크,탈리스만 9년 포르투기즈 캐스크,,False,25980,KR,트레이더스,2026-06-09,youtube_ocr,2026-06_youtube_ocr.csv,matched,
w088,탈리스만 9년 포르투기즈 캐스크,탈리스만 9년 포르투기즈 캐스크 에디션,700,False,25980,KR,트레이더스,2026-05-27,youtube_martweb,2026-05_whiskeypick_traders_guwol.csv,matched,
w089,탈리스커 와일드 블루,탈리스커 와일드 블루 700ml,700,False,69400,KR,트레이더스,2026-05-27,youtube_martweb,2026-05.csv,matched,
w089,탈리스커 와일드 블루,탈리스커 와일드 블루,,False,69400,KR,트레이더스,2026-06-01,youtube_martweb,2026-06.csv,matched,
w089,탈리스커 와일드 블루,탈리스커 와일드 블루,700,False,69400,KR,트레이더스,2026-05-27,youtube_martweb,2026-05_whiskeypick_traders_guwol.csv,matched,
w089,탈리스커 와일드 블루,탈리스커 와일드 블루,,False,74800,KR,트레이더스,2026-04-13,youtube_martweb,2026-04.csv,matched,
w089,탈리스커 와일드 블루,탈리스커 와일드 블루 700ml,700,False,74800,KR,트레이더스,2026-04-19,youtube_martweb,2026-04.csv,matched,
w089,탈리스커 와일드 블루,탈리스커 와일드 블루 700ml,700,False,74800,KR,트레이더스,2026-04-14,youtube_martweb,2026-04.csv,matched,
w089,탈리스커 와일드 블루,탈리스커 와일드 블루 700ml,700,False,84800,KR,트레이더스,2026-04-01,youtube_martweb,2026-04.csv,matched,
w089,탈리스커 와일드 블루,탈리스커 와일드 블루 700ml,700,False,84800,KR,트레이더스,2026-05-19,youtube_martweb,2026-05.csv,matched,
w089,탈리스커 와일드 블루,탈리스커 와일드 블루 700ml,700,False,84800,KR,트레이더스,2026-05-13,youtube_martweb,2026-05.csv,matched,
w089,탈리스커 와일드 블루,탈리스커 와일드 블루 700ml,700,False,84800,KR,트레이더스,2026-05-04,youtube_martweb,2026-05.csv,matched,
w089,탈리스커 와일드 블루,탈리스커 와일드 블루,,False,109000,KR-DS,트레이더스,2026-06-16,dailyshot,2026-06_dailyshot.csv,matched,
w090,발렌타인 17년,발렌타인 17년,700,False,95000,KR-DS,코스트코,2026-06-16,dailyshot,2026-06_dailyshot.csv,matched,
w090,발렌타인 17년,발렌타인 17년 700ml,700,False,118900,KR,코스트코,2026-03-24,youtube_martweb,2026-03.csv,matched,
w090,발렌타인 17년,발렌타인 17년 700ml,700,False,118900,KR,코스트코,2026-03-16,youtube_martweb,2026-03.csv,matched,
w090,발렌타인 17년,발렌타인 17년 700ml,700,False,118900,KR,코스트코,2026-04-09,youtube_martweb,2026-04.csv,matched,
w090,발렌타인 17년,발렌타인 17년 500mml,,False,119300,KR,롯데마트,2026-04-23,youtube_martweb,2026-04.csv,matched,
w090,발렌타인 17년,발렌타인 17년 700ml,700,False,119900,KR,코스트코,2026-05-15,youtube_martweb,2026-05.csv,matched,
w090,발렌타인 17년,발렌타인 17년 700ml,700,False,119900,KR,코스트코,2026-05-05,youtube_martweb,2026-05.csv,matched,
w090,발렌타인 17년,발렌타인 17년산,,False,136900,KR,코스트코,2026-05-30,youtube_martweb,2026-05.csv,matched,
w090,발렌타인 17년,발렌타인 17년산,,False,136900,KR,코스트코,2026-06-01,youtube_martweb,2026-06.csv,matched,
w090,발렌타인 17년,발렌타인 17년 700ml,700,False,146900,KR,코스트코,2026-04-25,youtube_martweb,2026-04.csv,matched,
w090,발렌타인 17년,발렌타인 17년 700ml,700,False,146900,KR,코스트코,2026-04-14,youtube_martweb,2026-04.csv,matched,
w090,발렌타인 17년,발렌타인 17년 말본 리미티드 에디션 700ml,700,False,149800,KR,트레이더스,2026-05-19,youtube_martweb,2026-05.csv,matched,
w090,발렌타인 17년,발렌타인 17년 말본 리미티드 에디션,,False,149800,KR,트레이더스,2026-06-01,youtube_martweb,2026-06.csv,matched,
w090,발렌타인 17년,발렌타인 17년 700ml,700,False,168300,KR,롯데마트,2026-04-23,youtube_martweb,2026-04.csv,matched,
w090,발렌타인 17년,バランタイン 17年 Ballantine’s 17 Years Old（700ml／40％）｜並行品,700,False,196443,JP,酒庫住田屋(sumidaya)(Shopify products.json),2026-06-15,overseas,2026-06_jp_shopify_poc.csv,matched,
w090,발렌타인 17년,バランタイン 17年 トリビュートリリース,,False,304076,JP,酒類ドットコム(syurui)(Shopify products.json),2026-06-15,overseas,2026-06_jp_shopify_poc.csv,matched,
w091,잭다니엘 허니,잭 다니엘스 허니 700ml,700,False,49800,KR,롯데마트,2026-04-23,youtube_martweb,2026-04.csv,matched,
w091,잭다니엘 허니,잭다니엘 허니 1L,1000,False,57900,KR,코스트코,2026-03-16,youtube_martweb,2026-03.csv,matched,
w091,잭다니엘 허니,잭다니엘 허니,,False,74000,KR-DS,코스트코,2026-06-16,dailyshot,2026-06_dailyshot.csv,matched,
w092,발렌타인 싱글몰트 글렌버기 16년,발렌타인 싱글트 글램버이 16년 스몰 배치 700ml,700,False,169800,KR,트레이더스,2026-05-19,youtube_martweb,2026-05.csv,matched,
w092,발렌타인 싱글몰트 글렌버기 16년,발렌타인 싱글트 글램버기 16년 스몰 배치,,False,169800,KR,트레이더스,2026-05-13,youtube_martweb,2026-05.csv,matched,
w092,발렌타인 싱글몰트 글렌버기 16년,발렌타인 싱글램버이 16년,,False,169800,KR,트레이더스,2026-06-01,youtube_martweb,2026-06.csv,matched,
w093,글렌파클라스 15년,파클라스 15년 700ml,700,False,119400,KR,트레이더스,2026-04-19,youtube_martweb,2026-04.csv,matched,
w093,글렌파클라스 15년,파클라스 15년 700ml,700,False,119400,KR,트레이더스,2026-04-14,youtube_martweb,2026-04.csv,matched,
w093,글렌파클라스 15년,파클라스 15년 700ml,700,False,119400,KR,트레이더스,2026-05-19,youtube_martweb,2026-05.csv,matched,
w093,글렌파클라스 15년,파클라스 15년 700ml,700,False,119400,KR,트레이더스,2026-05-04,youtube_martweb,2026-05.csv,matched,
w093,글렌파클라스 15년,파클라스 15년,,False,137000,KR-DS,트레이더스,2026-06-16,dailyshot,2026-06_dailyshot.csv,matched,
w094,글렌피딕 12년 셰리 캐스크,글렌피딕 12년 쉐리케스크 700ml,700,False,69900,KR,코스트코,2026-04-25,youtube_martweb,2026-04.csv,matched,
w094,글렌피딕 12년 셰리 캐스크,글렌피딕 12년 쉐리케스크 700ml,700,False,69900,KR,코스트코,2026-05-15,youtube_martweb,2026-05.csv,matched,
w094,글렌피딕 12년 셰리 캐스크,글렌피딕 12년 쉐리케스크 700ml,700,False,69900,KR,코스트코,2026-05-05,youtube_martweb,2026-05.csv,matched,
w094,글렌피딕 12년 셰리 캐스크,글렌피딕 12년 쉐리 700ml,700,False,89800,KR,롯데마트,2026-04-23,youtube_martweb,2026-04.csv,matched,
w095,러셀스 리저브 10년,러셀 리저브 10년 750ml,750,False,59400,KR,트레이더스,2026-04-01,youtube_martweb,2026-04.csv,matched,
w095,러셀스 리저브 10년,러셀 리저브 10년 750ml,750,False,69800,KR,이마트,2026-03-11,youtube_martweb,2026-03.csv,matched,
w095,러셀스 리저브 10년,러셀 리저브 10년,700,False,83000,KR-DS,이마트 / 트레이더스,2026-06-16,dailyshot,2026-06_dailyshot.csv,matched,
w095,러셀스 리저브 10년,러셀 리저브 10년 750ml,750,False,99000,KR,롯데마트,2026-04-23,youtube_martweb,2026-04.csv,matched,
w096,글렌알라키 10년 루비 포트,글렌알라키 10년 루비포트 700ml,700,False,89800,KR,트레이더스,2026-04-19,youtube_martweb,2026-04.csv,matched,
w096,글렌알라키 10년 루비 포트,글렌라키 10년 루비 포트 700ml,700,False,89800,KR,트레이더스,2026-05-19,youtube_martweb,2026-05.csv,matched,
w096,글렌알라키 10년 루비 포트,글렌알라키 10년 루비포트 700ml,700,False,89800,KR,트레이더스,2026-05-04,youtube_martweb,2026-05.csv,matched,
w096,글렌알라키 10년 루비 포트,글렌알라키 10년 루비포트,,False,185000,KR-DS,트레이더스,2026-06-16,dailyshot,2026-06_dailyshot.csv,matched,
w097,주라 18년,주라 18년 700ml,700,False,79400,KR,트레이더스,2026-04-14,youtube_martweb,2026-04.csv,matched,
w097,주라 18년,주라 18년 700ml,700,False,79400,KR,트레이더스,2026-04-01,youtube_martweb,2026-04.csv,matched,
w097,주라 18년,주라 18년,,False,119800,KR-DS,트레이더스,2026-06-16,dailyshot,2026-06_dailyshot.csv,matched,
w098,커클랜드 15년 하일랜드 싱글몰트,커클랜드 15년 하일랜드 싱글몰트 위스키,,False,133900,KR,코스트코,2026-05-30,youtube_martweb,2026-05.csv,matched,
w098,커클랜드 15년 하일랜드 싱글몰트,커클랜드 15년 하일랜드 싱글몰트 위스키,,False,133900,KR,코스트코,2026-06-01,youtube_martweb,2026-06.csv,matched,
w100,커클랜드 시그니처 캐나디안,커클랜드 시그니처 캐나디안 위스키 1.75L,1750,False,34990,KR,코스트코,2026-05-30,youtube_martweb,2026-05.csv,matched,
w100,커클랜드 시그니처 캐나디안,커클랜드 시그니처 캐나디안 위스키 1.75L,1750,False,34990,KR,코스트코,2026-06-01,youtube_martweb,2026-06.csv,matched,
w102,라프로익 오크 셀렉트,라프로익 오크셀렉트,,False,47500,KR-DS,이마트,2026-06-16,dailyshot,2026-06_dailyshot.csv,matched,
w102,라프로익 오크 셀렉트,라프로익 오크셀렉트 700ml,700,False,69800,KR,이마트,2026-03-11,youtube_martweb,2026-03.csv,matched,
w102,라프로익 오크 셀렉트,Laphroaig Select,,False,136075,HK,TheRareMalt(Shopify products.json),2026-06-15,overseas,2026-06_hk_whisky_poc.csv,matched,
w102,라프로익 오크 셀렉트,Laphroaig SELECT Single Malt Islay Scotch Whisky,,False,160817,HK,Mizunara(Shopify products.json),2026-06-15,overseas,2026-06_hk_whisky_poc.csv,matched,
w102,라프로익 오크 셀렉트,Laphroaig SELECT 200 Years Anniversary Islay Single Malt Scotch Whisky,,False,202050,HK,Mizunara(Shopify products.json),2026-06-15,overseas,2026-06_hk_whisky_poc.csv,matched,
w103,린도어스 1494 코어,린도어스 1494 코어 위스키 700ml,700,False,69800,KR,이마트,2026-03-11,youtube_martweb,2026-03.csv,matched,
w104,맥캘란 셰리 오크 12년,맥캘란 쉐리오크 12년 700ml,700,False,119800,KR,트레이더스,2026-05-13,youtube_martweb,2026-05.csv,matched,
w105,발베니 16년 프렌치 오크,발베니 16년 프렌치오크,,False,230000,KR-DS,이마트,2026-06-16,dailyshot,2026-06_dailyshot.csv,matched,
w105,발베니 16년 프렌치 오크,발베니 16년 프렌치오크 700ml,700,False,249800,KR,이마트,2026-03-11,youtube_martweb,2026-03.csv,matched,
w105,발베니 16년 프렌치 오크,"Balvenie - 16y, French Oak, 47.6%",,False,643265,HK,Caskells(Shopify products.json),2026-06-15,overseas,2026-06_hk_whisky_poc.csv,matched,
w106,벨즈,벨즈 스카치 위스키,700,False,15400,KR-DS,코스트코,2026-06-16,dailyshot,2026-06_dailyshot.csv,matched,
w106,벨즈,벨즈 스카치 위스키 1L,1000,False,17790,KR,코스트코,2026-05-05,youtube_martweb,2026-05.csv,matched,
w107,부쉬밀 10년 싱글몰트,부시밀 10년 싱글트 700ml,700,False,44940,KR,트레이더스,2026-04-01,youtube_martweb,2026-04.csv,matched,
w107,부쉬밀 10년 싱글몰트,ブッシュミルズ シングルモルト 10年,,False,118428,JP,酒類ドットコム(syurui)(Shopify products.json),2026-06-15,overseas,2026-06_jp_shopify_poc.csv,matched,
w107,부쉬밀 10년 싱글몰트,ブッシュミルズ シングルモルト 10年 40% 700ml 箱付 アイリッシュ ウイスキー,700,False,133091,JP,SAKE People(Shopify products.json),2026-06-15,overseas,2026-06_jp_shopify_poc.csv,matched,
w108,부쉬밀 12년 싱글몰트,부시밀 12년 싱글트 700ml,700,False,59400,KR,이마트,2026-03-11,youtube_martweb,2026-03.csv,matched,
w109,블랙보트,블랙보트 스카치 위스키 700ml,700,False,19800,KR,이마트,2026-03-11,youtube_martweb,2026-03.csv,matched,
w110,에반 윌리엄스 싱글배럴,에반 윌리엄스 싱글 베럴 750ml,750,False,69800,KR,이마트,2026-03-11,youtube_martweb,2026-03.csv,matched,
w111,에반 윌리엄스 BIB,에반윌리엄스 BIB 750ml,750,False,31800,KR,이마트,2026-03-11,youtube_martweb,2026-03.csv,matched,
w111,에반 윌리엄스 BIB,에반 윌리엄스 BIB 12주년 에디션 50도 1L,1000,False,35980,KR,트레이더스,2026-05-04,youtube_martweb,2026-05.csv,matched,
w111,에반 윌리엄스 BIB,에반 윌리엄스 BIB 12주년 에디션,,False,39980,KR,트레이더스,2026-06-01,youtube_martweb,2026-06.csv,matched,
w112,커클랜드 바틀드 인 본드 버번,커클랜드 시그니처 바틀 인본드 버뉴스키 1L,1000,False,62900,KR,코스트코,2026-03-16,youtube_martweb,2026-03.csv,matched,
w113,코발 밀레,코발 밀레 위스키 500ml,500,False,53400,KR,이마트,2026-03-11,youtube_martweb,2026-03.csv,matched,
w113,코발 밀레,코발 밀레 위스키,,False,99000,KR-DS,이마트,2026-06-16,dailyshot,2026-06_dailyshot.csv,matched,
w114,코발 라이,코발라이 위스키 500ml,500,False,53400,KR,이마트,2026-03-11,youtube_martweb,2026-03.csv,matched,
w115,글렌피딕 18년,글렌피딕 18년 700ml,700,False,256600,KR,롯데마트,2026-04-23,youtube_martweb,2026-04.csv,matched,
w115,글렌피딕 18년,"Glenfiddich - 18y, 40%",,False,404102,HK,Caskells(Shopify products.json),2026-06-15,overseas,2026-06_hk_whisky_poc.csv,matched,
w116,주라 10년,주라 10년 700ml,700,False,78000,KR,롯데마트,2026-04-23,youtube_martweb,2026-04.csv,matched,
w117,주라 12년 셰리 캐스크,주라 12년 쉐리케스크 700ml,700,False,89900,KR,롯데마트,2026-04-23,youtube_martweb,2026-04.csv,matched,
w117,주라 12년 셰리 캐스크,"Jura - 12y Sherry cask , 40%",,False,197927,HK,Caskells(Shopify products.json),2026-06-15,overseas,2026-06_hk_whisky_poc.csv,matched,
w117,주라 12년 셰리 캐스크,Jura 12 Years Old Sherry Cask Finished Single Malt Scotch Whisky,,False,243286,HK,Mizunara(Shopify products.json),2026-06-15,overseas,2026-06_hk_whisky_poc.csv,matched,
w118,탈리스커 디스틸러스 에디션,탈리스커 디스틸러스 에디션 700ml,700,False,99800,KR,롯데마트,2026-04-23,youtube_martweb,2026-04.csv,matched,
w119,그란츠 트리플 우드,그란츠 트리플 우드 700ml,700,False,16800,KR,롯데마트,2026-04-23,youtube_martweb,2026-04.csv,matched,
w120,글렌그란트 아보랄리스,글랜그란트 아보랄리스 700ml,700,False,74000,KR,롯데마트,2026-04-23,youtube_martweb,2026-04.csv,matched,
w121,네이키드 몰트,네이키드 몰트 700ml,700,False,67100,KR,롯데마트,2026-04-23,youtube_martweb,2026-04.csv,matched,
w122,듀어스 캐리비안 스무스 8년,듀어스 캐리비안 스무스 8연 700ml,700,False,47500,KR,롯데마트,2026-04-23,youtube_martweb,2026-04.csv,matched,
w122,듀어스 캐리비안 스무스 8년,デュワーズ イリーガルスムース 8年 [ ウイスキー イギリス 700ml ],700,False,59891,JP,酒庫住田屋(sumidaya)(Shopify products.json),2026-06-15,overseas,2026-06_jp_shopify_poc.csv,matched,
w122,듀어스 캐리비안 스무스 8년,デュワーズ ジャパニーズスムース 8年 700ml 40%【特典付き】,700,False,66546,JP,酒庫住田屋(sumidaya)(Shopify products.json),2026-06-15,overseas,2026-06_jp_shopify_poc.csv,matched,
w122,듀어스 캐리비안 스무스 8년,デュワーズ カリビアンスムース 8年 40% 700ml 箱なし ブレンデッド スコッチ ウイスキー,700,False,67077,JP,SAKE People(Shopify products.json),2026-06-15,overseas,2026-06_jp_shopify_poc.csv,matched,
w123,라벨 5,라벨 5오 스카치 위스키 700ml,700,False,25800,KR,롯데마트,2026-04-23,youtube_martweb,2026-04.csv,matched,
w124,발렌타인 싱글몰트 글렌버기 18년,발렌타인 18년 싱글트 글램버기 700ml,700,False,267500,KR,롯데마트,2026-04-23,youtube_martweb,2026-04.csv,matched,
w124,발렌타인 싱글몰트 글렌버기 18년,バランタイン シングルモルト グレンバーギー 18年,,False,366145,JP,酒類ドットコム(syurui)(Shopify products.json),2026-06-15,overseas,2026-06_jp_shopify_poc.csv,matched,
w124,발렌타인 싱글몰트 글렌버기 18년,新 バランタイン シングルモルト グレンバーギー 18年,,False,376454,JP,酒類ドットコム(syurui)(Shopify products.json),2026-06-15,overseas,2026-06_jp_shopify_poc.csv,matched,
w125,발렌타인 마스터즈,발렌타인 마스터즈 700ml,700,False,78500,KR,롯데마트,2026-04-23,youtube_martweb,2026-04.csv,matched,
w126,스모크헤드 오리지널,스모크헤드 오리지널 700ml,700,False,76100,KR,롯데마트,2026-04-23,youtube_martweb,2026-04.csv,matched,
w127,스카치블루 17년,스카치 블로 17년 450ml,450,False,45800,KR,롯데마트,2026-04-23,youtube_martweb,2026-04.csv,matched,
w128,스카치블루 클래식,스카치 블루 클래식 700ml,700,False,27900,KR,롯데마트,2026-04-23,youtube_martweb,2026-04.csv,matched,
w129,윈저 12년,윈저 12년 500ml,500,False,24800,KR,롯데마트,2026-04-23,youtube_martweb,2026-04.csv,matched,
w130,칼라일,칼라일 스카치 위스키 700ml,700,False,15800,KR,롯데마트,2026-04-23,youtube_martweb,2026-04.csv,matched,
w130,칼라일,칼라 1 블렌디드 스카치 위스키,,False,23980,KR,트레이더스,2026-06-01,youtube_martweb,2026-06.csv,matched,
w146,달모어 12년 셰리캐스크,달모어 12년 쉐리케스크 싱글 모트 위스키 700ml,700,False,144900,KR,코스트코,2026-03-24,youtube_martweb,2026-03.csv,matched,
w146,달모어 12년 셰리캐스크,달모어 12년 쉐리케스크 싱글 몰트 위스키 700ml,700,False,144900,KR,코스트코,2026-03-16,youtube_martweb,2026-03.csv,matched,
w146,달모어 12년 셰리캐스크,달모어 12년 쉐리케스크 700ml,700,False,144900,KR,코스트코,2026-04-25,youtube_martweb,2026-04.csv,matched,
w146,달모어 12년 셰리캐스크,달모어 12년 쉐리캐스크 700ml,700,False,144900,KR,코스트코,2026-04-14,youtube_martweb,2026-04.csv,matched,
w146,달모어 12년 셰리캐스크,달모어 12년 쉐리케스크 싱글트 위스키 700ml,700,False,144900,KR,코스트코,2026-04-09,youtube_martweb,2026-04.csv,matched,
w146,달모어 12년 셰리캐스크,달모어 12년 쉐리케스크 700ml,700,False,144900,KR,코스트코,2026-05-15,youtube_martweb,2026-05.csv,matched,
