goos_cd,name,brand,volume_ml,regular_price,sale_price,discount_pct,currency,krw_price,l_cate,category,is_dutyfree,exch_rate,source,collected_at
102488000001,발렌타인 30년 700ml,발렌타인,700,447.0,312.9,30.0,USD,486277,liquor,주류/위스키,True,1554.1,신세계(SSG)면세,2026-07-04T00:15:37Z
102447200008,조니워커 블루라벨 750ml,조니워커,750,227.0,147.55,35.0,USD,229307,liquor,주류/위스키,True,1554.1,신세계(SSG)면세,2026-07-04T00:15:37Z
115348000013,카발란 비노바리끄 솔리스트 1000ml,카발란,1000,230.0,138.0,40.0,USD,214465,liquor,주류/위스키,True,1554.1,신세계(SSG)면세,2026-07-04T00:15:37Z
111038000021,발베니 12 골든럼 캐스크 700ml,발베니,700,80.0,42.64,47.0,USD,66266,liquor,주류/위스키,True,1554.1,신세계(SSG)면세,2026-07-04T00:15:37Z
102438000004,로얄살루트 21년 700ml,로얄 살루트,700,176.0,123.2,30.0,USD,191465,liquor,주류/위스키,True,1554.1,신세계(SSG)면세,2026-07-04T00:15:37Z
106858000014,브룩라디 블랙아트 사페로 700ml,브룩라디,700,238.0,238.0,0.0,USD,369875,liquor,주류/위스키,True,1554.1,신세계(SSG)면세,2026-07-04T00:15:37Z
102487200027,발렌타인 23년 700ml,발렌타인,700,210.0,147.0,30.0,USD,228452,liquor,주류/위스키,True,1554.1,신세계(SSG)면세,2026-07-04T00:15:37Z
106858000011,브룩라디 옥토모어 15.3 700ml,브룩라디,700,230.0,230.0,0.0,USD,357443,liquor,주류/위스키,True,1554.1,신세계(SSG)면세,2026-07-04T00:15:37Z
102447200007,조니워커 블루라벨 1000ml,조니워커,1000,302.0,196.3,35.0,USD,305069,liquor,주류/위스키,True,1554.1,신세계(SSG)면세,2026-07-04T00:15:37Z
102448000040,조니워커 엑스오디네어 750ml,조니워커,750,262.0,170.3,35.0,USD,264663,liquor,주류/위스키,True,1554.1,신세계(SSG)면세,2026-07-04T00:15:37Z
102438000015,로얄살루트 32년 500ml,로얄 살루트,500,447.0,312.9,30.0,USD,486277,liquor,주류/위스키,True,1554.1,신세계(SSG)면세,2026-07-04T00:15:37Z
111048000017,글렌피딕 22년 그랑 코르테즈 700ml,글렌피딕,700,310.0,181.35,42.0,USD,281836,liquor,주류/위스키,True,1554.1,신세계(SSG)면세,2026-07-04T00:15:37Z
102448000054,조니워커 블루라벨 신년 에디션 (말의 해) 1000ml,조니워커,1000,353.0,257.34,27.0,USD,399932,liquor,주류/위스키,True,1554.1,신세계(SSG)면세,2026-07-04T00:15:37Z
102438000010,로얄살루트 21년 빈티지 700ml,로얄 살루트,700,211.0,147.7,30.0,USD,229540,liquor,주류/위스키,True,1554.1,신세계(SSG)면세,2026-07-04T00:15:37Z
102487200028,발렌타인 21년 700ml,발렌타인,700,170.0,119.0,30.0,USD,184937,liquor,주류/위스키,True,1554.1,신세계(SSG)면세,2026-07-04T00:15:37Z
111038000003,발베니 18 PX 셰리 캐스크 700ml,발베니,700,277.0,147.64,47.0,USD,229447,liquor,주류/위스키,True,1554.1,신세계(SSG)면세,2026-07-04T00:15:37Z
115348000014,카발란 포트 솔리스트 1000ml,카발란,1000,218.0,130.8,40.0,USD,203276,liquor,주류/위스키,True,1554.1,신세계(SSG)면세,2026-07-04T00:15:37Z
106858000009,브룩라디 블랙아트10 700ml,브룩라디,700,450.0,360.0,20.0,USD,559476,,주류/위스키,True,1554.1,신세계(SSG)면세,2026-07-04T00:15:37Z
102447200014,조니워커 앤 선즈 킹 조지 5세 500ml,조니워커,500,440.0,254.54,42.0,USD,395580,liquor,주류/위스키,True,1554.1,신세계(SSG)면세,2026-07-04T00:15:37Z
102487200029,발렌타인 17년 700ml,발렌타인,700,94.0,65.8,30.0,USD,102259,liquor,주류/위스키,True,1554.1,신세계(SSG)면세,2026-07-04T00:15:37Z
106858000007,브룩라디 옥토모어15.1 700ml,브룩라디,700,167.0,108.55,35.0,USD,168697,,주류/위스키,True,1554.1,신세계(SSG)면세,2026-07-04T00:15:37Z
110738000042,[면세한정] 달모어 19년 PX 쉐리캐스크 700ml,달모어,700,350.0,332.5,5.0,USD,516738,liquor,주류/위스키,True,1554.1,신세계(SSG)면세,2026-07-04T00:15:37Z
106768000062,산토리 야마자키 코게이 700ml,산토리,700,230.0,230.0,0.0,USD,357443,liquor,주류/위스키,True,1554.1,신세계(SSG)면세,2026-07-04T00:15:37Z
111038000002,발베니 15 마데이라 캐스크 700ml,발베니,700,164.0,86.35,47.0,USD,134196,liquor,주류/위스키,True,1554.1,신세계(SSG)면세,2026-07-04T00:15:37Z
111047200019,글렌피딕 23년 그랑 크루 700ml,글렌피딕,700,353.0,199.62,43.0,USD,310229,liquor,주류/위스키,True,1554.1,신세계(SSG)면세,2026-07-04T00:15:37Z
106858000015,브룩라디 옥토모어 16.1 700ml,브룩라디,700,167.0,167.0,0.0,USD,259534,liquor,주류/위스키,True,1554.1,신세계(SSG)면세,2026-07-04T00:15:37Z
114688000086,[신세계에디션]글렌알라키 12년 PX 쉐리캐스크 피니쉬 SSG Ed. 700ml,글렌알라키,700,142.0,78.38,45.0,USD,121810,liquor,주류/위스키,True,1554.1,신세계(SSG)면세,2026-07-04T00:15:37Z
102408000020,글렌모렌지 시그넷 700ml,글렌모렌지,700,198.0,168.3,15.0,USD,261555,liquor,주류/위스키,True,1554.1,신세계(SSG)면세,2026-07-04T00:15:37Z
102447200009,조니워커 앤 선즈 킹 조지 5세 750ml,조니워커,750,702.0,406.11,42.0,USD,631135,liquor,주류/위스키,True,1554.1,신세계(SSG)면세,2026-07-04T00:15:37Z
114688000088,글렌알라키 싱글캐스크 2012 12년 PX 700ml,글렌알라키,700,240.0,156.24,35.0,USD,242812,,주류/위스키,True,1554.1,신세계(SSG)면세,2026-07-04T00:15:37Z
114688000084,글렌알라키 15년 (24RB) 700ml,글렌알라키,700,169.0,86.19,49.0,USD,133947,liquor,주류/위스키,True,1554.1,신세계(SSG)면세,2026-07-04T00:15:37Z
111038000009,발베니 25년 레어메리지 700ml,발베니,700,998.0,628.74,37.0,USD,977124,,주류/위스키,True,1554.1,신세계(SSG)면세,2026-07-04T00:15:37Z
106858000013,브룩라디 옥토모어 14.3 700ml,브룩라디,700,230.0,230.0,0.0,USD,357443,liquor,주류/위스키,True,1554.1,신세계(SSG)면세,2026-07-04T00:15:37Z
111048000005,글렌피딕 18 벳 4 퍼페추얼 컬렉션 700ml,글렌피딕,700,145.0,73.08,50.0,USD,113573,liquor,주류/위스키,True,1554.1,신세계(SSG)면세,2026-07-04T00:15:37Z
115348000012,카발란 피노 솔리스트 1000ml,카발란,1000,380.0,304.0,20.0,USD,472446,liquor,주류/위스키,True,1554.1,신세계(SSG)면세,2026-07-04T00:15:37Z
111048000003,글렌피딕 15 벳 3 퍼페추얼 컬렉션 700ml,글렌피딕,700,99.0,50.49,49.0,USD,78466,liquor,주류/위스키,True,1554.1,신세계(SSG)면세,2026-07-04T00:15:37Z
114688000090,글렌알라키 18년 (24RB) 700ml,글렌알라키,700,271.0,161.6,40.0,USD,251142,,주류/위스키,True,1554.1,신세계(SSG)면세,2026-07-04T00:15:37Z
102448000050,조니워커 블루라벨 500ml,조니워커,500,160.0,104.0,35.0,USD,161626,liquor,주류/위스키,True,1554.1,신세계(SSG)면세,2026-07-04T00:15:37Z
115348000005,카발란 EX 버번 솔리스트 1000ml,카발란,1000,154.0,92.4,40.0,USD,143598,liquor,주류/위스키,True,1554.1,신세계(SSG)면세,2026-07-04T00:15:37Z
102408000016,아드벡 21년,아드벡,,440.0,352.0,20.0,USD,547043,liquor,주류/위스키,True,1554.1,신세계(SSG)면세,2026-07-04T00:15:37Z
106758000001,로얄브라클라 21년 700ml,듀어스,700,348.0,160.78,54.0,USD,249868,liquor,주류/위스키,True,1554.1,신세계(SSG)면세,2026-07-04T00:15:37Z
102418000015,벤리악 포 캐스크 30년 700ml,벤리악,700,820.0,582.2,29.0,USD,904797,,주류/위스키,True,1554.1,신세계(SSG)면세,2026-07-04T00:15:37Z
115958000025,맥캘란 올로로소 쉐리 1997 700ml,사마롤리,700,11754.0,8227.8,30.0,USD,12786823,liquor,주류/위스키,True,1554.1,신세계(SSG)면세,2026-07-04T00:15:37Z
115338000029,더 글렌그란트 18년 700ml,더 글렌그란트,700,142.0,78.53,45.0,USD,122043,liquor,주류/위스키,True,1554.1,신세계(SSG)면세,2026-07-04T00:15:37Z
111038000017,발베니 21 포트우드 700ml,발베니,700,360.0,288.0,20.0,USD,447580,liquor,주류/위스키,True,1554.1,신세계(SSG)면세,2026-07-04T00:15:37Z
111038000008,발베니 40년 레어메리지 700ml,발베니,700,10078.0,7029.41,30.0,USD,10924406,,주류/위스키,True,1554.1,신세계(SSG)면세,2026-07-04T00:15:37Z
106938000017,보모어 22년 700ml,보모어,700,399.0,212.27,47.0,USD,329888,,주류/위스키,True,1554.1,신세계(SSG)면세,2026-07-04T00:15:37Z
106758000002,로얄브라클라 12년 1000ml,듀어스,1000,97.0,49.47,49.0,USD,76881,liquor,주류/위스키,True,1554.1,신세계(SSG)면세,2026-07-04T00:15:37Z
102437200011,로얄살루트 32년 더 프레셔스 주얼 500ml,로얄 살루트,500,447.0,335.25,25.0,USD,521012,liquor,주류/위스키,True,1554.1,신세계(SSG)면세,2026-07-04T00:15:37Z
102448000048,조니워커 아일랜드 그린 1000ml,조니워커,1000,86.0,43.0,50.0,USD,66826,,주류/위스키,True,1554.1,신세계(SSG)면세,2026-07-04T00:15:37Z
111048000019,글렌피딕 19년 애스턴마틴 F1 700ml,글렌피딕,700,165.0,91.16,45.0,USD,141671,liquor,주류/위스키,True,1554.1,신세계(SSG)면세,2026-07-04T00:15:37Z
114688000087,글렌알라키 싱글캐스크 2012 12년 OLOROSO 700ml,글렌알라키,700,240.0,156.24,35.0,USD,242812,,주류/위스키,True,1554.1,신세계(SSG)면세,2026-07-04T00:15:37Z
115968000029,스프링뱅크 25년 배치#14 500ml,댓 부티키 위스키 컴퍼니,500,1170.0,811.4,31.0,USD,1260996,,주류/위스키,True,1554.1,신세계(SSG)면세,2026-07-04T00:15:37Z
111048000001,글렌피딕 26 그랑 쿠론 700ml,글렌피딕,700,706.0,404.75,43.0,USD,629021,liquor,주류/위스키,True,1554.1,신세계(SSG)면세,2026-07-04T00:15:37Z
115338000014,와일드터키 레어브리드 1000ml,와일드터키,1000,63.0,36.8,42.0,USD,57190,liquor,주류/위스키,True,1554.1,신세계(SSG)면세,2026-07-04T00:15:37Z
102447200016,조니워커 18년 750ml,조니워커,750,112.0,56.55,50.0,USD,87884,liquor,주류/위스키,True,1554.1,신세계(SSG)면세,2026-07-04T00:15:37Z
115338000009,더 글렌그란트 15년 1000ml,더 글렌그란트,1000,128.0,60.03,53.0,USD,93292,liquor,주류/위스키,True,1554.1,신세계(SSG)면세,2026-07-04T00:15:37Z
111047200004,글렌피딕 21년 700ml,글렌피딕,700,264.0,140.71,47.0,USD,218677,liquor,주류/위스키,True,1554.1,신세계(SSG)면세,2026-07-04T00:15:37Z
102447200001,조니워커 블랙 1000ml,조니워커,1000,56.0,28.0,50.0,USD,43514,liquor,주류/위스키,True,1554.1,신세계(SSG)면세,2026-07-04T00:15:37Z
106987200005,라프로익 PX 캐스크 1000ml,라프로익,1000,120.0,56.76,53.0,USD,88210,liquor,주류/위스키,True,1554.1,신세계(SSG)면세,2026-07-04T00:15:37Z
102448000002,라가불린 16년 700ml,라가불린,700,122.0,73.2,40.0,USD,113760,liquor,주류/위스키,True,1554.1,신세계(SSG)면세,2026-07-04T00:15:37Z
106758000003,로얄브라클라 18년 700ml,듀어스,700,219.0,116.95,47.0,USD,181752,liquor,주류/위스키,True,1554.1,신세계(SSG)면세,2026-07-04T00:15:37Z
111038000007,발베니 19 위크 오브 피트 700ml,발베니,700,315.0,163.8,48.0,USD,254561,liquor,주류/위스키,True,1554.1,신세계(SSG)면세,2026-07-04T00:15:37Z
106858000010,브룩라디 옥토모어 15.2 700ml,브룩라디,700,190.0,190.0,0.0,USD,295279,liquor,주류/위스키,True,1554.1,신세계(SSG)면세,2026-07-04T00:15:37Z
110737200001,달모어 퀸텐센스 700ml,달모어,700,1640.0,1558.0,5.0,USD,2421287,liquor,주류/위스키,True,1554.1,신세계(SSG)면세,2026-07-04T00:15:37Z
106878000003,에버펠디 45년 700ml,에버펠디,700,7556.0,4533.6,40.0,USD,7045667,,주류/위스키,True,1554.1,신세계(SSG)면세,2026-07-04T00:15:37Z
102417200017,우드포드리저브 더블오크 1000ml,우드포드 리저브,1000,75.0,44.1,41.0,USD,68535,liquor,주류/위스키,True,1554.1,신세계(SSG)면세,2026-07-04T00:15:37Z
115968000031,스프링뱅크 19년 배치#25 500ml,댓 부티키 위스키 컴퍼니,500,656.0,454.94,31.0,USD,707022,,주류/위스키,True,1554.1,신세계(SSG)면세,2026-07-04T00:15:37Z
102417200029,글렌드로낙 16년 700ml,글렌드로낙,700,135.0,108.0,20.0,USD,167842,liquor,주류/위스키,True,1554.1,신세계(SSG)면세,2026-07-04T00:15:37Z
106758000013,듀어스 더블더블 20년 500ml,듀어스,500,133.0,73.42,45.0,USD,114102,liquor,주류/위스키,True,1554.1,신세계(SSG)면세,2026-07-04T00:15:37Z
106858000004,브룩라디 21년 700ml,브룩라디,700,275.0,165.0,40.0,USD,256426,,주류/위스키,True,1554.1,신세계(SSG)면세,2026-07-04T00:15:37Z
115348000002,카발란 클래식 1000ml,카발란,1000,109.0,65.4,40.0,USD,101638,liquor,주류/위스키,True,1554.1,신세계(SSG)면세,2026-07-04T00:15:37Z
102438000016,로얄살루트 21년 해리스 리드 에디션 700ml,로얄 살루트,700,229.0,160.3,30.0,USD,249122,liquor,주류/위스키,True,1554.1,신세계(SSG)면세,2026-07-04T00:15:37Z
102437200014,로얄살루트 21년 1000ml,로얄 살루트,1000,251.0,175.7,30.0,USD,273055,liquor,주류/위스키,True,1554.1,신세계(SSG)면세,2026-07-04T00:15:37Z
102488000018,발렌타인 21년 500ml,발렌타인,500,121.0,84.7,30.0,USD,131632,liquor,주류/위스키,True,1554.1,신세계(SSG)면세,2026-07-04T00:15:37Z
106858000017,브룩라디 옥토모어 16.3 700ml,브룩라디,700,230.0,230.0,0.0,USD,357443,liquor,주류/위스키,True,1554.1,신세계(SSG)면세,2026-07-04T00:15:37Z
106828000006,글렌키스21년 700ml,시크릿 스페이사이드,700,180.0,108.36,40.0,USD,168402,liquor,주류/위스키,True,1554.1,신세계(SSG)면세,2026-07-04T00:15:37Z
102447200012,조니워커 XR 21YO 750ml,조니워커,750,140.0,84.0,40.0,USD,130544,,주류/위스키,True,1554.1,신세계(SSG)면세,2026-07-04T00:15:37Z
118248000002,뉴리프 8년 라이 750ml,뉴 리프,750,98.0,78.4,20.0,USD,121841,liquor,주류/위스키,True,1554.1,신세계(SSG)면세,2026-07-04T00:15:37Z
102487200031,발렌타인 23년 싱글몰트 위스키 - 글렌토커스 700ml,발렌타인,700,262.0,170.56,35.0,USD,265067,liquor,주류/위스키,True,1554.1,신세계(SSG)면세,2026-07-04T00:15:37Z
111048000002,글렌피딕 벳 1 퍼페추얼 컬렉션 1000ml,글렌피딕,1000,78.0,36.69,53.0,USD,57019,liquor,주류/위스키,True,1554.1,신세계(SSG)면세,2026-07-04T00:15:37Z
102417200005,잭다니엘 블랙라벨 1000ml,잭다니엘,1000,35.0,17.9,49.0,USD,27818,liquor,주류/위스키,True,1554.1,신세계(SSG)면세,2026-07-04T00:15:37Z
117218000010,배럴 씨그라스750ml,배럴크래프트스피릿,750,139.0,111.2,20.0,USD,172815,liquor,주류/위스키,True,1554.1,신세계(SSG)면세,2026-07-04T00:15:37Z
115338000035,와일드터키 켄터키 스피릿 프라이빗 에디션 750ml,와일드터키,750,77.0,61.6,20.0,USD,95732,liquor,주류/위스키,True,1554.1,신세계(SSG)면세,2026-07-04T00:15:37Z
106938000004,보모어 25년 700ml,보모어,700,560.0,394.24,30.0,USD,612688,liquor,주류/위스키,True,1554.1,신세계(SSG)면세,2026-07-04T00:15:37Z
102448000045,조니워커 골드 리저브 1000ml NEW,조니워커,1000,88.0,44.0,50.0,USD,68380,,주류/위스키,True,1554.1,신세계(SSG)면세,2026-07-04T00:15:37Z
102488000009,발렌타인 18년 싱글몰트 위스키 - 글렌버기 700ml,발렌타인,700,131.0,70.15,46.0,USD,109020,liquor,주류/위스키,True,1554.1,신세계(SSG)면세,2026-07-04T00:15:37Z
102418000008,우드포드리저브 더블엑스오 꼬냑피니시 700ml,우드포드 리저브,700,175.0,93.1,47.0,USD,144686,liquor,주류/위스키,True,1554.1,신세계(SSG)면세,2026-07-04T00:15:37Z
102488000024,발렌타인 21년 아티스트 에디션 5 700ml,발렌타인,700,167.0,116.9,30.0,USD,181674,liquor,주류/위스키,True,1554.1,신세계(SSG)면세,2026-07-04T00:15:37Z
106847200018,하일랜드파크 14년 울프 1000ml,하일랜드 파크,1000,100.0,45.24,55.0,USD,70307,liquor,주류/위스키,True,1554.1,신세계(SSG)면세,2026-07-04T00:15:37Z
115968000036,[신세계에디션]미쉘 쿠브어 신세계 에디션 700ml,미쉘 쿠브어,700,364.0,236.6,35.0,USD,367700,liquor,주류/위스키,True,1554.1,신세계(SSG)면세,2026-07-04T00:15:37Z
106938000023,보모어 19년 VAP 700ml,보모어,700,200.0,106.4,47.0,USD,165356,liquor,주류/위스키,True,1554.1,신세계(SSG)면세,2026-07-04T00:15:37Z
106758000020,NEW 올트모어 18년 (마데이라) 500ml,올트모어,500,125.0,65.31,48.0,USD,101498,,주류/위스키,True,1554.1,신세계(SSG)면세,2026-07-04T00:15:37Z
102428000006,시바스리갈 18년 700ml,시바스리갈,700,88.0,49.28,44.0,USD,76586,liquor,주류/위스키,True,1554.1,신세계(SSG)면세,2026-07-04T00:15:37Z
115348000015,카발란 올로로소 쉐리 오크 1000ml,카발란,1000,172.0,103.2,40.0,USD,160383,liquor,주류/위스키,True,1554.1,신세계(SSG)면세,2026-07-04T00:15:37Z
117928000006,탐두 그란 레제르바 700ml,탐두,700,269.0,169.47,37.0,USD,263373,liquor,주류/위스키,True,1554.1,신세계(SSG)면세,2026-07-04T00:15:37Z
115338000016,더 글렌그란트 21년 700ml,더 글렌그란트,700,340.0,178.5,48.0,USD,277406,,주류/위스키,True,1554.1,신세계(SSG)면세,2026-07-04T00:15:37Z
102427200010,시바스리갈 얼티스 1000ml,시바스리갈,1000,235.0,141.47,40.0,USD,219858,liquor,주류/위스키,True,1554.1,신세계(SSG)면세,2026-07-04T00:15:37Z
114698000043,글렌파클라스 패밀리 캐스크 2003_S24 700ml,글렌파클라스,700,528.0,369.6,30.0,USD,574395,,주류/위스키,True,1554.1,신세계(SSG)면세,2026-07-04T00:15:37Z
110738000043,[면세한정]달모어 16년 PX 쉐리캐스크 700ml,달모어,700,165.0,156.75,5.0,USD,243605,liquor,주류/위스키,True,1554.1,신세계(SSG)면세,2026-07-04T00:15:37Z
102488000026,아벨라워 아부나흐 700ml,아벨라워,700,115.0,80.5,30.0,USD,125105,liquor,주류/위스키,True,1554.1,신세계(SSG)면세,2026-07-04T00:15:37Z
111048000006,글렌피딕 30 타임시리즈 700ml,글렌피딕,700,1500.0,819.0,45.0,USD,1272807,,주류/위스키,True,1554.1,신세계(SSG)면세,2026-07-04T00:15:37Z
114698000002,글렌파클라스 105 1000ml,글렌파클라스,1000,126.0,59.85,53.0,USD,93012,liquor,주류/위스키,True,1554.1,신세계(SSG)면세,2026-07-04T00:15:37Z
118248000003,뉴리프 8년 버번 750ml,뉴 리프,750,98.0,78.4,20.0,USD,121841,liquor,주류/위스키,True,1554.1,신세계(SSG)면세,2026-07-04T00:15:37Z
117908000002,타케츠루 퓨어 몰트 그란데 700ml,닛카 위스키,700,110.0,88.0,20.0,USD,136760,,주류/위스키,True,1554.1,신세계(SSG)면세,2026-07-04T00:15:37Z
115968000034,페터캐른 34년 1990 700ml,동방명,700,420.0,294.0,30.0,USD,456905,,주류/위스키,True,1554.1,신세계(SSG)면세,2026-07-04T00:15:37Z
106768000057,하큐슈 18년 피티드 몰트 700ml,산토리,700,1470.0,1470.0,0.0,USD,2284527,,주류/위스키,True,1554.1,신세계(SSG)면세,2026-07-04T00:15:37Z
114698000041,글렌파클라스 프라이빗 캐스크 신세계 2009 700ml,글렌파클라스,700,450.0,315.0,30.0,USD,489541,,주류/위스키,True,1554.1,신세계(SSG)면세,2026-07-04T00:15:37Z
106858000016,브룩라디 옥토모어 16.2 700ml,브룩라디,700,190.0,190.0,0.0,USD,295279,liquor,주류/위스키,True,1554.1,신세계(SSG)면세,2026-07-04T00:15:37Z
111038000020,발베니 클래식 VAP 700ml,발베니,700,101.0,59.09,42.0,USD,91831,,주류/위스키,True,1554.1,신세계(SSG)면세,2026-07-04T00:15:37Z
102438000014,로얄살루트 21년 더 마이애미 폴로 에디션 700ml,로얄 살루트,700,211.0,147.7,30.0,USD,229540,liquor,주류/위스키,True,1554.1,신세계(SSG)면세,2026-07-04T00:15:37Z
111048000008,글렌피딕 XX 700ml,글렌피딕,700,92.0,47.84,48.0,USD,74348,,주류/위스키,True,1554.1,신세계(SSG)면세,2026-07-04T00:15:37Z
114688000083,글렌알라키 12년 (24RB) 700mL,글렌알라키,700,107.0,53.55,50.0,USD,83222,,주류/위스키,True,1554.1,신세계(SSG)면세,2026-07-04T00:15:37Z
114698000033,글렌파클라스 패밀리 캐스크 2008_S23 700ml,글렌파클라스,700,382.0,267.4,30.0,USD,415566,liquor,주류/위스키,True,1554.1,신세계(SSG)면세,2026-07-04T00:15:37Z
111048000023,글렌피딕 18 벳 4 퍼페추얼 IGL CNY 700ml,글렌피딕,700,145.0,94.25,35.0,USD,146473,liquor,주류/위스키,True,1554.1,신세계(SSG)면세,2026-07-04T00:15:37Z
110738000032,패터캐른 28년 700ml,패터캐른,700,928.0,556.8,40.0,USD,865322,,주류/위스키,True,1554.1,신세계(SSG)면세,2026-07-04T00:15:37Z
114688000076,포트애스케이그 8년 글라스 패키지 700ml,포트애스케이그,700,91.0,36.86,60.0,USD,57284,liquor,주류/위스키,True,1554.1,신세계(SSG)면세,2026-07-04T00:15:37Z
110738000018,달모어 2008 빈티지 700ml,달모어,700,225.0,213.75,5.0,USD,332188,liquor,주류/위스키,True,1554.1,신세계(SSG)면세,2026-07-04T00:15:37Z
110798000009,부쉬밀 싱글몰트 31년 마데이라 캐스크 700ml,부쉬밀,700,2500.0,1625.0,35.0,USD,2525412,,주류/위스키,True,1554.1,신세계(SSG)면세,2026-07-04T00:15:37Z
115378000015,이글레어 10년 버번 위스키 750ml,버팔로 트레이스,750,58.0,32.48,44.0,USD,50477,,주류/위스키,True,1554.1,신세계(SSG)면세,2026-07-04T00:15:37Z
106938000020,보모어 16년 700ml,보모어,700,110.0,58.52,47.0,USD,90945,,주류/위스키,True,1554.1,신세계(SSG)면세,2026-07-04T00:15:37Z
102418000007,잭다니엘 테네시 애플 1000ml,잭다니엘,1000,35.0,17.33,51.0,USD,26932,liquor,주류/위스키,True,1554.1,신세계(SSG)면세,2026-07-04T00:15:37Z
115348000003,카발란 콘서트마스터 1000ml,카발란,1000,88.0,52.8,40.0,USD,82056,liquor,주류/위스키,True,1554.1,신세계(SSG)면세,2026-07-04T00:15:37Z
106758000017,듀어스 더블더블 30년 500ml,듀어스,500,340.0,177.48,48.0,USD,275821,liquor,주류/위스키,True,1554.1,신세계(SSG)면세,2026-07-04T00:15:37Z
110798000010,부쉬밀 18년 트리플 캐스크 700ml,부쉬밀,700,140.0,84.0,40.0,USD,130544,,주류/위스키,True,1554.1,신세계(SSG)면세,2026-07-04T00:15:37Z
102417200026,글렌드로낙 10년 1000ml,글렌드로낙,1000,80.0,41.4,48.0,USD,64339,liquor,주류/위스키,True,1554.1,신세계(SSG)면세,2026-07-04T00:15:37Z
102428000005,시바스리갈 18년 포이약 캐스크 피니시 1000ml,시바스리갈,1000,153.0,92.11,40.0,USD,143148,,주류/위스키,True,1554.1,신세계(SSG)면세,2026-07-04T00:15:37Z
102448000018,조니워커 블랙라벨 트리플캐스크 에디션 1000ml,조니워커,1000,63.0,31.5,50.0,USD,48954,liquor,주류/위스키,True,1554.1,신세계(SSG)면세,2026-07-04T00:15:37Z
102447200005,조니워커 더블블랙 1000ml,조니워커,1000,67.0,33.5,50.0,USD,52062,liquor,주류/위스키,True,1554.1,신세계(SSG)면세,2026-07-04T00:15:37Z
114698000039,글렌파클라스 패밀리 캐스크 2009_S24 700ml,글렌파클라스,700,384.0,268.8,30.0,USD,417742,,주류/위스키,True,1554.1,신세계(SSG)면세,2026-07-04T00:15:37Z
114698000015,글렌파클라스 더 패밀리 캐스크 1997 700ml,글렌파클라스,700,908.0,635.6,30.0,USD,987785,liquor,주류/위스키,True,1554.1,신세계(SSG)면세,2026-07-04T00:15:37Z
115338000034,더 글렌그란트 2006 프라이빗 캐스크 700ml,더 글렌그란트,700,199.0,119.4,40.0,USD,185559,liquor,주류/위스키,True,1554.1,신세계(SSG)면세,2026-07-04T00:15:37Z
102447200027,탈리스커 10년 1000ml,탈리스커,1000,85.0,44.37,48.0,USD,68955,liquor,주류/위스키,True,1554.1,신세계(SSG)면세,2026-07-04T00:15:37Z
117148000026,블라드녹 싱글캐스크 2006 쉐리 벗 700ml,블라드녹,700,320.0,256.0,20.0,USD,397849,,주류/위스키,True,1554.1,신세계(SSG)면세,2026-07-04T00:15:37Z
106877200006,에버펠디 21년 마데이라 캐스크 700ml,에버펠디,700,248.0,136.4,45.0,USD,211979,liquor,주류/위스키,True,1554.1,신세계(SSG)면세,2026-07-04T00:15:37Z
114698000031,글렌파클라스 패밀리 캐스크 2005_S23 700ml,글렌파클라스,700,444.0,310.8,30.0,USD,483014,liquor,주류/위스키,True,1554.1,신세계(SSG)면세,2026-07-04T00:15:37Z
117438000002,컴파스 박스 트래블링 서커스 700ml,컴파스 박스,700,183.0,100.65,45.0,USD,156420,,주류/위스키,True,1554.1,신세계(SSG)면세,2026-07-04T00:15:37Z
106777200005,메이커스 마크 1000ml,메이커스 마크,1000,56.0,27.1,52.0,USD,42116,liquor,주류/위스키,True,1554.1,신세계(SSG)면세,2026-07-04T00:15:37Z
102438000003,로얄살루트 21년 피티드 블렌드 700ml,로얄 살루트,700,200.0,140.0,30.0,USD,217574,liquor,주류/위스키,True,1554.1,신세계(SSG)면세,2026-07-04T00:15:37Z
102408000019,아드벡 코리브레칸 700ml,아드벡,700,111.0,83.25,25.0,USD,129378,,주류/위스키,True,1554.1,신세계(SSG)면세,2026-07-04T00:15:37Z
102418000026,벤리악 30년 1994 캐스크 에디션 700ml,벤리악,700,950.0,674.5,29.0,USD,1048240,,주류/위스키,True,1554.1,신세계(SSG)면세,2026-07-04T00:15:37Z
115388000006,컨피스케이티드 버번 위스키 700ml,켄터키 아울,700,156.0,72.54,54.0,USD,112734,liquor,주류/위스키,True,1554.1,신세계(SSG)면세,2026-07-04T00:15:37Z
102407200002,글렌모렌지 오리지널 1000ml,글렌모렌지,1000,60.0,39.0,35.0,USD,60609,liquor,주류/위스키,True,1554.1,신세계(SSG)면세,2026-07-04T00:15:37Z
102488000017,발렌타인 17년 500ml,발렌타인,500,67.0,46.9,30.0,USD,72887,liquor,주류/위스키,True,1554.1,신세계(SSG)면세,2026-07-04T00:15:37Z
102418000030,잭다니엘 싱글배럴 셀렉트 바이더배럴 달콤한 인생 700ml,잭다니엘,700,68.0,39.44,42.0,USD,61293,,주류/위스키,True,1554.1,신세계(SSG)면세,2026-07-04T00:15:37Z
102418000013,글렌글라사 센덴드 700ml,글렌글라사,700,70.0,35.81,49.0,USD,55652,liquor,주류/위스키,True,1554.1,신세계(SSG)면세,2026-07-04T00:15:37Z
117108000008,레드브레스트 18년 700ml,제임슨,700,200.0,140.0,30.0,USD,217574,,주류/위스키,True,1554.1,신세계(SSG)면세,2026-07-04T00:15:37Z
102488000010,발렌타인 15년 싱글몰트 위스키 - 글렌버기 700ml,발렌타인,700,81.0,39.8,51.0,USD,61853,liquor,주류/위스키,True,1554.1,신세계(SSG)면세,2026-07-04T00:15:37Z
111048000004,글렌피딕 벳 2 퍼페추얼 컬렉션 1000ml,글렌피딕,1000,94.0,47.0,50.0,USD,73042,liquor,주류/위스키,True,1554.1,신세계(SSG)면세,2026-07-04T00:15:37Z
106758000024,듀어스 15년 뉴 에디션 1000ml,듀어스,1000,64.0,32.0,50.0,USD,49731,,주류/위스키,True,1554.1,신세계(SSG)면세,2026-07-04T00:15:37Z
114698000011,글렌파클라스 더 패밀리 캐스크 1993 700ml,글렌파클라스,700,1323.0,926.1,30.0,USD,1439252,liquor,주류/위스키,True,1554.1,신세계(SSG)면세,2026-07-04T00:15:37Z
111037200001,몽키숄더 1000ml,발베니,1000,50.0,30.0,40.0,USD,46623,liquor,주류/위스키,True,1554.1,신세계(SSG)면세,2026-07-04T00:15:37Z
106988000027,라프로익 30년 2024 700ml,라프로익,700,850.0,850.0,0.0,USD,1320985,,주류/위스키,True,1554.1,신세계(SSG)면세,2026-07-04T00:15:37Z
115378000003,버팔로 트레이스 버번 1000ml,버팔로 트레이스,1000,30.0,16.8,44.0,USD,26108,liquor,주류/위스키,True,1554.1,신세계(SSG)면세,2026-07-04T00:15:37Z
117938000003,올드풀티니 25년 700ml,올드풀티니,700,840.0,588.0,30.0,USD,913810,liquor,주류/위스키,True,1554.1,신세계(SSG)면세,2026-07-04T00:15:37Z
102418000025,잭다니엘 싱글배럴 100프루프 700ml,잭다니엘,700,68.0,37.4,45.0,USD,58123,,주류/위스키,True,1554.1,신세계(SSG)면세,2026-07-04T00:15:37Z
106777200003,짐빔 화이트 1000ml,짐빔,1000,27.0,13.5,50.0,USD,20980,liquor,주류/위스키,True,1554.1,신세계(SSG)면세,2026-07-04T00:15:37Z
115348000001,폴존 피티드 1000ml,폴존,1000,100.0,43.0,57.0,USD,66826,liquor,주류/위스키,True,1554.1,신세계(SSG)면세,2026-07-04T00:15:37Z
117938000006,발블레어 21년 700ml,발블레어,700,380.0,210.14,45.0,USD,326578,liquor,주류/위스키,True,1554.1,신세계(SSG)면세,2026-07-04T00:15:37Z
114698000012,글렌파클라스 더 패밀리 캐스크 1994 700ml,글렌파클라스,700,1210.0,847.0,30.0,USD,1316322,liquor,주류/위스키,True,1554.1,신세계(SSG)면세,2026-07-04T00:15:37Z
115968000016,스페이사이드 몰트 1991 23년 700ml,동방명,700,513.0,359.1,30.0,USD,558077,liquor,주류/위스키,True,1554.1,신세계(SSG)면세,2026-07-04T00:15:37Z
102418000033,잭다니엘 테네시 허니 1000ml,잭다니엘,1000,35.0,19.25,45.0,USD,29916,,주류/위스키,True,1554.1,신세계(SSG)면세,2026-07-04T00:15:37Z
115968000032,스프링뱅크 23년 배치#28 500ml,댓 부티키 위스키 컴퍼니,500,1132.0,785.04,31.0,USD,1220030,,주류/위스키,True,1554.1,신세계(SSG)면세,2026-07-04T00:15:37Z
110738000040,달모어 포트폴리오 시리즈2 2007 700ml,달모어,700,930.0,883.5,5.0,USD,1373047,liquor,주류/위스키,True,1554.1,신세계(SSG)면세,2026-07-04T00:15:37Z
102488000014,아벨라워 16년 700ml,아벨라워,700,130.0,78.26,40.0,USD,121623,,주류/위스키,True,1554.1,신세계(SSG)면세,2026-07-04T00:15:37Z
106988000013,라프로익 포오크 2023 1000ml,라프로익,1000,82.0,38.79,53.0,USD,60283,,주류/위스키,True,1554.1,신세계(SSG)면세,2026-07-04T00:15:37Z
115338000036,더 글렌그란트 16년 1000ml,더 글렌그란트,1000,115.0,69.0,40.0,USD,107232,liquor,주류/위스키,True,1554.1,신세계(SSG)면세,2026-07-04T00:15:37Z
115338000015,와일드터키 켄터키 스피릿 1000ml,와일드터키,1000,74.0,41.44,44.0,USD,64401,,주류/위스키,True,1554.1,신세계(SSG)면세,2026-07-04T00:15:37Z
117908000003,요이치 싱글 몰트 그란데 700ml,닛카 위스키,700,110.0,88.0,20.0,USD,136760,,주류/위스키,True,1554.1,신세계(SSG)면세,2026-07-04T00:15:37Z
106758000014,올트모어 23년 CS 한정판 (화이트포트) 700ml,올트모어,700,605.0,320.71,47.0,USD,498415,liquor,주류/위스키,True,1554.1,신세계(SSG)면세,2026-07-04T00:15:37Z
102408000003,글렌모렌지 16년 트리뷰트 1000ml,글렌모렌지,1000,118.0,88.5,25.0,USD,137537,liquor,주류/위스키,True,1554.1,신세계(SSG)면세,2026-07-04T00:15:37Z
102417200009,우드포드리저브 디스틸러 셀렉트 1000ml,우드포드 리저브,1000,50.0,29.4,41.0,USD,45690,liquor,주류/위스키,True,1554.1,신세계(SSG)면세,2026-07-04T00:15:37Z
115348000037,카발란 마스터 셀렉트 넘버 1 1000ml,카발란,1000,135.0,81.0,40.0,USD,125882,,주류/위스키,True,1554.1,신세계(SSG)면세,2026-07-04T00:15:37Z
114688000077,스터닝 카오스 700ml,스터닝,700,150.0,60.0,60.0,USD,93246,liquor,주류/위스키,True,1554.1,신세계(SSG)면세,2026-07-04T00:15:37Z
106987200006,라프로익 더 캐스크 레거시 700ml,라프로익,700,146.0,69.06,53.0,USD,107326,liquor,주류/위스키,True,1554.1,신세계(SSG)면세,2026-07-04T00:15:37Z
106938000015,오켄토션 24년 700ml,오켄토션,700,276.0,147.38,47.0,USD,229043,liquor,주류/위스키,True,1554.1,신세계(SSG)면세,2026-07-04T00:15:37Z
110798000008,부쉬밀 싱글몰트 25년 포트캐스크 700ml,부쉬밀,700,900.0,675.0,25.0,USD,1049017,,주류/위스키,True,1554.1,신세계(SSG)면세,2026-07-04T00:15:37Z
114688000010,밀크앤허니 와인 캐스크700ml,밀크앤허니,700,105.0,39.9,62.0,USD,62008,liquor,주류/위스키,True,1554.1,신세계(SSG)면세,2026-07-04T00:15:37Z
102437200019,로얄살루트 25년 더 트레저드 블렌드 700ml,로얄 살루트,700,264.0,184.8,30.0,USD,287197,liquor,주류/위스키,True,1554.1,신세계(SSG)면세,2026-07-04T00:15:37Z
114698000006,글렌파클라스 25년 700ml,글렌파클라스,700,378.0,238.14,37.0,USD,370093,liquor,주류/위스키,True,1554.1,신세계(SSG)면세,2026-07-04T00:15:37Z
111038000013,와일드무어40 블랙마운틴 700ml,발베니,700,900.0,604.8,33.0,USD,939919,,주류/위스키,True,1554.1,신세계(SSG)면세,2026-07-04T00:15:37Z
106827200008,더 글렌리벳 트리플 캐스크 시리즈 레어 캐스크 1000ml,더 글렌리벳,1000,141.0,98.7,30.0,USD,153389,liquor,주류/위스키,True,1554.1,신세계(SSG)면세,2026-07-04T00:15:37Z
114698000007,글렌파클라스 15년 700ml,글렌파클라스,700,135.0,68.85,49.0,USD,106999,liquor,주류/위스키,True,1554.1,신세계(SSG)면세,2026-07-04T00:15:37Z
110798000006,부쉬밀 셰리 캐스크 12년 700ml,부쉬밀,700,70.0,35.81,49.0,USD,55652,,주류/위스키,True,1554.1,신세계(SSG)면세,2026-07-04T00:15:37Z
115968000028,스프링뱅크 18년 배치#18 500ml,댓 부티키 위스키 컴퍼니,500,656.0,454.94,31.0,USD,707022,,주류/위스키,True,1554.1,신세계(SSG)면세,2026-07-04T00:15:37Z
102448000044,조니워커 블랙 루비 1000ml,조니워커,1000,71.0,35.54,50.0,USD,55232,,주류/위스키,True,1554.1,신세계(SSG)면세,2026-07-04T00:15:37Z
106828000017,더 글렌리벳 그라운드브레이커스 700ml,더 글렌리벳,700,100.0,70.0,30.0,USD,108787,,주류/위스키,True,1554.1,신세계(SSG)면세,2026-07-04T00:15:37Z
111038000015,와일드무어 23 웨이킹 포레스트 700ml,발베니,700,188.0,113.18,40.0,USD,175893,,주류/위스키,True,1554.1,신세계(SSG)면세,2026-07-04T00:15:37Z
110798000001,마르사라 캐스크 21년 700ml,부쉬밀,700,265.0,141.51,47.0,USD,219920,liquor,주류/위스키,True,1554.1,신세계(SSG)면세,2026-07-04T00:15:37Z
115968000010,부나하벤 1991 25년 700ml,동방명,700,775.0,658.75,15.0,USD,1023763,liquor,주류/위스키,True,1554.1,신세계(SSG)면세,2026-07-04T00:15:37Z
110738000012,주라 1993 700ml,주라,700,940.0,611.0,35.0,USD,949555,liquor,주류/위스키,True,1554.1,신세계(SSG)면세,2026-07-04T00:15:37Z
106937200004,보모어 10년 1000ml,보모어,1000,69.0,34.5,50.0,USD,53616,liquor,주류/위스키,True,1554.1,신세계(SSG)면세,2026-07-04T00:15:37Z
106768000059,산토리 토키 블랙 1000ml,산토리,1000,55.0,30.25,45.0,USD,47011,,주류/위스키,True,1554.1,신세계(SSG)면세,2026-07-04T00:15:37Z
102407200009,아드벡 10년 1000ml,아드벡,1000,72.0,57.6,20.0,USD,89516,liquor,주류/위스키,True,1554.1,신세계(SSG)면세,2026-07-04T00:15:37Z
111038000032,발베니 18년 PX 세리 캐스크 빅토 응아이 700ml,발베니,700,277.0,193.9,30.0,USD,301339,liquor,주류/위스키,True,1554.1,신세계(SSG)면세,2026-07-04T00:15:37Z
117908000001,미야기쿄 싱글 몰트 그란데 700ml,닛카 위스키,700,110.0,88.0,20.0,USD,136760,liquor,주류/위스키,True,1554.1,신세계(SSG)면세,2026-07-04T00:15:37Z
114688000085,글렌알라키 10년 그라타마코 700ml,글렌알라키,700,111.0,50.06,55.0,USD,77798,,주류/위스키,True,1554.1,신세계(SSG)면세,2026-07-04T00:15:37Z
102488000013,아벨라워 SUTHAINN 700ml,발렌타인,700,90.0,54.18,40.0,USD,84201,,주류/위스키,True,1554.1,신세계(SSG)면세,2026-07-04T00:15:37Z
114698000042,글렌파클라스 패밀리 캐스크 2001_S24 700ml,글렌파클라스,700,670.0,469.0,30.0,USD,728872,liquor,주류/위스키,True,1554.1,신세계(SSG)면세,2026-07-04T00:15:37Z
117218000002,윌렛 패밀리 에스테이트 라이750ml,윌렛 디스틸러리,750,123.0,73.19,41.0,USD,113744,,주류/위스키,True,1554.1,신세계(SSG)면세,2026-07-04T00:15:37Z
106778000007,놉크릭 9년 700ml,짐빔,700,53.0,26.5,50.0,USD,41183,liquor,주류/위스키,True,1554.1,신세계(SSG)면세,2026-07-04T00:15:37Z
274198000014,기원 해 700ml,기원 위스키,700,64.0,38.4,40.0,USD,59677,,주류/위스키,True,1554.1,신세계(SSG)면세,2026-07-04T00:15:37Z
106757200013,글렌데브론 20년 1000ml,듀어스,1000,127.0,63.5,50.0,USD,98685,liquor,주류/위스키,True,1554.1,신세계(SSG)면세,2026-07-04T00:15:37Z
106858000008,브룩라디 16년 700ml,브룩라디,700,120.0,84.0,30.0,USD,130544,,주류/위스키,True,1554.1,신세계(SSG)면세,2026-07-04T00:15:37Z
116318000013,와티 분 앤 선즈 750ml,베리 올드 세인트닉,750,250.0,137.5,45.0,USD,213688,,주류/위스키,True,1554.1,신세계(SSG)면세,2026-07-04T00:15:37Z
106828000020,더 글렌리벳 16년 1000ml,더 글렌리벳,1000,115.0,69.23,40.0,USD,107590,,주류/위스키,True,1554.1,신세계(SSG)면세,2026-07-04T00:15:37Z
115348000018,폴존 클래식 1000ml,폴존,1000,95.0,38.95,59.0,USD,60532,liquor,주류/위스키,True,1554.1,신세계(SSG)면세,2026-07-04T00:15:37Z
106758000023,NEW 올트모어 12년 (올로로소 쉐리) 500ml,올트모어,500,52.0,27.17,48.0,USD,42224,,주류/위스키,True,1554.1,신세계(SSG)면세,2026-07-04T00:15:37Z
106828000004,롱몬 18년 700ml,시크릿 스페이사이드,700,100.0,70.0,30.0,USD,108787,liquor,주류/위스키,True,1554.1,신세계(SSG)면세,2026-07-04T00:15:37Z
110737200008,주라 21년 700ml,주라,700,218.0,119.9,45.0,USD,186336,liquor,주류/위스키,True,1554.1,신세계(SSG)면세,2026-07-04T00:15:37Z
102408000021,글렌모렌지 12년 어코드 1000ml,글렌모렌지,1000,77.0,57.75,25.0,USD,89749,liquor,주류/위스키,True,1554.1,신세계(SSG)면세,2026-07-04T00:15:37Z
274198000015,기원 달 700ml,기원 위스키,700,57.0,34.2,40.0,USD,53150,,주류/위스키,True,1554.1,신세계(SSG)면세,2026-07-04T00:15:37Z
102418000034,잭 다니엘 싱글 배럴 라이 700ml,잭다니엘,700,68.0,37.4,45.0,USD,58123,,주류/위스키,True,1554.1,신세계(SSG)면세,2026-07-04T00:15:37Z
102418000018,벤리악 트리플 디스틸드 25년 700ml,벤리악,700,380.0,222.3,42.0,USD,345476,,주류/위스키,True,1554.1,신세계(SSG)면세,2026-07-04T00:15:37Z
102448000036,싱글톤 가든스 오브 어번던스 - 래디언트 스프링 가든 1000ml,싱글톤,1000,68.0,36.04,47.0,USD,56009,liquor,주류/위스키,True,1554.1,신세계(SSG)면세,2026-07-04T00:15:37Z
110738000011,달모어 킹 알렉산더 3세 TRX 700ml,달모어,700,313.0,297.35,5.0,USD,462111,liquor,주류/위스키,True,1554.1,신세계(SSG)면세,2026-07-04T00:15:37Z
102487200017,발렌타인 파이니스트 1000ml,발렌타인,1000,25.0,17.5,30.0,USD,27196,liquor,주류/위스키,True,1554.1,신세계(SSG)면세,2026-07-04T00:15:37Z
106828000022,더 글렌리벳 19년 700ml,더 글렌리벳,700,130.0,91.0,30.0,USD,141423,,주류/위스키,True,1554.1,신세계(SSG)면세,2026-07-04T00:15:37Z
110738000034,패터캐른 17년 700ml,패터캐른,700,124.0,62.0,50.0,USD,96354,liquor,주류/위스키,True,1554.1,신세계(SSG)면세,2026-07-04T00:15:37Z
102447200026,탈리스커 다크스톰 1000ml,탈리스커,1000,127.0,66.29,48.0,USD,103021,liquor,주류/위스키,True,1554.1,신세계(SSG)면세,2026-07-04T00:15:37Z
106938000019,보모어 19년 700ml,보모어,700,204.0,108.53,47.0,USD,168666,,주류/위스키,True,1554.1,신세계(SSG)면세,2026-07-04T00:15:37Z
111038000028,Naked Malt 1L,발베니,1000,45.0,29.25,35.0,USD,45457,liquor,주류/위스키,True,1554.1,신세계(SSG)면세,2026-07-04T00:15:37Z
115968000015,알타바인 1993 22년 700ml,동방명,700,518.0,362.6,30.0,USD,563516,liquor,주류/위스키,True,1554.1,신세계(SSG)면세,2026-07-04T00:15:37Z
102418000028,잭다니엘 싱글배럴 셀렉트 바이더배럴 인생은 아름다워 700ml,잭다니엘,700,68.0,39.44,42.0,USD,61293,,주류/위스키,True,1554.1,신세계(SSG)면세,2026-07-04T00:15:37Z
115958000019,달유인 2009 700ml,사마롤리,700,548.0,383.6,30.0,USD,596152,liquor,주류/위스키,True,1554.1,신세계(SSG)면세,2026-07-04T00:15:37Z
115958000018,글렌로시스 2013 700ml,사마롤리,700,490.0,343.0,30.0,USD,533056,liquor,주류/위스키,True,1554.1,신세계(SSG)면세,2026-07-04T00:15:37Z
111038000033,발베니 15년 마데이라 빅토 응아이 700ml,발베니,700,164.0,114.8,30.0,USD,178410,liquor,주류/위스키,True,1554.1,신세계(SSG)면세,2026-07-04T00:15:37Z
115338000011,더 글렌그란트 18년 1000ml,더 글렌그란트,1000,192.0,163.2,15.0,USD,253629,liquor,주류/위스키,True,1554.1,신세계(SSG)면세,2026-07-04T00:15:37Z
106758000007,듀어스 16년 1000ml,듀어스,1000,85.0,43.44,49.0,USD,67510,liquor,주류/위스키,True,1554.1,신세계(SSG)면세,2026-07-04T00:15:37Z
114688000073,스터닝 스모크 700ml,스터닝,700,185.0,74.0,60.0,USD,115003,liquor,주류/위스키,True,1554.1,신세계(SSG)면세,2026-07-04T00:15:37Z
102488000027,발렌타인 25년 싱글몰트 위스키 - 글렌버기 700ml,발렌타인,700,399.0,279.3,30.0,USD,434060,liquor,주류/위스키,True,1554.1,신세계(SSG)면세,2026-07-04T00:15:37Z
102488000016,아벨라워 18년 700ml,아벨라워,700,215.0,150.5,30.0,USD,233892,liquor,주류/위스키,True,1554.1,신세계(SSG)면세,2026-07-04T00:15:37Z
115378000028,웰러 스페셜 리저브 750ml,버팔로 트레이스,750,96.0,66.05,31.0,USD,102648,,주류/위스키,True,1554.1,신세계(SSG)면세,2026-07-04T00:15:37Z
102418000029,잭다니엘 싱글배럴 셀렉트 바이더배럴 위대한 유산 700ml,잭다니엘,700,68.0,39.44,42.0,USD,61293,,주류/위스키,True,1554.1,신세계(SSG)면세,2026-07-04T00:15:37Z
117218000004,배럴 밴티지750ml,배럴크래프트스피릿,750,139.0,83.4,40.0,USD,129611,,주류/위스키,True,1554.1,신세계(SSG)면세,2026-07-04T00:15:37Z
115348000034,카발란 마스터 셀렉트 넘버 2 1000ml,카발란,1000,135.0,81.0,40.0,USD,125882,,주류/위스키,True,1554.1,신세계(SSG)면세,2026-07-04T00:15:37Z
114698000038,글렌파클라스 패밀리 캐스크 2007_S24 700ml,글렌파클라스,700,420.0,294.0,30.0,USD,456905,,주류/위스키,True,1554.1,신세계(SSG)면세,2026-07-04T00:15:37Z
106878000004,에버펠디 12년 마데이라 캐스크 700ml,에버펠디,700,66.0,36.3,45.0,USD,56413,liquor,주류/위스키,True,1554.1,신세계(SSG)면세,2026-07-04T00:15:37Z
102418000014,잭다니엘 아메리칸 싱글몰트 1000ml,잭다니엘,1000,80.0,56.0,30.0,USD,87029,liquor,주류/위스키,True,1554.1,신세계(SSG)면세,2026-07-04T00:15:37Z
115958000017,알타바인 2009 700ml,사마롤리,700,470.0,329.0,30.0,USD,511298,liquor,주류/위스키,True,1554.1,신세계(SSG)면세,2026-07-04T00:15:37Z
106938000021,보모어 14년 700ml,보모어,700,68.0,36.18,47.0,USD,56227,,주류/위스키,True,1554.1,신세계(SSG)면세,2026-07-04T00:15:37Z
102417200018,우드포드리저브 켄터키 더비 1000ml (적마 에디션),우드포드 리저브,1000,60.0,35.28,41.0,USD,54828,liquor,주류/위스키,True,1554.1,신세계(SSG)면세,2026-07-04T00:15:37Z
106768000035,쿠라요시 12년 700ml,마츠이,700,187.0,112.85,40.0,USD,175380,liquor,주류/위스키,True,1554.1,신세계(SSG)면세,2026-07-04T00:15:37Z
106778000015,메이커스 마크 46 1000ml,메이커스 마크,1000,67.0,35.71,47.0,USD,55496,,주류/위스키,True,1554.1,신세계(SSG)면세,2026-07-04T00:15:37Z
110798000004,쉐리 캐스크 10년 1000ml,부쉬밀,1000,70.0,35.04,50.0,USD,54455,liquor,주류/위스키,True,1554.1,신세계(SSG)면세,2026-07-04T00:15:37Z
102418000002,벤리악 쿼터캐스크 클래식 1000ml,벤리악,1000,70.0,34.3,51.0,USD,53305,liquor,주류/위스키,True,1554.1,신세계(SSG)면세,2026-07-04T00:15:37Z
115978000001,토마틴 21년 700ml,토마틴,700,238.0,126.14,47.0,USD,196034,liquor,주류/위스키,True,1554.1,신세계(SSG)면세,2026-07-04T00:15:37Z
117438000003,컴파스 박스 오차드 하우스 700ml,컴파스 박스,700,60.0,30.6,49.0,USD,47555,,주류/위스키,True,1554.1,신세계(SSG)면세,2026-07-04T00:15:37Z
111048000011,글렌피딕50년 타임시리즈 700ml,글렌피딕,700,52250.0,36836.25,30.0,USD,57247216,,주류/위스키,True,1554.1,신세계(SSG)면세,2026-07-04T00:15:37Z
114688000080,글렌알라키 8년 700ml,글렌알라키,700,91.0,45.05,51.0,USD,70012,liquor,주류/위스키,True,1554.1,신세계(SSG)면세,2026-07-04T00:15:37Z
117928000005,탐두 14년 엠버 빈티지 2009 700ml,탐두,700,139.0,81.32,42.0,USD,126379,liquor,주류/위스키,True,1554.1,신세계(SSG)면세,2026-07-04T00:15:37Z
102448000038,싱글톤 가든스 오브 어번던스 - 골든 어텀 오차드1000ml,싱글톤,1000,99.0,52.47,47.0,USD,81543,liquor,주류/위스키,True,1554.1,신세계(SSG)면세,2026-07-04T00:15:37Z
102418000003,벤리악 트리플 디스틸드 10년 1000ml,벤리악,1000,77.0,37.73,51.0,USD,58636,liquor,주류/위스키,True,1554.1,신세계(SSG)면세,2026-07-04T00:15:37Z
106828000014,더 글렌리벳 21년 700ml,더 글렌리벳,700,262.0,196.5,25.0,USD,305380,liquor,주류/위스키,True,1554.1,신세계(SSG)면세,2026-07-04T00:15:37Z
106827200005,더 글렌리벳 12년 1000ml,더 글렌리벳,1000,75.0,45.15,40.0,USD,70167,liquor,주류/위스키,True,1554.1,신세계(SSG)면세,2026-07-04T00:15:37Z
117938000005,발블레어 17년 700ml,발블레어,700,178.0,98.43,45.0,USD,152970,liquor,주류/위스키,True,1554.1,신세계(SSG)면세,2026-07-04T00:15:37Z
102427200009,시바스리갈 15년 1000ml,시바스리갈,1000,82.0,45.92,44.0,USD,71364,liquor,주류/위스키,True,1554.1,신세계(SSG)면세,2026-07-04T00:15:37Z
102427200002,시바스리갈 12년 1000ml,시바스리갈,1000,48.0,28.9,40.0,USD,44913,liquor,주류/위스키,True,1554.1,신세계(SSG)면세,2026-07-04T00:15:37Z
106758000022,NEW 올트모어 25년 (1st fill 올로로소 쉐리) 500ml,올트모어,500,443.0,231.47,48.0,USD,359727,,주류/위스키,True,1554.1,신세계(SSG)면세,2026-07-04T00:15:37Z
102448000053,몰트락 16년 700ml,몰트락,700,129.0,90.3,30.0,USD,140335,liquor,주류/위스키,True,1554.1,신세계(SSG)면세,2026-07-04T00:15:37Z
102418000031,잭다니엘 본디드 1000ml,잭다니엘,1000,48.0,26.4,45.0,USD,41028,,주류/위스키,True,1554.1,신세계(SSG)면세,2026-07-04T00:15:37Z
117108000006,레드브레스트 15년 700ml,제임슨,700,102.0,71.4,30.0,USD,110962,,주류/위스키,True,1554.1,신세계(SSG)면세,2026-07-04T00:15:37Z
110737200010,달모어 시가몰트 1000ml,달모어,1000,183.0,173.85,5.0,USD,270180,liquor,주류/위스키,True,1554.1,신세계(SSG)면세,2026-07-04T00:15:37Z
102448000037,싱글톤 가든스 오브 어번던스 - 이그저틱 스파이스 그로브 1000ml,싱글톤,1000,180.0,95.4,47.0,USD,148261,liquor,주류/위스키,True,1554.1,신세계(SSG)면세,2026-07-04T00:15:37Z
110738000003,달모어 트리오 1000ml,달모어,1000,105.0,99.75,5.0,USD,155021,liquor,주류/위스키,True,1554.1,신세계(SSG)면세,2026-07-04T00:15:37Z
115338000007,와일드터키101 1000ml,와일드터키,1000,48.0,28.8,40.0,USD,44758,liquor,주류/위스키,True,1554.1,신세계(SSG)면세,2026-07-04T00:15:37Z
102428000002,시바스리갈 13년 셰리 캐스크 1000ml,시바스리갈,1000,58.0,34.92,40.0,USD,54269,liquor,주류/위스키,True,1554.1,신세계(SSG)면세,2026-07-04T00:15:37Z
110738000021,탐나불린 소비뇽 블랑 1000ml,탐나불린,1000,56.0,26.32,53.0,USD,40903,liquor,주류/위스키,True,1554.1,신세계(SSG)면세,2026-07-04T00:15:37Z
116318000021,베리 올드 세인트 닉 윈터 라이 750ml,베리 올드 세인트닉,750,375.0,206.25,45.0,USD,320533,,주류/위스키,True,1554.1,신세계(SSG)면세,2026-07-04T00:15:37Z
110738000008,탐나불린 올로로소 1000ml,탐나불린,1000,53.0,24.91,53.0,USD,38712,liquor,주류/위스키,True,1554.1,신세계(SSG)면세,2026-07-04T00:15:37Z
106988000012,라프로익 포트우드 2023 700ml,라프로익,700,176.0,96.8,45.0,USD,150436,,주류/위스키,True,1554.1,신세계(SSG)면세,2026-07-04T00:15:37Z
118248000001,뉴리프 바틀인본드 버번 750ml,뉴 리프,750,68.0,51.0,25.0,USD,79259,liquor,주류/위스키,True,1554.1,신세계(SSG)면세,2026-07-04T00:15:37Z
102408000024,아드벡 스모크트레일즈 배치3 1000ml,아드벡,1000,90.0,72.0,20.0,USD,111895,liquor,주류/위스키,True,1554.1,신세계(SSG)면세,2026-07-04T00:15:37Z
102418000010,글렌글라사 12년 700ml,글렌글라사,700,63.0,32.22,49.0,USD,50073,liquor,주류/위스키,True,1554.1,신세계(SSG)면세,2026-07-04T00:15:37Z
106778000005,바질 헤이든 700ml,짐빔,700,58.0,29.0,50.0,USD,45068,liquor,주류/위스키,True,1554.1,신세계(SSG)면세,2026-07-04T00:15:37Z
102488000012,아벨라워 13년 700ml,발렌타인,700,75.0,45.15,40.0,USD,70167,,주류/위스키,True,1554.1,신세계(SSG)면세,2026-07-04T00:15:37Z
115348000016,커티샥 프로히비션 1000ml,글렌모레이,1000,50.0,23.0,54.0,USD,35744,liquor,주류/위스키,True,1554.1,신세계(SSG)면세,2026-07-04T00:15:37Z
110798000002,버번 캐스크 15년 700ml,부쉬밀,700,90.0,54.0,40.0,USD,83921,liquor,주류/위스키,True,1554.1,신세계(SSG)면세,2026-07-04T00:15:37Z
102448000032,클라이넬리시 14년 700ml,탈리스커,700,120.0,62.64,48.0,USD,97348,,주류/위스키,True,1554.1,신세계(SSG)면세,2026-07-04T00:15:37Z
106828000021,더 글렌리벳 14년 1000ml,더 글렌리벳,1000,85.0,47.6,44.0,USD,73975,,주류/위스키,True,1554.1,신세계(SSG)면세,2026-07-04T00:15:37Z
106757200003,듀어스 12년 1000ml,듀어스,1000,52.0,26.57,49.0,USD,41292,liquor,주류/위스키,True,1554.1,신세계(SSG)면세,2026-07-04T00:15:37Z
114688000012,밀크앤허니 쉐리 캐스크700ml,밀크앤허니,700,119.0,65.45,45.0,USD,101715,liquor,주류/위스키,True,1554.1,신세계(SSG)면세,2026-07-04T00:15:37Z
102448000026,로즈아일 12년 SR FY24 700ml(2023 Special Release),탈리스커,700,144.0,86.4,40.0,USD,134274,liquor,주류/위스키,True,1554.1,신세계(SSG)면세,2026-07-04T00:15:37Z
110738000041,달모어 시가몰트 리저브 700ml,달모어,700,125.0,118.75,5.0,USD,184549,liquor,주류/위스키,True,1554.1,신세계(SSG)면세,2026-07-04T00:15:37Z
117218000009,스텔럼 라이750ml,배럴크래프트스피릿,750,99.0,59.4,40.0,USD,92313,,주류/위스키,True,1554.1,신세계(SSG)면세,2026-07-04T00:15:37Z
102448000001,탈리스커 서지 700ml,탈리스커,700,123.0,64.21,48.0,USD,99788,liquor,주류/위스키,True,1554.1,신세계(SSG)면세,2026-07-04T00:15:37Z
106828000001,캐퍼도닉 18년 피티드 700ml,시크릿 스페이사이드,700,130.0,78.26,40.0,USD,121623,liquor,주류/위스키,True,1554.1,신세계(SSG)면세,2026-07-04T00:15:37Z
117928000004,탐두 콰트로 레세르바 700ml,탐두,700,97.0,56.75,42.0,USD,88195,liquor,주류/위스키,True,1554.1,신세계(SSG)면세,2026-07-04T00:15:37Z
102417200024,잭다니엘 시나트라 셀렉트 1000ml,잭다니엘,1000,170.0,93.5,45.0,USD,145308,liquor,주류/위스키,True,1554.1,신세계(SSG)면세,2026-07-04T00:15:37Z
117938000004,발블레어 15년 1000ml,발블레어,1000,125.0,69.13,45.0,USD,107434,liquor,주류/위스키,True,1554.1,신세계(SSG)면세,2026-07-04T00:15:37Z
106847200020,하일랜드파크 베어 1000ml,하일랜드 파크,1000,63.0,31.45,50.0,USD,48876,liquor,주류/위스키,True,1554.1,신세계(SSG)면세,2026-07-04T00:15:37Z
106768000037,마츠이 미즈나라 캐스크 700ml,마츠이,700,95.0,57.33,40.0,USD,89096,liquor,주류/위스키,True,1554.1,신세계(SSG)면세,2026-07-04T00:15:37Z
118248000004,뉴리프 싱글배럴 버번 750ml,뉴 리프,750,88.0,66.0,25.0,USD,102570,liquor,주류/위스키,True,1554.1,신세계(SSG)면세,2026-07-04T00:15:37Z
106758000027,엔젤스엔비 스몰 배치 700ml,듀어스,700,98.0,60.52,38.0,USD,94054,,주류/위스키,True,1554.1,신세계(SSG)면세,2026-07-04T00:15:37Z
106778000010,베이커스 7년 버번 750ml,짐빔,750,90.0,45.0,50.0,USD,69934,liquor,주류/위스키,True,1554.1,신세계(SSG)면세,2026-07-04T00:15:37Z
102408000018,아드벡 우거다일 700ml,아드벡,700,91.0,72.8,20.0,USD,113138,,주류/위스키,True,1554.1,신세계(SSG)면세,2026-07-04T00:15:37Z
117148000025,블라드녹 싱글캐스크 2017 쉐리 벗 700ml,블라드녹,700,269.0,137.19,49.0,USD,213206,,주류/위스키,True,1554.1,신세계(SSG)면세,2026-07-04T00:15:37Z
110738000022,주라 아일랜더스 익스프레션 3 1000ml,주라,1000,69.0,31.05,55.0,USD,48254,liquor,주류/위스키,True,1554.1,신세계(SSG)면세,2026-07-04T00:15:37Z
115338000028,러셀 리저브 라이 6년 750ml,와일드터키,750,58.0,31.9,45.0,USD,49575,,주류/위스키,True,1554.1,신세계(SSG)면세,2026-07-04T00:15:37Z
102448000020,달위니 15년 1000ml,달위니,1000,127.0,69.85,45.0,USD,108553,liquor,주류/위스키,True,1554.1,신세계(SSG)면세,2026-07-04T00:15:37Z
115338000037,더 글렌그란트 오로라 1000ml,더 글렌그란트,1000,59.0,37.61,36.0,USD,58449,liquor,주류/위스키,True,1554.1,신세계(SSG)면세,2026-07-04T00:15:37Z
106777200007,짐빔 싱글배럴 750ml,짐빔,750,47.0,23.5,50.0,USD,36521,liquor,주류/위스키,True,1554.1,신세계(SSG)면세,2026-07-04T00:15:37Z
106758000026,엔젤스엔비 플래그쉽 코어 700ml,듀어스,700,49.0,30.26,38.0,USD,47027,,주류/위스키,True,1554.1,신세계(SSG)면세,2026-07-04T00:15:37Z
111038000030,페이머스 그라우스 쉐리 캐스크 1L,발베니,1000,28.0,15.4,45.0,USD,23933,liquor,주류/위스키,True,1554.1,신세계(SSG)면세,2026-07-04T00:15:37Z
114688000079,올드풀트니 허다트 700ml,올드풀트니,700,94.0,42.77,55.0,USD,66468,liquor,주류/위스키,True,1554.1,신세계(SSG)면세,2026-07-04T00:15:37Z
111188000061,에반 윌리엄스 애플 750ml,에반 윌리엄스,750,21.0,11.55,45.0,USD,17949,,주류/위스키,True,1554.1,신세계(SSG)면세,2026-07-04T00:15:37Z
115378000004,1792 스몰배치 버번 750ml,버팔로 트레이스,750,47.0,26.32,44.0,USD,40903,liquor,주류/위스키,True,1554.1,신세계(SSG)면세,2026-07-04T00:15:37Z
115338000010,더 글렌그란트 10년 1000ml,더 글렌그란트,1000,62.0,29.08,53.0,USD,45193,liquor,주류/위스키,True,1554.1,신세계(SSG)면세,2026-07-04T00:15:37Z
115348000010,폴존 px쉐리 700ml,폴존,700,105.0,73.5,30.0,USD,114226,liquor,주류/위스키,True,1554.1,신세계(SSG)면세,2026-07-04T00:15:37Z
115348000045,바즈타운 버번 바틀드 인 본드 750ml,바즈타운,750,60.0,45.0,25.0,USD,69934,liquor,주류/위스키,True,1554.1,신세계(SSG)면세,2026-07-04T00:15:37Z
106757200012,글렌데브론 16년 1000ml,듀어스,1000,90.0,45.0,50.0,USD,69934,liquor,주류/위스키,True,1554.1,신세계(SSG)면세,2026-07-04T00:15:37Z
114688000069,밀크앤허니 에이펙스 알바 캐스크 700ml,밀크앤허니,700,196.0,88.2,55.0,USD,137071,liquor,주류/위스키,True,1554.1,신세계(SSG)면세,2026-07-04T00:15:37Z
102448000049,조니워커 레드 라벨 1000ml,조니워커,1000,29.0,15.95,45.0,USD,24787,liquor,주류/위스키,True,1554.1,신세계(SSG)면세,2026-07-04T00:15:37Z
106938000008,오켄토션 다크오크 CNY 1000ml,오켄토션,1000,77.0,36.58,53.0,USD,56848,liquor,주류/위스키,True,1554.1,신세계(SSG)면세,2026-07-04T00:15:37Z
106768000042,웨인 그레츠키 99 프루프 1000ml,웨인그레츠키,1000,107.0,58.85,45.0,USD,91458,liquor,주류/위스키,True,1554.1,신세계(SSG)면세,2026-07-04T00:15:37Z
106768000031,니카 세션 700ml,니카,700,77.0,46.2,40.0,USD,71799,liquor,주류/위스키,True,1554.1,신세계(SSG)면세,2026-07-04T00:15:37Z
114688000037,엘리먼츠오브아일라 캐스크 에디션 700ml,엘리먼츠 오브 아일라,700,79.0,35.55,55.0,USD,55248,liquor,주류/위스키,True,1554.1,신세계(SSG)면세,2026-07-04T00:15:37Z
110738000024,달모어 18년 2024년 에디션 700ml,달모어,700,350.0,332.5,5.0,USD,516738,liquor,주류/위스키,True,1554.1,신세계(SSG)면세,2026-07-04T00:15:37Z
110737200016,주라 더 베이 1000ml,주라,1000,85.0,38.25,55.0,USD,59444,liquor,주류/위스키,True,1554.1,신세계(SSG)면세,2026-07-04T00:15:37Z
106938000024,보모어 11년 700ml,보모어,700,55.0,29.26,47.0,USD,45472,liquor,주류/위스키,True,1554.1,신세계(SSG)면세,2026-07-04T00:15:37Z
111188000062,에반 윌리엄스 허니 750ml,에반 윌리엄스,750,21.0,11.55,45.0,USD,17949,,주류/위스키,True,1554.1,신세계(SSG)면세,2026-07-04T00:15:37Z
110737200015,주라 더 팹스 700ml,주라,700,132.0,59.4,55.0,USD,92313,liquor,주류/위스키,True,1554.1,신세계(SSG)면세,2026-07-04T00:15:37Z
106938000012,오켄토션 18년 700ml,오켄토션,700,105.0,49.88,53.0,USD,77518,liquor,주류/위스키,True,1554.1,신세계(SSG)면세,2026-07-04T00:15:37Z
102418000016,글렌글라사 포트소이 700ml,글렌글라사,700,77.0,39.39,49.0,USD,61216,liquor,주류/위스키,True,1554.1,신세계(SSG)면세,2026-07-04T00:15:37Z
115348000043,바즈타운 켄터키 스트레이트 라이 위스키 750ml,바즈타운,750,60.0,45.0,25.0,USD,69934,liquor,주류/위스키,True,1554.1,신세계(SSG)면세,2026-07-04T00:15:37Z
102408000015,글렌모렌지 디 인피니타 18년 700ml,글렌모렌지,700,115.0,115.0,0.0,USD,178721,liquor,주류/위스키,True,1554.1,신세계(SSG)면세,2026-07-04T00:15:37Z
117928000001,글렌고인 12년 퍼스트 필 에디션 1000ml,글렌고인,1000,79.0,43.65,45.0,USD,67836,liquor,주류/위스키,True,1554.1,신세계(SSG)면세,2026-07-04T00:15:37Z
115378000001,사제락 라이 6년 750ml,버팔로 트레이스,750,46.0,23.96,48.0,USD,37236,liquor,주류/위스키,True,1554.1,신세계(SSG)면세,2026-07-04T00:15:37Z
106768000026,쿠라요시 쉐리 캐스크 700ml,마츠이,700,105.0,63.37,40.0,USD,98483,liquor,주류/위스키,True,1554.1,신세계(SSG)면세,2026-07-04T00:15:37Z
115968000005,스페이사이드 몰트 1967 50년 호 54% 700ml,동방명,700,5353.0,3747.1,30.0,USD,5823368,liquor,주류/위스키,True,1554.1,신세계(SSG)면세,2026-07-04T00:15:37Z
106777200006,캐나디언 클럽 12년 1000ml,캐나디언 클럽,1000,47.0,23.5,50.0,USD,36521,liquor,주류/위스키,True,1554.1,신세계(SSG)면세,2026-07-04T00:15:37Z
117108000004,제임슨 블랙배럴 1000ml,제임슨,1000,59.0,37.17,37.0,USD,57765,,주류/위스키,True,1554.1,신세계(SSG)면세,2026-07-04T00:15:37Z
115958000016,글렌 기어리 2012 700ml,사마롤리,700,464.0,324.8,30.0,USD,504771,liquor,주류/위스키,True,1554.1,신세계(SSG)면세,2026-07-04T00:15:37Z
106878000002,에버펠디 16년 마데이라 캐스크 700ml,에버펠디,700,125.0,68.75,45.0,USD,106844,liquor,주류/위스키,True,1554.1,신세계(SSG)면세,2026-07-04T00:15:37Z
114688000072,스타워드 옥타브 배럴 700ml,스타워드,700,170.0,76.5,55.0,USD,118888,liquor,주류/위스키,True,1554.1,신세계(SSG)면세,2026-07-04T00:15:37Z
110798000003,블랙부쉬 80/20PX 1000ml,부쉬밀,1000,50.0,25.03,50.0,USD,38899,liquor,주류/위스키,True,1554.1,신세계(SSG)면세,2026-07-04T00:15:37Z
117438000004,컴파스 박스 피트 몬스터 700ml,컴파스 박스,700,77.0,39.27,49.0,USD,61029,,주류/위스키,True,1554.1,신세계(SSG)면세,2026-07-04T00:15:37Z
106778000016,메이커스 마크 홀리데이 에디션 1000ml,메이커스 마크,1000,56.0,28.76,49.0,USD,44695,liquor,주류/위스키,True,1554.1,신세계(SSG)면세,2026-07-04T00:15:37Z
117148000030,블라드녹 싱글캐스크 2017 카나스타 쉐리 벗 700ml,블라드녹,700,269.0,161.4,40.0,USD,250831,,주류/위스키,True,1554.1,신세계(SSG)면세,2026-07-04T00:15:37Z
110737200013,탐나불린 템프라니요 1000ml,탐나불린,1000,56.0,26.32,53.0,USD,40903,liquor,주류/위스키,True,1554.1,신세계(SSG)면세,2026-07-04T00:15:37Z
111188000037,헤븐힐 바틀드 인 본드 7년 750ml,헤븐힐디스틸러리,750,314.0,164.85,48.0,USD,256193,,주류/위스키,True,1554.1,신세계(SSG)면세,2026-07-04T00:15:37Z
106778000012,리젠트 버번 700ml,짐빔,700,70.0,35.0,50.0,USD,54393,liquor,주류/위스키,True,1554.1,신세계(SSG)면세,2026-07-04T00:15:37Z
106768000045,웨인 그레츠키 아이스 캐스크 1000ml,웨인그레츠키,1000,69.0,37.95,45.0,USD,58978,liquor,주류/위스키,True,1554.1,신세계(SSG)면세,2026-07-04T00:15:37Z
102488000007,발렌타인 10년 1000ml,발렌타인,1000,44.0,30.8,30.0,USD,47866,liquor,주류/위스키,True,1554.1,신세계(SSG)면세,2026-07-04T00:15:37Z
117218000003,스텔럼 버번750ml,배럴크래프트스피릿,750,99.0,59.4,40.0,USD,92313,,주류/위스키,True,1554.1,신세계(SSG)면세,2026-07-04T00:15:37Z
106768000033,블랙 니카 스페셜 720ml,니카,720,31.0,18.6,40.0,USD,28906,liquor,주류/위스키,True,1554.1,신세계(SSG)면세,2026-07-04T00:15:37Z
115968000012,인버고든 1984 31년 700ml,동방명,700,570.0,399.0,30.0,USD,620085,liquor,주류/위스키,True,1554.1,신세계(SSG)면세,2026-07-04T00:15:37Z
111048000012,글렌피딕 31 그랑샤또 700ml,글렌피딕,700,1940.0,1367.7,30.0,USD,2125542,,주류/위스키,True,1554.1,신세계(SSG)면세,2026-07-04T00:15:37Z
102478000010,람베이 위스키 스몰 배치 블렌드 700ml,까뮤,700,47.0,22.56,52.0,USD,35060,liquor,주류/위스키,True,1554.1,신세계(SSG)면세,2026-07-04T00:15:37Z
106758000005,듀어스 더블더블 36년 500ml,듀어스,500,1800.0,810.0,55.0,USD,1258821,liquor,주류/위스키,True,1554.1,신세계(SSG)면세,2026-07-04T00:15:37Z
111188000031,라세니 스몰 배치 750ml,헤븐힐디스틸러리,750,41.0,19.68,52.0,USD,30584,liquor,주류/위스키,True,1554.1,신세계(SSG)면세,2026-07-04T00:15:37Z
111038000029,페이머스 그라우스 1L,발베니,1000,25.0,13.75,45.0,USD,21368,liquor,주류/위스키,True,1554.1,신세계(SSG)면세,2026-07-04T00:15:37Z
106938000003,오켄토션 블러드 오크 1000ml,오켄토션,1000,107.0,50.83,53.0,USD,78994,liquor,주류/위스키,True,1554.1,신세계(SSG)면세,2026-07-04T00:15:37Z
115378000011,서던컴포트블랙 1000ml,버팔로 트레이스,1000,24.0,13.44,44.0,USD,20887,,주류/위스키,True,1554.1,신세계(SSG)면세,2026-07-04T00:15:37Z
106768000013,쿠라 럼 캐스크 700ml,쿠라,700,135.0,74.25,45.0,USD,115391,liquor,주류/위스키,True,1554.1,신세계(SSG)면세,2026-07-04T00:15:37Z
116318000006,로완스 크릭 750ml,윌렛 위스키,750,92.0,57.96,37.0,USD,90075,liquor,주류/위스키,True,1554.1,신세계(SSG)면세,2026-07-04T00:15:37Z
110737200011,달모어 40년 700ml,달모어,700,15200.0,14440.0,5.0,USD,22441204,liquor,주류/위스키,True,1554.1,신세계(SSG)면세,2026-07-04T00:15:37Z
106938000013,보모어 24년 프랭크 콰이어틀리 4 700ml,보모어,700,510.0,357.0,30.0,USD,554813,liquor,주류/위스키,True,1554.1,신세계(SSG)면세,2026-07-04T00:15:37Z
115958000005,라프로익 매그니피코 1997 700ml,사마롤리,700,5754.0,4027.8,30.0,USD,6259603,liquor,주류/위스키,True,1554.1,신세계(SSG)면세,2026-07-04T00:15:37Z
114688000065,로즈빌유니언 마스터 크래프티드 라이 750ml,로즈빌 유니언,750,100.0,48.0,52.0,USD,74596,liquor,주류/위스키,True,1554.1,신세계(SSG)면세,2026-07-04T00:15:37Z
102418000005,우드포드리저브 할리데이 에디션 1000ml,우드포드 리저브,1000,60.0,30.66,49.0,USD,47648,liquor,주류/위스키,True,1554.1,신세계(SSG)면세,2026-07-04T00:15:37Z
102448000033,크래건모어 12년 750ml,탈리스커,750,90.0,46.98,48.0,USD,73011,,주류/위스키,True,1554.1,신세계(SSG)면세,2026-07-04T00:15:37Z
116318000022,레어 퍼펙션 14년 750ml,베리 올드 세인트닉,750,430.0,236.5,45.0,USD,367544,,주류/위스키,True,1554.1,신세계(SSG)면세,2026-07-04T00:15:37Z
102488000028,발렌타인 21년 싱글몰트 위스키 - 글렌버기 700ml,발렌타인,700,250.0,175.0,30.0,USD,271967,liquor,주류/위스키,True,1554.1,신세계(SSG)면세,2026-07-04T00:15:37Z
102448000034,달위니 윈터 골드 700ml,달위니,700,103.0,56.65,45.0,USD,88039,,주류/위스키,True,1554.1,신세계(SSG)면세,2026-07-04T00:15:37Z
114688000082,미클토어 쉐리 원 싱글몰트 위스키 700ml,미클토어,700,91.0,45.5,50.0,USD,70711,,주류/위스키,True,1554.1,신세계(SSG)면세,2026-07-04T00:15:37Z
110738000020,달모어 20년 700ml,달모어,700,675.0,641.25,5.0,USD,996566,liquor,주류/위스키,True,1554.1,신세계(SSG)면세,2026-07-04T00:15:37Z
111038000012,발베니 30년 레어메리지 700ml,발베니,700,5807.0,3484.2,40.0,USD,5414795,,주류/위스키,True,1554.1,신세계(SSG)면세,2026-07-04T00:15:37Z
110737200019,달모어 컨스텔레이션 1978 700ml,달모어,700,15850.0,15057.5,5.0,USD,23400860,liquor,주류/위스키,True,1554.1,신세계(SSG)면세,2026-07-04T00:15:37Z
114698000010,글렌파클라스 더 패밀리 캐스크 1992 700ml,글렌파클라스,700,1360.0,952.0,30.0,USD,1479503,liquor,주류/위스키,True,1554.1,신세계(SSG)면세,2026-07-04T00:15:37Z
117218000006,배럴 파운데이션버번750ml,배럴크래프트스피릿,750,119.0,71.4,40.0,USD,110962,,주류/위스키,True,1554.1,신세계(SSG)면세,2026-07-04T00:15:37Z
102488000006,발렌타인 23년 골든아워 에디션 700ml,발렌타인,700,279.0,195.3,30.0,USD,303515,liquor,주류/위스키,True,1554.1,신세계(SSG)면세,2026-07-04T00:15:37Z
102418000001,벤리악 쿼터캐스크 피티드 1000ml,벤리악,1000,70.0,34.3,51.0,USD,53305,liquor,주류/위스키,True,1554.1,신세계(SSG)면세,2026-07-04T00:15:37Z
116188000001,레드우드 엠파이어 위스키 블렌드 로스트 모나크 750ml,레드우드 엠파이어,750,95.0,52.25,45.0,USD,81201,liquor,주류/위스키,True,1554.1,신세계(SSG)면세,2026-07-04T00:15:37Z
110738000019,달모어 퀸텟 700ml,달모어,700,149.0,141.55,5.0,USD,219982,liquor,주류/위스키,True,1554.1,신세계(SSG)면세,2026-07-04T00:15:37Z
114698000013,글렌파클라스 더 패밀리 캐스크 1995 700ml,글렌파클라스,700,1153.0,807.1,30.0,USD,1254314,liquor,주류/위스키,True,1554.1,신세계(SSG)면세,2026-07-04T00:15:37Z
117218000005,윌렛 위티드 버번 8년 750ml,윌렛 디스틸러리,750,450.0,267.75,41.0,USD,416110,liquor,주류/위스키,True,1554.1,신세계(SSG)면세,2026-07-04T00:15:37Z
115958000020,사마롤리 나인티나인 2012 700ml,사마롤리,700,632.0,442.4,30.0,USD,687533,liquor,주류/위스키,True,1554.1,신세계(SSG)면세,2026-07-04T00:15:37Z
106757200020,틸링 싱글 그레인 1000ml,듀어스,1000,73.0,33.04,55.0,USD,51347,liquor,주류/위스키,True,1554.1,신세계(SSG)면세,2026-07-04T00:15:37Z
115338000038,더 글렌그란트 13년 1000ml,더 글렌그란트,1000,80.0,60.0,25.0,USD,93246,liquor,주류/위스키,True,1554.1,신세계(SSG)면세,2026-07-04T00:15:37Z
110738000033,패터캐른 25년 700ml,패터캐른,700,499.0,299.4,40.0,USD,465297,liquor,주류/위스키,True,1554.1,신세계(SSG)면세,2026-07-04T00:15:37Z
106758000008,올트모어 21년 콜헤이타 700ml,올트모어,700,500.0,308.75,38.0,USD,479828,liquor,주류/위스키,True,1554.1,신세계(SSG)면세,2026-07-04T00:15:37Z
117148000011,[2024 릴리즈] 블라드녹 19년 PX 셰리 700ml,블라드녹,700,305.0,244.0,20.0,USD,379200,liquor,주류/위스키,True,1554.1,신세계(SSG)면세,2026-07-04T00:15:37Z
114688000062,레벨 버번 까베르네 소비뇽 피니쉬 750ml,레벨,750,67.0,36.18,46.0,USD,56227,liquor,주류/위스키,True,1554.1,신세계(SSG)면세,2026-07-04T00:15:37Z
115968000021,링크우드 1997 18년 700ml,동방명,700,389.0,272.3,30.0,USD,423181,liquor,주류/위스키,True,1554.1,신세계(SSG)면세,2026-07-04T00:15:37Z
106878000001,에버펠디 25년 700ml,에버펠디,700,550.0,357.5,35.0,USD,555590,liquor,주류/위스키,True,1554.1,신세계(SSG)면세,2026-07-04T00:15:37Z
114698000014,글렌파클라스 더 패밀리 캐스크 1996 700ml,글렌파클라스,700,989.0,692.3,30.0,USD,1075903,liquor,주류/위스키,True,1554.1,신세계(SSG)면세,2026-07-04T00:15:37Z
115968000030,스프링뱅크 22년 배치#26 500ml,댓 부티키 위스키 컴퍼니,500,1132.0,785.04,31.0,USD,1220030,,주류/위스키,True,1554.1,신세계(SSG)면세,2026-07-04T00:15:37Z
115958000026,카루이자와 700ml,사마롤리,700,37256.0,26079.2,30.0,USD,40529684,liquor,주류/위스키,True,1554.1,신세계(SSG)면세,2026-07-04T00:15:37Z
114688000061,레벨 100 프루프 버번 750ml,레벨,750,46.0,24.84,46.0,USD,38603,liquor,주류/위스키,True,1554.1,신세계(SSG)면세,2026-07-04T00:15:37Z
115968000007,하이랜드파크 1992 26년 700ml,동방명,700,1054.0,737.8,30.0,USD,1146614,liquor,주류/위스키,True,1554.1,신세계(SSG)면세,2026-07-04T00:15:37Z
111188000060,에반 윌리엄스 파이어 750ml,에반 윌리엄스,750,21.0,11.55,45.0,USD,17949,,주류/위스키,True,1554.1,신세계(SSG)면세,2026-07-04T00:15:37Z
117148000002,블라드녹 14년 올로로소 셰리 700ml,블라드녹,700,210.0,126.0,40.0,USD,195816,liquor,주류/위스키,True,1554.1,신세계(SSG)면세,2026-07-04T00:15:37Z
106828000003,캐퍼도닉 21년 700ml,시크릿 스페이사이드,700,250.0,150.5,40.0,USD,233892,liquor,주류/위스키,True,1554.1,신세계(SSG)면세,2026-07-04T00:15:37Z
102448000042,몰트락 아이팟 700ml,몰트락,700,310.0,170.5,45.0,USD,264974,,주류/위스키,True,1554.1,신세계(SSG)면세,2026-07-04T00:15:37Z
102418000032,잭다니엘 본디드 라이 1000ml,잭다니엘,1000,48.0,26.4,45.0,USD,41028,,주류/위스키,True,1554.1,신세계(SSG)면세,2026-07-04T00:15:37Z
117108000002,제임슨 1000ml,제임슨,1000,39.0,24.57,37.0,USD,38184,,주류/위스키,True,1554.1,신세계(SSG)면세,2026-07-04T00:15:37Z
274198000018,기원 달 기프트팩 700ml,기원 위스키,700,70.0,45.5,35.0,USD,70711,liquor,주류/위스키,True,1554.1,신세계(SSG)면세,2026-07-04T00:15:37Z
111038000014,와일드무어30 트로피칼 코스트 700ml,발베니,700,388.0,252.59,35.0,USD,392550,,주류/위스키,True,1554.1,신세계(SSG)면세,2026-07-04T00:15:37Z
116318000025,베리 올드 세인트 닉 썸머 라이 750ml,베리 올드 세인트닉,750,370.0,203.5,45.0,USD,316259,,주류/위스키,True,1554.1,신세계(SSG)면세,2026-07-04T00:15:37Z
102427200004,시바스리갈 25년 700ml,시바스리갈,700,389.0,234.18,40.0,USD,363939,liquor,주류/위스키,True,1554.1,신세계(SSG)면세,2026-07-04T00:15:37Z
117218000017,배럴라이 프라이빗 릴리스 바베이도스 럼캐스크(인천에디션) 750ml,배럴크래프트스피릿,750,150.0,105.0,30.0,USD,163180,,주류/위스키,True,1554.1,신세계(SSG)면세,2026-07-04T00:15:37Z
106828000005,롱몬23년 700ml,시크릿 스페이사이드,700,290.0,203.0,30.0,USD,315482,liquor,주류/위스키,True,1554.1,신세계(SSG)면세,2026-07-04T00:15:37Z
110738000007,주라 아일랜더스 익스프레션 2 1000ml,주라,1000,69.0,31.05,55.0,USD,48254,liquor,주류/위스키,True,1554.1,신세계(SSG)면세,2026-07-04T00:15:37Z
110738000035,패터캐른 14년 700ml,패터캐른,700,83.0,37.35,55.0,USD,58045,liquor,주류/위스키,True,1554.1,신세계(SSG)면세,2026-07-04T00:15:37Z
102448000023,몰트락 SR FY24 700ml(2023 Special Release),몰트락,700,300.0,165.0,45.0,USD,256426,liquor,주류/위스키,True,1554.1,신세계(SSG)면세,2026-07-04T00:15:37Z
115958000023,보모어 쉐리 1995 700ml,사마롤리,700,3500.0,2450.0,30.0,USD,3807545,liquor,주류/위스키,True,1554.1,신세계(SSG)면세,2026-07-04T00:15:37Z
115968000022,달모어 2009 10년 700ml,동방명,700,380.0,266.0,30.0,USD,413390,liquor,주류/위스키,True,1554.1,신세계(SSG)면세,2026-07-04T00:15:37Z
114688000060,레벨 켄터키 스트레이트 라이 750ml,레벨,750,46.0,24.84,46.0,USD,38603,liquor,주류/위스키,True,1554.1,신세계(SSG)면세,2026-07-04T00:15:37Z
110798000005,오리지널 아이리쉬 위스키 1000ml,부쉬밀,1000,30.0,16.5,45.0,USD,25642,liquor,주류/위스키,True,1554.1,신세계(SSG)면세,2026-07-04T00:15:37Z
106768000040,웨인 그레츠키 솔티드 카라멜 크림 750ml,웨인그레츠키,750,32.0,17.6,45.0,USD,27352,liquor,주류/위스키,True,1554.1,신세계(SSG)면세,2026-07-04T00:15:37Z
115338000024,와일드터키101 라이 1000ml,와일드터키,1000,46.0,23.92,48.0,USD,37174,,주류/위스키,True,1554.1,신세계(SSG)면세,2026-07-04T00:15:37Z
106768000041,웨인 그레츠키 메이플 캐스크 1000ml,웨인그레츠키,1000,41.0,22.55,45.0,USD,35044,liquor,주류/위스키,True,1554.1,신세계(SSG)면세,2026-07-04T00:15:37Z
106828000023,더 글렌리벳 트리플 캐스크 머추어드 1000ml,더 글렌리벳,1000,65.0,35.95,45.0,USD,55869,liquor,주류/위스키,True,1554.1,신세계(SSG)면세,2026-07-04T00:15:37Z
115958000021,쿨일라 PX 쉐리 2007 700ml,사마롤리,700,890.0,623.0,30.0,USD,968204,liquor,주류/위스키,True,1554.1,신세계(SSG)면세,2026-07-04T00:15:37Z
114688000068,밀크앤허니 에이펙스 데킬라 캐스크 700ml,밀크앤허니,700,196.0,88.2,55.0,USD,137071,liquor,주류/위스키,True,1554.1,신세계(SSG)면세,2026-07-04T00:15:37Z
110737200012,주라 더 사운드 1000ml,주라,1000,65.0,29.25,55.0,USD,45457,liquor,주류/위스키,True,1554.1,신세계(SSG)면세,2026-07-04T00:15:37Z
106938000010,보모어 30년 700ml,보모어,700,3115.0,1713.25,45.0,USD,2662561,liquor,주류/위스키,True,1554.1,신세계(SSG)면세,2026-07-04T00:15:37Z
114688000027,글렌알라키 8년 스코티시 오크 피니쉬 싱글몰트 700ml,글렌알라키,700,166.0,83.0,50.0,USD,128990,liquor,주류/위스키,True,1554.1,신세계(SSG)면세,2026-07-04T00:15:37Z
111048000010,글렌피딕 40년 타임시리즈 700ml,글렌피딕,700,5486.0,3280.63,40.0,USD,5098427,,주류/위스키,True,1554.1,신세계(SSG)면세,2026-07-04T00:15:37Z
115958000002,글렌토커스 2008 700ml,사마롤리,700,379.0,265.3,30.0,USD,412302,liquor,주류/위스키,True,1554.1,신세계(SSG)면세,2026-07-04T00:15:37Z
117148000027,블라드녹 싱글캐스크 2008 버번 배럴 700ml,블라드녹,700,299.0,239.2,20.0,USD,371740,liquor,주류/위스키,True,1554.1,신세계(SSG)면세,2026-07-04T00:15:37Z
116318000007,윌렛 팟 스틸 리저브 750ml,윌렛 위스키,750,98.0,61.74,37.0,USD,95950,liquor,주류/위스키,True,1554.1,신세계(SSG)면세,2026-07-04T00:15:37Z
106938000002,오켄토션 아메리칸 오크 1000ml,오켄토션,1000,59.0,28.03,53.0,USD,43561,liquor,주류/위스키,True,1554.1,신세계(SSG)면세,2026-07-04T00:15:37Z
106938000001,오켄토션 다크 오크 1000ml,오켄토션,1000,81.0,38.48,53.0,USD,59801,liquor,주류/위스키,True,1554.1,신세계(SSG)면세,2026-07-04T00:15:37Z
116708000001,더 라스트 드롭 48년 700ml,더 라스트 드롭,700,3417.0,2221.05,35.0,USD,3451733,,주류/위스키,True,1554.1,신세계(SSG)면세,2026-07-04T00:15:37Z
115408000004,글랜카담 13년 700ml,글렌카담,700,95.0,56.53,41.0,USD,87853,liquor,주류/위스키,True,1554.1,신세계(SSG)면세,2026-07-04T00:15:37Z
114688000028,글렌알라키 7년 헝가리안 오크 피니쉬 싱글몰트 700ml,글렌알라키,700,157.0,78.5,50.0,USD,121996,liquor,주류/위스키,True,1554.1,신세계(SSG)면세,2026-07-04T00:15:37Z
117418000001,포로지스 켄터키 스트레이트 버번 1000ml,포로지스 버번,1000,39.0,23.4,40.0,USD,36365,,주류/위스키,True,1554.1,신세계(SSG)면세,2026-07-04T00:15:37Z
110737200018,달모어 컨스텔레이션 1969 캐스트 14 700ml,달모어,700,38112.0,36206.4,5.0,USD,56268366,liquor,주류/위스키,True,1554.1,신세계(SSG)면세,2026-07-04T00:15:37Z
115388000004,더 와이즈맨 스트레이트 버번 위스키 700ml,켄터키 아울,700,71.0,33.02,54.0,USD,51316,liquor,주류/위스키,True,1554.1,신세계(SSG)면세,2026-07-04T00:15:37Z
115958000013,사마롤리 어프렌티스 2023 에디션 700ml,사마롤리,700,196.0,137.2,30.0,USD,213222,liquor,주류/위스키,True,1554.1,신세계(SSG)면세,2026-07-04T00:15:37Z
115968000027,스페이사이드 2008 11년 700ml,동방명,700,238.0,166.6,30.0,USD,258913,liquor,주류/위스키,True,1554.1,신세계(SSG)면세,2026-07-04T00:15:37Z
114688000047,화이트헤더 21년 700ml,화이트헤더,700,278.0,133.44,52.0,USD,207379,liquor,주류/위스키,True,1554.1,신세계(SSG)면세,2026-07-04T00:15:37Z
115968000017,아란 2004 14년 700ml,동방명,700,410.0,287.0,30.0,USD,446026,liquor,주류/위스키,True,1554.1,신세계(SSG)면세,2026-07-04T00:15:37Z
115388000003,더 와이즈맨 라이 버번 위스키 700ml,켄터키 아울,700,71.0,33.02,54.0,USD,51316,liquor,주류/위스키,True,1554.1,신세계(SSG)면세,2026-07-04T00:15:37Z
106758000011,글렌데브론 40년 700ml,듀어스,700,4900.0,2718.52,45.0,USD,4224851,,주류/위스키,True,1554.1,신세계(SSG)면세,2026-07-04T00:15:37Z
115958000014,사마롤리 아데니슬 2023 에디션 700ml,사마롤리,700,196.0,137.2,30.0,USD,213222,liquor,주류/위스키,True,1554.1,신세계(SSG)면세,2026-07-04T00:15:37Z
102478000008,람베이 위스키 아이리시 몰트 700ml,까뮤,700,70.0,33.6,52.0,USD,52217,liquor,주류/위스키,True,1554.1,신세계(SSG)면세,2026-07-04T00:15:37Z
115968000006,부나하벤 1978 40년 700ml,동방명,700,3930.0,2751.0,30.0,USD,4275329,liquor,주류/위스키,True,1554.1,신세계(SSG)면세,2026-07-04T00:15:37Z
116318000024,핸드 배럴  스몰 배치 750ml,핸드배럴,750,109.0,59.95,45.0,USD,93168,,주류/위스키,True,1554.1,신세계(SSG)면세,2026-07-04T00:15:37Z
115958000015,사마롤리 아키텍투스 2023 에디션 700ml,사마롤리,700,196.0,137.2,30.0,USD,213222,liquor,주류/위스키,True,1554.1,신세계(SSG)면세,2026-07-04T00:15:37Z
115348000044,바즈타운 켄터키 스트레이트 버번 750ml,바즈타운,750,55.0,41.25,25.0,USD,64106,liquor,주류/위스키,True,1554.1,신세계(SSG)면세,2026-07-04T00:15:37Z
106938000016,보모어 40년 2024 700ml,보모어,700,11200.0,7280.0,35.0,USD,11313848,,주류/위스키,True,1554.1,신세계(SSG)면세,2026-07-04T00:15:37Z
114688000043,맥네어스 럼릭 21년 700ml,맥네어스 럼릭,700,317.0,152.16,52.0,USD,236471,liquor,주류/위스키,True,1554.1,신세계(SSG)면세,2026-07-04T00:15:37Z
106938000006,보모어 36년 프랭크 콰이어틀리 700ml,보모어,700,4000.0,2400.0,40.0,USD,3729840,liquor,주류/위스키,True,1554.1,신세계(SSG)면세,2026-07-04T00:15:37Z
106768000006,마르스 몰티지 코스모 700ml,마르스위스키,700,138.0,75.9,45.0,USD,117956,liquor,주류/위스키,True,1554.1,신세계(SSG)면세,2026-07-04T00:15:37Z
102488000015,더 디콘 1000ml,발렌타인,1000,49.0,28.4,42.0,USD,44136,,주류/위스키,True,1554.1,신세계(SSG)면세,2026-07-04T00:15:37Z
117148000014,캐스크 오브 린도어스 셰리 벗 II 700ml,린도어스,700,80.0,42.0,48.0,USD,65272,liquor,주류/위스키,True,1554.1,신세계(SSG)면세,2026-07-04T00:15:37Z
117148000013,블라드녹 알린타 리저브 700ml,블라드녹,700,195.0,117.0,40.0,USD,181829,liquor,주류/위스키,True,1554.1,신세계(SSG)면세,2026-07-04T00:15:37Z
116188000004,레드우드 엠파이어 위스키 버번 파이프 드림 750ml,레드우드 엠파이어,750,95.0,52.25,45.0,USD,81201,liquor,주류/위스키,True,1554.1,신세계(SSG)면세,2026-07-04T00:15:37Z
115968000023,쿨일라 2007 8년 700ml,동방명,700,360.0,252.0,30.0,USD,391633,liquor,주류/위스키,True,1554.1,신세계(SSG)면세,2026-07-04T00:15:37Z
117938000002,올드풀티니 16년 700ml,올드풀티니,700,120.0,78.12,35.0,USD,121406,liquor,주류/위스키,True,1554.1,신세계(SSG)면세,2026-07-04T00:15:37Z
106768000043,웨인 그레츠키 캐내디안 크림 750ml,웨인그레츠키,750,32.0,17.6,45.0,USD,27352,liquor,주류/위스키,True,1554.1,신세계(SSG)면세,2026-07-04T00:15:37Z
114698000001,커리지 앤 컨빅션 뀌베 캐스크 750ml,씨앤씨,750,125.0,62.5,50.0,USD,97131,liquor,주류/위스키,True,1554.1,신세계(SSG)면세,2026-07-04T00:15:37Z
102418000012,벤리악 포티 옥타브 40년 700ml,벤리악,700,4900.0,3675.0,25.0,USD,5711317,,주류/위스키,True,1554.1,신세계(SSG)면세,2026-07-04T00:15:37Z
114688000058,조지레무스 스트레이트 버번 리필 리저브 #7 750ml,조지레무스,750,260.0,182.0,30.0,USD,282846,liquor,주류/위스키,True,1554.1,신세계(SSG)면세,2026-07-04T00:15:37Z
115378000017,1792 싱글배럴 750ml,버팔로 트레이스,750,80.0,48.0,40.0,USD,74596,,주류/위스키,True,1554.1,신세계(SSG)면세,2026-07-04T00:15:37Z
117148000007,린도어스 MCDXCIV - 1494 코어 700ml,린도어스,700,63.0,33.08,48.0,USD,51409,liquor,주류/위스키,True,1554.1,신세계(SSG)면세,2026-07-04T00:15:37Z
115378000007,파이어볼 시나몬 1000ml,버팔로 트레이스,1000,21.0,11.76,44.0,USD,18276,liquor,주류/위스키,True,1554.1,신세계(SSG)면세,2026-07-04T00:15:37Z
114698000005,글렌파클라스 35년 700ml,글렌파클라스,700,1346.0,895.09,34.0,USD,1391059,liquor,주류/위스키,True,1554.1,신세계(SSG)면세,2026-07-04T00:15:37Z
106768000003,마르스 이와이 트레디션 750ml,마르스위스키,750,83.0,45.65,45.0,USD,70944,liquor,주류/위스키,True,1554.1,신세계(SSG)면세,2026-07-04T00:15:37Z
115958000024,글렌 그란트 1993 700ml,사마롤리,700,3622.0,2535.4,30.0,USD,3940265,liquor,주류/위스키,True,1554.1,신세계(SSG)면세,2026-07-04T00:15:37Z
110738000039,달모어 포트폴리오 시리즈1 2015 700ml,달모어,700,625.0,593.75,5.0,USD,922746,liquor,주류/위스키,True,1554.1,신세계(SSG)면세,2026-07-04T00:15:37Z
115968000024,블렌디드 몰트 스카치 700ml,동방명,700,278.0,194.6,30.0,USD,302427,liquor,주류/위스키,True,1554.1,신세계(SSG)면세,2026-07-04T00:15:37Z
110758000004,샤보 XO 수페리어 1000ml,샤보,1000,158.0,86.9,45.0,USD,135051,liquor,주류/위스키,True,1554.1,신세계(SSG)면세,2026-07-04T00:15:37Z
114698000030,글렌파클라스 40년 700ml,글렌파클라스,700,2499.0,1674.33,33.0,USD,2602076,liquor,주류/위스키,True,1554.1,신세계(SSG)면세,2026-07-04T00:15:37Z
106768000010,마르스 이와이 750ml,마르스위스키,750,65.0,35.75,45.0,USD,55559,liquor,주류/위스키,True,1554.1,신세계(SSG)면세,2026-07-04T00:15:37Z
106768000001,쿠라 12년 700ml,쿠라,700,255.0,140.25,45.0,USD,217962,liquor,주류/위스키,True,1554.1,신세계(SSG)면세,2026-07-04T00:15:37Z
114688000041,미클토어 친커핀 700ml,미클토어,700,91.0,45.5,50.0,USD,70711,liquor,주류/위스키,True,1554.1,신세계(SSG)면세,2026-07-04T00:15:37Z
114688000057,조지레무스 스트레이트 버번 리필 리저브 #6 750ml,조지레무스,750,201.0,140.7,30.0,USD,218661,liquor,주류/위스키,True,1554.1,신세계(SSG)면세,2026-07-04T00:15:37Z
115968000003,스페이사이드 몰트 1967 50년 용 54% 700ml,동방명,700,5353.0,3747.1,30.0,USD,5823368,liquor,주류/위스키,True,1554.1,신세계(SSG)면세,2026-07-04T00:15:37Z
115408000001,카이오 캐스크 스트랭스 700ml,카이오,700,163.0,89.65,45.0,USD,139325,liquor,주류/위스키,True,1554.1,신세계(SSG)면세,2026-07-04T00:15:37Z
106768000036,쿠라요시 레귤러 700ml,마츠이,700,94.0,56.73,40.0,USD,88164,liquor,주류/위스키,True,1554.1,신세계(SSG)면세,2026-07-04T00:15:37Z
117108000010,레드브레스트 12년 700ml,제임슨,700,64.0,44.8,30.0,USD,69623,,주류/위스키,True,1554.1,신세계(SSG)면세,2026-07-04T00:15:37Z
117148000016,페이블 챕터3 문 - 달유인 700ml,페이블,700,170.0,107.1,37.0,USD,166444,liquor,주류/위스키,True,1554.1,신세계(SSG)면세,2026-07-04T00:15:37Z
117148000015,페이블 챕터2 포크 - 링크우드 700ml,페이블,700,170.0,107.1,37.0,USD,166444,liquor,주류/위스키,True,1554.1,신세계(SSG)면세,2026-07-04T00:15:37Z
114688000045,맥네어스 자메이카 럼 언피티드 700ml,맥네어스 익스플로레이션 럼,700,89.0,44.5,50.0,USD,69157,liquor,주류/위스키,True,1554.1,신세계(SSG)면세,2026-07-04T00:15:37Z
117148000008,캐스크 오브 린도어스 STR II 700ml,린도어스,700,80.0,42.0,48.0,USD,65272,liquor,주류/위스키,True,1554.1,신세계(SSG)면세,2026-07-04T00:15:37Z
115968000011,링크우드 1989 25년 700ml,동방명,700,690.0,483.0,30.0,USD,750630,liquor,주류/위스키,True,1554.1,신세계(SSG)면세,2026-07-04T00:15:37Z
106768000030,마츠이 사쿠라 캐스크 700ml,마츠이,700,95.0,57.33,40.0,USD,89096,liquor,주류/위스키,True,1554.1,신세계(SSG)면세,2026-07-04T00:15:37Z
106768000032,슈퍼 니카 700ml,니카,700,68.0,40.8,40.0,USD,63407,liquor,주류/위스키,True,1554.1,신세계(SSG)면세,2026-07-04T00:15:37Z
114688000081,미클토어 더 오리지날 싱글몰트 위스키 700ml,미클토어,700,92.0,46.0,50.0,USD,71488,,주류/위스키,True,1554.1,신세계(SSG)면세,2026-07-04T00:15:37Z
117148000012,페이블 챕터7 파이퍼 - 글렌엘긴 700ml,페이블,700,170.0,107.1,37.0,USD,166444,liquor,주류/위스키,True,1554.1,신세계(SSG)면세,2026-07-04T00:15:37Z
114688000063,럭스로우 포 그레인 더블 배럴 750ml,레벨,750,198.0,106.92,46.0,USD,166164,liquor,주류/위스키,True,1554.1,신세계(SSG)면세,2026-07-04T00:15:37Z
115348000026,히브리디언 저니 블렌디드 몰트 위스키 700ml,스카라버스,700,55.0,30.25,45.0,USD,47011,liquor,주류/위스키,True,1554.1,신세계(SSG)면세,2026-07-04T00:15:37Z
117148000003,블라드녹 비나야 700ml,블라드녹,700,65.0,39.0,40.0,USD,60609,liquor,주류/위스키,True,1554.1,신세계(SSG)면세,2026-07-04T00:15:37Z
114688000059,레벨 켄터키 스트레이트 버번 750ml,레벨,750,36.0,19.44,46.0,USD,30211,liquor,주류/위스키,True,1554.1,신세계(SSG)면세,2026-07-04T00:15:37Z
115348000024,아일레이저니 블렌디드 몰트 위스키 700ml,스카라버스,700,55.0,30.25,45.0,USD,47011,liquor,주류/위스키,True,1554.1,신세계(SSG)면세,2026-07-04T00:15:37Z
115338000006,와일드터키 아메리칸 허니 1000ml,와일드터키,1000,36.0,21.6,40.0,USD,33568,liquor,주류/위스키,True,1554.1,신세계(SSG)면세,2026-07-04T00:15:37Z
102428000001,시바스리갈 13년 럼 캐스크 1000ml,시바스리갈,1000,58.0,34.92,40.0,USD,54269,liquor,주류/위스키,True,1554.1,신세계(SSG)면세,2026-07-04T00:15:37Z
115338000025,윌더니스 트레일 켄터키 스트레이트 휘티드 버번 750ml,윌더니스 트레일,750,50.0,28.7,43.0,USD,44602,,주류/위스키,True,1554.1,신세계(SSG)면세,2026-07-04T00:15:37Z
115338000026,윌더니스 트레일 켄터키 스트레이트 하이 라이 버번 750ml,윌더니스 트레일,750,55.0,31.57,43.0,USD,49062,,주류/위스키,True,1554.1,신세계(SSG)면세,2026-07-04T00:15:37Z
114688000046,화이트헤더 15년 700ml,화이트헤더,700,126.0,60.48,52.0,USD,93991,liquor,주류/위스키,True,1554.1,신세계(SSG)면세,2026-07-04T00:15:37Z
106768000008,카미키 인텐스 750ml,카미키,750,119.0,67.83,43.0,USD,105414,liquor,주류/위스키,True,1554.1,신세계(SSG)면세,2026-07-04T00:15:37Z
117148000010,린도어스 코리아익스클루시브 스몰배치 700ml,린도어스,700,80.0,42.0,48.0,USD,65272,liquor,주류/위스키,True,1554.1,신세계(SSG)면세,2026-07-04T00:15:37Z
115958000022,아드모어 2002 700ml,사마롤리,700,1140.0,798.0,30.0,USD,1240171,liquor,주류/위스키,True,1554.1,신세계(SSG)면세,2026-07-04T00:15:37Z
115968000002,스페이사이드 몰트 1967 50년 용 49% 700ml,동방명,700,5353.0,3747.1,30.0,USD,5823368,liquor,주류/위스키,True,1554.1,신세계(SSG)면세,2026-07-04T00:15:37Z
115348000023,스카라버스 10년 700ml,스카라버스,700,85.0,46.75,45.0,USD,72654,liquor,주류/위스키,True,1554.1,신세계(SSG)면세,2026-07-04T00:15:37Z
114688000003,스타워드 포티스 700ml,스타워드,700,111.0,77.7,30.0,USD,120753,liquor,주류/위스키,True,1554.1,신세계(SSG)면세,2026-07-04T00:15:37Z
117938000001,올드풀티니 13년 1000ml,올드풀티니,1000,87.0,56.64,35.0,USD,88024,liquor,주류/위스키,True,1554.1,신세계(SSG)면세,2026-07-04T00:15:37Z
115338000027,윌더니스 트레일 켄터키 스트레이트 라이 750ml,윌더니스 트레일,750,50.0,28.7,43.0,USD,44602,,주류/위스키,True,1554.1,신세계(SSG)면세,2026-07-04T00:15:37Z
117148000018,페이블 챕터6 크로우스 - 블레어아솔 700ml,페이블,700,170.0,107.1,37.0,USD,166444,liquor,주류/위스키,True,1554.1,신세계(SSG)면세,2026-07-04T00:15:37Z
117148000017,페이블 챕터5 하운드 - 마녹모어 700ml,페이블,700,170.0,107.1,37.0,USD,166444,liquor,주류/위스키,True,1554.1,신세계(SSG)면세,2026-07-04T00:15:37Z
110738000026,달모어 45년 2024년 에디션 700ml,달모어,700,24750.0,23512.5,5.0,USD,36540776,,주류/위스키,True,1554.1,신세계(SSG)면세,2026-07-04T00:15:37Z
110738000027,달모어 28년 700ml,달모어,700,4550.0,4322.5,5.0,USD,6717597,liquor,주류/위스키,True,1554.1,신세계(SSG)면세,2026-07-04T00:15:37Z
116188000005,레드우드 엠파이어 위스키 라이 에메랄드 자이언트 750ml,레드우드 엠파이어,750,95.0,52.25,45.0,USD,81201,liquor,주류/위스키,True,1554.1,신세계(SSG)면세,2026-07-04T00:15:37Z
115348000021,스카라버스 아일레이 싱글몰트 위스키 700ml,스카라버스,700,60.0,33.0,45.0,USD,51285,liquor,주류/위스키,True,1554.1,신세계(SSG)면세,2026-07-04T00:15:37Z
114688000056,조지레무스 스트레이트 버번 750ml,조지레무스,750,97.0,67.9,30.0,USD,105523,liquor,주류/위스키,True,1554.1,신세계(SSG)면세,2026-07-04T00:15:37Z
117148000023,페이블 챕터11 고스트 - 글렌스페이 700ml,페이블,700,170.0,107.1,37.0,USD,166444,liquor,주류/위스키,True,1554.1,신세계(SSG)면세,2026-07-04T00:15:37Z
106768000044,웨인 그레츠키 메이플 크림 750ml,웨인그레츠키,750,32.0,17.6,45.0,USD,27352,liquor,주류/위스키,True,1554.1,신세계(SSG)면세,2026-07-04T00:15:37Z
115408000002,카이오 더 시그니처 750ml,카이오,750,115.0,63.25,45.0,USD,98296,liquor,주류/위스키,True,1554.1,신세계(SSG)면세,2026-07-04T00:15:37Z
117108000003,제임슨 트리플 트리플 1000ml,제임슨,1000,47.0,29.61,37.0,USD,46016,,주류/위스키,True,1554.1,신세계(SSG)면세,2026-07-04T00:15:37Z
106938000014,보모어 34년 프랭크 콰이어틀리 4 700ml,보모어,700,3800.0,2470.0,35.0,USD,3838627,,주류/위스키,True,1554.1,신세계(SSG)면세,2026-07-04T00:15:37Z
114688000075,스토크 스트레이트 라이 700ml,스토크 클럽,700,58.0,31.9,45.0,USD,49575,liquor,주류/위스키,True,1554.1,신세계(SSG)면세,2026-07-04T00:15:37Z
106768000014,우미키 750ml,우미키,750,73.0,62.05,15.0,USD,96431,liquor,주류/위스키,True,1554.1,신세계(SSG)면세,2026-07-04T00:15:37Z
115348000025,하이랜드 저니 블랜디드 몰트위스키 700ml,스카라버스,700,55.0,30.25,45.0,USD,47011,liquor,주류/위스키,True,1554.1,신세계(SSG)면세,2026-07-04T00:15:37Z
117938000008,스페이번 보르도 레드 와인 캐스크 1000ml,스페이번,1000,59.0,46.61,21.0,USD,72436,liquor,주류/위스키,True,1554.1,신세계(SSG)면세,2026-07-04T00:15:37Z
117938000007,스페이번 켄터키 버번 캐스크 1000ml,스페이번,1000,52.0,41.08,21.0,USD,63842,liquor,주류/위스키,True,1554.1,신세계(SSG)면세,2026-07-04T00:15:37Z
106938000022,아드모어 트리플우드 1000ml,아드모어,1000,84.0,50.4,40.0,USD,78326,liquor,주류/위스키,True,1554.1,신세계(SSG)면세,2026-07-04T00:15:37Z
110737200017,달모어 컨스텔레이션 1973 700ml,달모어,700,27938.0,26541.1,5.0,USD,41247523,liquor,주류/위스키,True,1554.1,신세계(SSG)면세,2026-07-04T00:15:37Z
114688000042,맥네어스 럼릭 12년 700ml,맥네어스 럼릭,700,106.0,47.7,55.0,USD,74130,liquor,주류/위스키,True,1554.1,신세계(SSG)면세,2026-07-04T00:15:37Z
102478000009,람베이 위스키 싱글몰트 시리즈 배치 700ml,까뮤,700,106.0,58.3,45.0,USD,90604,liquor,주류/위스키,True,1554.1,신세계(SSG)면세,2026-07-04T00:15:37Z
115348000022,스카라버스 배치 스트렝스 700ml,스카라버스,700,65.0,35.75,45.0,USD,55559,liquor,주류/위스키,True,1554.1,신세계(SSG)면세,2026-07-04T00:15:37Z
117938000009,스페이번 헤레즈 셰리 캐스크 1000ml,스페이번,1000,72.0,56.88,21.0,USD,88397,liquor,주류/위스키,True,1554.1,신세계(SSG)면세,2026-07-04T00:15:37Z
117148000009,페이블 챕터9 스톰 - 오크로이스크 700ml,페이블,700,170.0,107.1,37.0,USD,166444,liquor,주류/위스키,True,1554.1,신세계(SSG)면세,2026-07-04T00:15:37Z
117148000001,페이블 챕터4 베이 - 벤리네스 700ml,페이블,700,170.0,107.1,37.0,USD,166444,liquor,주류/위스키,True,1554.1,신세계(SSG)면세,2026-07-04T00:15:37Z
117148000024,블라드녹 리오라 700ml,블라드녹,700,110.0,66.0,40.0,USD,102570,liquor,주류/위스키,True,1554.1,신세계(SSG)면세,2026-07-04T00:15:37Z
117148000004,블라드녹 알린타 700ml,블라드녹,700,130.0,78.0,40.0,USD,121219,liquor,주류/위스키,True,1554.1,신세계(SSG)면세,2026-07-04T00:15:37Z
110858000001,탈버트 블렌디드 몰트 위스키 700ml,단즈카,700,56.0,32.93,41.0,USD,51176,liquor,주류/위스키,True,1554.1,신세계(SSG)면세,2026-07-04T00:15:37Z
114688000011,밀크앤허니 피티드 700ml,밀크앤허니,700,105.0,57.75,45.0,USD,89749,liquor,주류/위스키,True,1554.1,신세계(SSG)면세,2026-07-04T00:15:37Z
117148000022,페이블 챕터10 래버린스 - 인치고어 700ml,페이블,700,170.0,107.1,37.0,USD,166444,liquor,주류/위스키,True,1554.1,신세계(SSG)면세,2026-07-04T00:15:37Z
110738000025,달모어 40년 2024년 에디션 700ml,달모어,700,15200.0,14440.0,5.0,USD,22441204,,주류/위스키,True,1554.1,신세계(SSG)면세,2026-07-04T00:15:37Z
114688000005,스타워드 노바 700ml,스타워드,700,81.0,56.7,30.0,USD,88117,liquor,주류/위스키,True,1554.1,신세계(SSG)면세,2026-07-04T00:15:37Z
106768000029,마츠이 피티드 700ml,마츠이,700,95.0,57.33,40.0,USD,89096,liquor,주류/위스키,True,1554.1,신세계(SSG)면세,2026-07-04T00:15:37Z
106768000019,쿠라 8년 700ml,쿠라,700,202.0,111.1,45.0,USD,172660,liquor,주류/위스키,True,1554.1,신세계(SSG)면세,2026-07-04T00:15:37Z
106768000021,쿠라 클래식 700ml,쿠라,700,125.0,68.75,45.0,USD,106844,liquor,주류/위스키,True,1554.1,신세계(SSG)면세,2026-07-04T00:15:37Z
117148000019,블라드녹 삼사라 700ml,블라드녹,700,130.0,78.0,40.0,USD,121219,liquor,주류/위스키,True,1554.1,신세계(SSG)면세,2026-07-04T00:15:37Z
117148000005,블라드녹 11년 버번 700ml,블라드녹,700,125.0,75.0,40.0,USD,116557,liquor,주류/위스키,True,1554.1,신세계(SSG)면세,2026-07-04T00:15:37Z
114688000044,맥네어스 자메이카 럼 피티드 700ml,맥네어스 익스플로레이션 럼,700,100.0,50.0,50.0,USD,77705,liquor,주류/위스키,True,1554.1,신세계(SSG)면세,2026-07-04T00:15:37Z
106768000018,카미키 사쿠라 750ml,카미키,750,119.0,67.83,43.0,USD,105414,liquor,주류/위스키,True,1554.1,신세계(SSG)면세,2026-07-04T00:15:37Z
115968000004,스페이사이드 몰트 1967 50년 호 49% 700ml,동방명,700,5353.0,3747.1,30.0,USD,5823368,liquor,주류/위스키,True,1554.1,신세계(SSG)면세,2026-07-04T00:15:37Z
114688000074,스토크 라이 몰트 700ml,스토크 클럽,700,100.0,55.0,45.0,USD,85475,liquor,주류/위스키,True,1554.1,신세계(SSG)면세,2026-07-04T00:15:37Z
110738000013,섀클턴 1000ml,섀클턴,1000,58.0,34.8,40.0,USD,54082,liquor,주류/위스키,True,1554.1,신세계(SSG)면세,2026-07-04T00:15:37Z
117148000021,페이블 챕터8 페어리스 - 티니닉 700ml,페이블,700,170.0,107.1,37.0,USD,166444,liquor,주류/위스키,True,1554.1,신세계(SSG)면세,2026-07-04T00:15:37Z
115348000019,카발란 페드로히메네즈 솔리스트 750ml,카발란,750,399.0,339.15,15.0,USD,527073,liquor,주류/위스키,True,1554.1,신세계(SSG)면세,2026-07-04T00:15:37Z
114688000093,글렌알라키 21년 배치5 700ml,글렌알라키,700,643.0,450.1,30.0,USD,699500,liquor,주류/위스키,True,1554.1,신세계(SSG)면세,2026-07-04T00:15:37Z
102418000036,글렌드로낙 21년 700ml,글렌드로낙,700,300.0,270.0,10.0,USD,419607,liquor,주류/위스키,True,1554.1,신세계(SSG)면세,2026-07-04T00:15:37Z
117928000002,글렌고인 15년 PX 에디션 700ml,글렌고인,700,120.0,78.0,35.0,USD,121219,liquor,주류/위스키,True,1554.1,신세계(SSG)면세,2026-07-04T00:15:37Z
114688000089,글렌알라키 17Y 미즈나라 700ml,글렌알라키,700,380.0,304.0,20.0,USD,472446,liquor,주류/위스키,True,1554.1,신세계(SSG)면세,2026-07-04T00:15:37Z
106757200004,듀어스 18년 1000ml,듀어스,1000,106.0,57.26,46.0,USD,88987,liquor,주류/위스키,True,1554.1,신세계(SSG)면세,2026-07-04T00:15:37Z
115348000007,카발란 모스카텔 솔리스트 750ml,카발란,750,320.0,272.0,15.0,USD,422715,liquor,주류/위스키,True,1554.1,신세계(SSG)면세,2026-07-04T00:15:37Z
115348000020,카발란 만자이나 솔리스트 750ml,카발란,750,320.0,272.0,15.0,USD,422715,liquor,주류/위스키,True,1554.1,신세계(SSG)면세,2026-07-04T00:15:37Z
115348000004,카발란 올로로소 솔리스트 1000ml,카발란,1000,190.0,161.5,15.0,USD,250987,liquor,주류/위스키,True,1554.1,신세계(SSG)면세,2026-07-04T00:15:37Z
102448000029,탈리스커 글래시얼 엣지 45년 700ml,탈리스커,700,5123.0,3073.8,40.0,USD,4776992,liquor,주류/위스키,True,1554.1,신세계(SSG)면세,2026-07-04T00:15:37Z
115338000030,와일드터키 마스터스 킵 트라이엄프 750ml,와일드터키,750,175.0,148.75,15.0,USD,231172,liquor,주류/위스키,True,1554.1,신세계(SSG)면세,2026-07-04T00:15:37Z
106848000007,맥캘란 컬러 컬렉션 15Y 700ml,더 맥켈란,700,168.0,159.6,5.0,USD,248034,,주류/위스키,True,1554.1,신세계(SSG)면세,2026-07-04T00:15:37Z
110738000031,주라 28년 700ml,주라,700,612.0,397.8,35.0,USD,618220,liquor,주류/위스키,True,1554.1,신세계(SSG)면세,2026-07-04T00:15:37Z
106758000021,NEW 올트모어 21년 (깔바도스) 500ml,올트모어,500,199.0,103.98,48.0,USD,161595,,주류/위스키,True,1554.1,신세계(SSG)면세,2026-07-04T00:15:37Z
106768000063,산토리 하쿠슈 코게이 700ml,산토리,700,230.0,230.0,0.0,USD,357443,liquor,주류/위스키,True,1554.1,신세계(SSG)면세,2026-07-04T00:15:37Z
110738000010,주라 1988 700ml,주라,700,1030.0,669.5,35.0,USD,1040469,liquor,주류/위스키,True,1554.1,신세계(SSG)면세,2026-07-04T00:15:37Z
106758000025,로얄브라클라 24년 익셉셔널 캐스크 CS (올로로소) 700ml,듀어스,700,899.0,629.3,30.0,USD,977995,,주류/위스키,True,1554.1,신세계(SSG)면세,2026-07-04T00:15:37Z
115338000033,더 글렌그란트 30년 700ml,더 글렌그란트,700,2000.0,1170.0,42.0,USD,1818297,liquor,주류/위스키,True,1554.1,신세계(SSG)면세,2026-07-04T00:15:37Z
117148000028,블라드녹 싱글캐스크 2001 아몬틸라도 쉐리 혹스헤드 700ml,블라드녹,700,799.0,639.2,20.0,USD,993380,,주류/위스키,True,1554.1,신세계(SSG)면세,2026-07-04T00:15:37Z
115338000032,[검수완료/박스이염] 와일드터키 마스터스 킵 보야지 750ml (박스포함),와일드터키,750,130.0,99.45,24.0,USD,154555,liquor,주류/위스키,True,1554.1,신세계(SSG)면세,2026-07-04T00:15:37Z
110738000038,달모어 포트폴리오 시리즈3 2004 700ml,달모어,700,1250.0,1187.5,5.0,USD,1845493,liquor,주류/위스키,True,1554.1,신세계(SSG)면세,2026-07-04T00:15:37Z
106988000034,라프로익 12년 700ml,라프로익,700,70.0,38.5,45.0,USD,59832,liquor,주류/위스키,True,1554.1,신세계(SSG)면세,2026-07-04T00:15:37Z
111188000038,올드 피츠제랄드 바틀드 인 본드 19년 750ml,헤븐힐디스틸러리,750,1257.0,1068.45,15.0,USD,1660478,,주류/위스키,True,1554.1,신세계(SSG)면세,2026-07-04T00:15:37Z
111038000001,발베니 클래식 700ml,발베니,700,101.0,65.65,35.0,USD,102026,liquor,주류/위스키,True,1554.1,신세계(SSG)면세,2026-07-04T00:15:37Z
115408000005,글랜카담 25년 700ml,글렌카담,700,698.0,488.6,30.0,USD,759333,liquor,주류/위스키,True,1554.1,신세계(SSG)면세,2026-07-04T00:15:37Z
115378000034,웰러 18년 700ml,버팔로 트레이스,700,750.0,750.0,0.0,USD,1165575,,주류/위스키,True,1554.1,신세계(SSG)면세,2026-07-04T00:15:37Z
117218000008,배럴 도브테일750ml,배럴크래프트스피릿,750,139.0,83.4,40.0,USD,129611,,주류/위스키,True,1554.1,신세계(SSG)면세,2026-07-04T00:15:37Z
102418000027,잭다니엘 싱글배럴 배럴스트렝스 700ml,잭다니엘,700,95.0,80.75,15.0,USD,125493,liquor,주류/위스키,True,1554.1,신세계(SSG)면세,2026-07-04T00:15:37Z
117768000001,김창수초이스2 - 스페이사이드 700ml,김창수초이스,700,150.0,150.0,0.0,USD,233115,,주류/위스키,True,1554.1,신세계(SSG)면세,2026-07-04T00:15:37Z
106768000024,히비키 마스터즈 셀렉트 스페셜 에디션 700ml,산토리,700,238.0,238.0,0.0,USD,369875,liquor,주류/위스키,True,1554.1,신세계(SSG)면세,2026-07-04T00:15:37Z
106758000015,올트모어 19년 CS 한정판 (토니포트) 700ml,올트모어,700,360.0,205.2,43.0,USD,318901,liquor,주류/위스키,True,1554.1,신세계(SSG)면세,2026-07-04T00:15:37Z
106988000014,라프로익 33년 스트롱 스트롱캐릭터즈 700ml,라프로익,700,1080.0,756.0,30.0,USD,1174899,,주류/위스키,True,1554.1,신세계(SSG)면세,2026-07-04T00:15:37Z
115348000046,바즈타운 버번 디스커버리 #10 750ml,바즈타운,750,155.0,116.25,25.0,USD,180664,liquor,주류/위스키,True,1554.1,신세계(SSG)면세,2026-07-04T00:15:37Z
106848000008,맥캘란 컬러 컬렉션 12Y 700ml,더 맥켈란,700,83.0,78.85,5.0,USD,122540,,주류/위스키,True,1554.1,신세계(SSG)면세,2026-07-04T00:15:37Z
102418000038,"잭다니엘 싱글배럴 헤리티지 1,000ml",잭다니엘,1000,86.0,73.1,15.0,USD,113604,liquor,주류/위스키,True,1554.1,신세계(SSG)면세,2026-07-04T00:15:37Z
106988000004,라프로익 25년 베시 윌리엄슨 700ml,라프로익,700,603.0,453.46,25.0,USD,704722,liquor,주류/위스키,True,1554.1,신세계(SSG)면세,2026-07-04T00:15:37Z
111048000021,글렌피딕 21년 CNY 2026 리미티드 에디션 700ml,글렌피딕,700,264.0,171.6,35.0,USD,266683,liquor,주류/위스키,True,1554.1,신세계(SSG)면세,2026-07-04T00:15:37Z
106768000051,Toki  1000ml,산토리,1000,51.0,24.99,51.0,USD,38836,,주류/위스키,True,1554.1,신세계(SSG)면세,2026-07-04T00:15:37Z
114698000027,글렌파클라스 30년 700ml,글렌파클라스,700,888.0,590.52,34.0,USD,917727,liquor,주류/위스키,True,1554.1,신세계(SSG)면세,2026-07-04T00:15:37Z
102447200041,몰트락 20년 750ml,몰트락,750,275.0,192.5,30.0,USD,299164,,주류/위스키,True,1554.1,신세계(SSG)면세,2026-07-04T00:15:37Z
115378000016,웰러 12년 1000ml,버팔로 트레이스,1000,148.0,140.6,5.0,USD,218506,,주류/위스키,True,1554.1,신세계(SSG)면세,2026-07-04T00:15:37Z
106778000006,메이커스 마크 캐스크 스트렝쓰 700ml,메이커스 마크,700,88.0,42.59,52.0,USD,66189,liquor,주류/위스키,True,1554.1,신세계(SSG)면세,2026-07-04T00:15:37Z
117438000001,컴파스 박스 시크릿 오브 스모크 700ml,컴파스 박스,700,153.0,84.15,45.0,USD,130777,,주류/위스키,True,1554.1,신세계(SSG)면세,2026-07-04T00:15:37Z
106847200021,맥켈란 레어캐스크블랙 700ml,더 맥켈란,700,577.0,548.15,5.0,USD,851879,liquor,주류/위스키,True,1554.1,신세계(SSG)면세,2026-07-04T00:15:37Z
115338000021,와일드터키 마스터스 킵 보야지 750ml,와일드터키,750,174.0,147.9,15.0,USD,229851,,주류/위스키,True,1554.1,신세계(SSG)면세,2026-07-04T00:15:37Z
115388000005,타쿠미 리미티드 에디션 700ml,켄터키 아울,700,188.0,104.9,44.0,USD,163025,liquor,주류/위스키,True,1554.1,신세계(SSG)면세,2026-07-04T00:15:37Z
278058000003,김창수위스키 김포 2025 700ml,김창수위스키,700,140.0,140.0,0.0,USD,217574,,주류/위스키,True,1554.1,신세계(SSG)면세,2026-07-04T00:15:37Z
115968000033,링크우드 32년 1992 700ml,동방명,700,499.0,424.15,15.0,USD,659171,liquor,주류/위스키,True,1554.1,신세계(SSG)면세,2026-07-04T00:15:37Z
278058000002,KIMCHANGSOO WHISKY TRAVEL EXCLUSIVE 700ml,김창수위스키,700,170.0,170.0,0.0,USD,264197,,주류/위스키,True,1554.1,신세계(SSG)면세,2026-07-04T00:15:37Z
115338000022,와일드터키 마스터스 킵 언포가튼 750ml,와일드터키,750,140.0,119.0,15.0,USD,184937,,주류/위스키,True,1554.1,신세계(SSG)면세,2026-07-04T00:15:37Z
102448000031,조니워커 블루 일루시브 우마미 750ml,조니워커,750,360.0,252.0,30.0,USD,391633,liquor,주류/위스키,True,1554.1,신세계(SSG)면세,2026-07-04T00:15:37Z
117148000029,블라드녹 싱글캐스크 2007 버번 배럴 700ml,블라드녹,700,310.0,248.0,20.0,USD,385416,liquor,주류/위스키,True,1554.1,신세계(SSG)면세,2026-07-04T00:15:37Z
102448000052,조니워커 블루라벨 신년 에디션 (말의 해) 750ml,조니워커,750,272.0,244.8,10.0,USD,380443,liquor,주류/위스키,True,1554.1,신세계(SSG)면세,2026-07-04T00:15:37Z
115378000005,E.H. 테일러 스몰 배치 750ml,버팔로 트레이스,750,84.0,79.8,5.0,USD,124017,,주류/위스키,True,1554.1,신세계(SSG)면세,2026-07-04T00:15:37Z
106828000007,캐퍼도닉 21년 피티드 700ml,시크릿 스페이사이드,700,290.0,174.58,40.0,USD,271314,liquor,주류/위스키,True,1554.1,신세계(SSG)면세,2026-07-04T00:15:37Z
114688000078,밀크앤허니 에이펙스 사해 700ml,밀크앤허니,700,215.0,81.7,62.0,USD,126969,liquor,주류/위스키,True,1554.1,신세계(SSG)면세,2026-07-04T00:15:37Z
278058000001,김창수 위스키 김포 더 퍼스트 에디션 2024 700ml,김창수위스키,700,150.0,150.0,0.0,USD,233115,liquor,주류/위스키,True,1554.1,신세계(SSG)면세,2026-07-04T00:15:37Z
115338000031,와일드터키 마스터스 킵 언포가튼 750ml (상품박스 미포함),와일드터키,750,100.0,85.0,15.0,USD,132098,liquor,주류/위스키,True,1554.1,신세계(SSG)면세,2026-07-04T00:15:37Z
106778000004,짐빔 블랙 체커팩 1000ml,짐빔,1000,39.0,19.5,50.0,USD,30304,liquor,주류/위스키,True,1554.1,신세계(SSG)면세,2026-07-04T00:15:37Z
106778000009,메이커스 마크 101 1000ml,메이커스 마크,1000,74.0,40.7,45.0,USD,63251,liquor,주류/위스키,True,1554.1,신세계(SSG)면세,2026-07-04T00:15:37Z
102448000019,조니워커 엑스오디네어 1000ml,조니워커,1000,399.0,259.35,35.0,USD,403055,liquor,주류/위스키,True,1554.1,신세계(SSG)면세,2026-07-04T00:15:37Z
106937200006,보모어 18년 700ml,보모어,700,155.0,139.5,10.0,USD,216796,liquor,주류/위스키,True,1554.1,신세계(SSG)면세,2026-07-04T00:15:37Z
106858000005,브룩라디 옥토모어14.1 700ml,브룩라디,700,163.0,163.0,0.0,USD,253318,,주류/위스키,True,1554.1,신세계(SSG)면세,2026-07-04T00:15:37Z
117218000011,배럴 씨그라스 골드 20년 750ml,배럴크래프트스피릿,750,500.0,425.0,15.0,USD,660492,,주류/위스키,True,1554.1,신세계(SSG)면세,2026-07-04T00:15:37Z
111188000040,파커스 헤리티지 컬렉션 더블 배럴 블랜드 750ml,헤븐힐디스틸러리,750,799.0,679.15,15.0,USD,1055467,,주류/위스키,True,1554.1,신세계(SSG)면세,2026-07-04T00:15:37Z
114688000039,글렌알라키 10년 CS 배치 10 700ml,글렌알라키,700,125.0,68.75,45.0,USD,106844,liquor,주류/위스키,True,1554.1,신세계(SSG)면세,2026-07-04T00:15:37Z
117218000016,배럴위스키 프라이빗 릴리스 루비포트(대구에디션) 750ml,배럴크래프트스피릿,750,150.0,105.0,30.0,USD,163180,,주류/위스키,True,1554.1,신세계(SSG)면세,2026-07-04T00:15:37Z
117218000012,배럴위스키 프라이빗 릴리스 마데이라(광주에디션) 750ml,배럴크래프트스피릿,750,150.0,105.0,30.0,USD,163180,,주류/위스키,True,1554.1,신세계(SSG)면세,2026-07-04T00:15:37Z
106828000009,글렌키스 25년 700ml,시크릿 스페이사이드,700,380.0,266.0,30.0,USD,413390,liquor,주류/위스키,True,1554.1,신세계(SSG)면세,2026-07-04T00:15:37Z
106827200006,더 글렌리벳 트리플 캐스크 시리즈 디스틸러 리저브 1000ml,더 글렌리벳,1000,63.0,44.1,30.0,USD,68535,liquor,주류/위스키,True,1554.1,신세계(SSG)면세,2026-07-04T00:15:37Z
106768000027,니카 테일러드 700ml,니카,700,135.0,81.0,40.0,USD,125882,liquor,주류/위스키,True,1554.1,신세계(SSG)면세,2026-07-04T00:15:37Z
106848000005,맥캘란 컬러 컬렉션 18Y 700ml,더 맥켈란,700,353.0,335.35,5.0,USD,521167,,주류/위스키,True,1554.1,신세계(SSG)면세,2026-07-04T00:15:37Z
106847200007,맥켈란 이니그마 700ml,더 맥켈란,700,334.0,334.0,0.0,USD,519069,liquor,주류/위스키,True,1554.1,신세계(SSG)면세,2026-07-04T00:15:37Z
106858000001,브룩라디 포트샬롯 10 1000ml,브룩라디,1000,115.0,69.0,40.0,USD,107232,liquor,주류/위스키,True,1554.1,신세계(SSG)면세,2026-07-04T00:15:37Z
106768000046,하쿠슈 디스틸러 리저브 700ml,산토리,700,117.0,117.0,0.0,USD,181829,liquor,주류/위스키,True,1554.1,신세계(SSG)면세,2026-07-04T00:15:37Z
114688000071,스타워드 진저비어 캐스크 #7 700ml,스타워드,700,170.0,76.5,55.0,USD,118888,liquor,주류/위스키,True,1554.1,신세계(SSG)면세,2026-07-04T00:15:37Z
106767200002,치타 700ml,산토리,700,73.0,35.77,51.0,USD,55590,liquor,주류/위스키,True,1554.1,신세계(SSG)면세,2026-07-04T00:15:37Z
117928000003,글렌고인 26년 리미티드 에디션 700ml,글렌고인,700,1100.0,880.0,20.0,USD,1367608,liquor,주류/위스키,True,1554.1,신세계(SSG)면세,2026-07-04T00:15:37Z
106827200007,더 글렌리벳 트리플 캐스크 시리즈 화이트 오크 리저브 1000ml,더 글렌리벳,1000,88.0,61.6,30.0,USD,95732,liquor,주류/위스키,True,1554.1,신세계(SSG)면세,2026-07-04T00:15:37Z
102448000041,조니워커 블루 아이스 샬레 750ml,조니워커,750,330.0,231.0,30.0,USD,358997,liquor,주류/위스키,True,1554.1,신세계(SSG)면세,2026-07-04T00:15:37Z
106858000006,브룩라디 블랙아트11 700ml,브룩라디,700,450.0,360.0,20.0,USD,559476,,주류/위스키,True,1554.1,신세계(SSG)면세,2026-07-04T00:15:37Z
117218000007,노아스 밀 750ml,윌렛 디스틸러리,750,117.0,81.9,30.0,USD,127280,,주류/위스키,True,1554.1,신세계(SSG)면세,2026-07-04T00:15:37Z
115338000008,더 글렌그란트 캐스크 헤이븐 1000ml,더 글렌그란트,1000,87.0,41.76,52.0,USD,64899,liquor,주류/위스키,True,1554.1,신세계(SSG)면세,2026-07-04T00:15:37Z
102438000011,로얄살루트 62건 살루트 오리지널 700ml,로얄 살루트,700,3009.0,2557.65,15.0,USD,3974843,liquor,주류/위스키,True,1554.1,신세계(SSG)면세,2026-07-04T00:15:37Z
106758000016,로얄브라클라 25년 700ml,듀어스,700,900.0,540.0,40.0,USD,839214,,주류/위스키,True,1554.1,신세계(SSG)면세,2026-07-04T00:15:37Z
106758000012,듀어스 더블더블 21년 미즈나라 캐스크 500ml,듀어스,500,174.0,104.4,40.0,USD,162248,liquor,주류/위스키,True,1554.1,신세계(SSG)면세,2026-07-04T00:15:37Z
111038000027,발베니 12 골든럼 캐스크 IGL 700ml,발베니,700,80.0,52.0,35.0,USD,80813,,주류/위스키,True,1554.1,신세계(SSG)면세,2026-07-04T00:15:37Z
102448000022,글렌킨치 27년 SR FY24 700ml(2023 Special Release),탈리스커,700,408.0,244.8,40.0,USD,380443,liquor,주류/위스키,True,1554.1,신세계(SSG)면세,2026-07-04T00:15:37Z
111038000026,발베니 12 몬틸라 700ml,발베니,700,88.0,57.2,35.0,USD,88894,,주류/위스키,True,1554.1,신세계(SSG)면세,2026-07-04T00:15:37Z
102407200021,글렌모렌지 14년 엘레멘타 1000ml,글렌모렌지,1000,93.0,69.75,25.0,USD,108398,liquor,주류/위스키,True,1554.1,신세계(SSG)면세,2026-07-04T00:15:37Z
106937200005,보모어 15년 1000ml,보모어,1000,105.0,73.5,30.0,USD,114226,liquor,주류/위스키,True,1554.1,신세계(SSG)면세,2026-07-04T00:15:37Z
102407200010,글렌모렌지 19년 700ml,글렌모렌지,700,150.0,120.0,20.0,USD,186492,liquor,주류/위스키,True,1554.1,신세계(SSG)면세,2026-07-04T00:15:37Z
102438000008,로얄살루트 21년 리차드 퀸 에디션 2 700ml,로얄 살루트,700,246.0,172.2,30.0,USD,267616,liquor,주류/위스키,True,1554.1,신세계(SSG)면세,2026-07-04T00:15:37Z
114688000030,글렌알라키 10년 캐스크 스트렝스 배치 9 싱글몰트 700ml,글렌알라키,700,149.0,81.95,45.0,USD,127358,liquor,주류/위스키,True,1554.1,신세계(SSG)면세,2026-07-04T00:15:37Z
116318000011,베리올드세인트닉 엔시언트 캐스크 이마큘라타 15 750ml,베리 올드 세인트닉,750,500.0,275.0,45.0,USD,427377,,주류/위스키,True,1554.1,신세계(SSG)면세,2026-07-04T00:15:37Z
106848000010,하일랜드파크 21년 700ml,하일랜드 파크,700,366.0,237.9,35.0,USD,369720,liquor,주류/위스키,True,1554.1,신세계(SSG)면세,2026-07-04T00:15:37Z
114688000029,글렌알라키 10년 스패니시 버진 오크 싱글몰트 700ml,글렌알라키,700,169.0,84.5,50.0,USD,131321,liquor,주류/위스키,True,1554.1,신세계(SSG)면세,2026-07-04T00:15:37Z
114688000001,글렌알라키 12년 700ml,글렌알라키,700,107.0,58.85,45.0,USD,91458,liquor,주류/위스키,True,1554.1,신세계(SSG)면세,2026-07-04T00:15:37Z
106757200019,올트모어 25년 700ml,올트모어,700,655.0,404.46,38.0,USD,628571,liquor,주류/위스키,True,1554.1,신세계(SSG)면세,2026-07-04T00:15:37Z
111048000020,글렌피딕 18년 벳4 페스티브 700ml,글렌피딕,700,145.0,94.25,35.0,USD,146473,liquor,주류/위스키,True,1554.1,신세계(SSG)면세,2026-07-04T00:15:37Z
111048000022,글렌피딕 15년 VAT3 700ml VAP,글렌피딕,700,99.0,64.35,35.0,USD,100006,liquor,주류/위스키,True,1554.1,신세계(SSG)면세,2026-07-04T00:15:37Z
106768000015,아오 700ml,산토리,700,76.0,37.24,51.0,USD,57874,liquor,주류/위스키,True,1554.1,신세계(SSG)면세,2026-07-04T00:15:37Z
110738000044,[면세한정] 달모어 13년 PX 쉐리캐스크 700ml,달모어,700,80.0,76.0,5.0,USD,118111,liquor,주류/위스키,True,1554.1,신세계(SSG)면세,2026-07-04T00:15:37Z
114688000049,올드풀트니 18년 700ml,올드풀트니,700,232.0,162.4,30.0,USD,252385,liquor,주류/위스키,True,1554.1,신세계(SSG)면세,2026-07-04T00:15:37Z
106847200019,하일랜드파크 16년 이글 700ml,하일랜드 파크,700,125.0,65.0,48.0,USD,101016,liquor,주류/위스키,True,1554.1,신세계(SSG)면세,2026-07-04T00:15:37Z
115968000035,스프링뱅크 28년 1995 700ml,동방명,700,955.0,764.0,20.0,USD,1187332,,주류/위스키,True,1554.1,신세계(SSG)면세,2026-07-04T00:15:37Z
102417200001,잭다니엘 젠틀맨 잭 1000ml,잭다니엘,1000,46.0,25.3,45.0,USD,39318,liquor,주류/위스키,True,1554.1,신세계(SSG)면세,2026-07-04T00:15:37Z
116298000001,부나하벤 에리 네 그레이뉴 1000ml,부나하벤,1000,83.0,83.0,0.0,USD,128990,liquor,주류/위스키,True,1554.1,신세계(SSG)면세,2026-07-04T00:15:37Z
102448000039,싱글톤 가든스 오브 어번던스 - 딥 포레스트 리치700ml,싱글톤,700,280.0,148.4,47.0,USD,230628,liquor,주류/위스키,True,1554.1,신세계(SSG)면세,2026-07-04T00:15:37Z
115968000008,스프링뱅크 1995 23년 700ml,동방명,700,1040.0,884.0,15.0,USD,1373824,liquor,주류/위스키,True,1554.1,신세계(SSG)면세,2026-07-04T00:15:37Z
102438000017,로얄살루트 21년 루나 뉴이어 2026 700ml,로얄 살루트,700,176.0,140.8,20.0,USD,218817,liquor,주류/위스키,True,1554.1,신세계(SSG)면세,2026-07-04T00:15:37Z
110738000001,달모어 15년 1000ml,달모어,1000,184.0,174.8,5.0,USD,271656,liquor,주류/위스키,True,1554.1,신세계(SSG)면세,2026-07-04T00:15:37Z
116318000009,윌렛 패밀리 에스테이트 라이 750ml,윌렛 위스키,750,123.0,123.0,0.0,USD,191154,liquor,주류/위스키,True,1554.1,신세계(SSG)면세,2026-07-04T00:15:37Z
116318000010,노아스 밀 750ml,윌렛 위스키,750,117.0,81.9,30.0,USD,127280,liquor,주류/위스키,True,1554.1,신세계(SSG)면세,2026-07-04T00:15:37Z
102407200018,아드벡 언오 1000ml,아드벡,1000,82.0,82.0,0.0,USD,127436,liquor,주류/위스키,True,1554.1,신세계(SSG)면세,2026-07-04T00:15:37Z
115968000014,패터캐른 1988 27년 700ml,동방명,700,518.0,362.6,30.0,USD,563516,liquor,주류/위스키,True,1554.1,신세계(SSG)면세,2026-07-04T00:15:37Z
110737200009,달모어 12년 700ml,달모어,700,89.0,84.55,5.0,USD,131399,liquor,주류/위스키,True,1554.1,신세계(SSG)면세,2026-07-04T00:15:37Z
115958000012,사마롤리 스페이 몰트 2023 배치 No.2 700ml,사마롤리,700,130.0,91.0,30.0,USD,141423,liquor,주류/위스키,True,1554.1,신세계(SSG)면세,2026-07-04T00:15:37Z
115378000019,1792 12년 750ml,버팔로 트레이스,750,86.0,77.4,10.0,USD,120287,,주류/위스키,True,1554.1,신세계(SSG)면세,2026-07-04T00:15:37Z
106858000002,브룩라디 쉐리 캐스크 700ml,브룩라디,700,69.0,41.4,40.0,USD,64339,,주류/위스키,True,1554.1,신세계(SSG)면세,2026-07-04T00:15:37Z
116298000003,부나하벤 크루아모나 1000ml,부나하벤,1000,96.0,96.0,0.0,USD,149193,,주류/위스키,True,1554.1,신세계(SSG)면세,2026-07-04T00:15:37Z
106757200018,듀어스 더블더블 27년 500ml,듀어스,500,300.0,159.0,47.0,USD,247101,liquor,주류/위스키,True,1554.1,신세계(SSG)면세,2026-07-04T00:15:37Z
106757200005,듀어스 25년 750ml,듀어스,750,357.0,213.7,40.0,USD,332111,liquor,주류/위스키,True,1554.1,신세계(SSG)면세,2026-07-04T00:15:37Z
115378000030,OFC 버번 2006 750ml,버팔로 트레이스,750,2500.0,2500.0,0.0,USD,3885250,liquor,주류/위스키,True,1554.1,신세계(SSG)면세,2026-07-04T00:15:37Z
274198000017,기원 배치7 CS 700ml,기원 위스키,700,101.0,85.85,15.0,USD,133419,,주류/위스키,True,1554.1,신세계(SSG)면세,2026-07-04T00:15:37Z
115378000029,1792 풀프루프 싱글배럴셀렉트 750ml,버팔로 트레이스,750,88.0,74.8,15.0,USD,116246,,주류/위스키,True,1554.1,신세계(SSG)면세,2026-07-04T00:15:37Z
114688000036,엘리먼츠오브아일라 버번 캐스크 700ml,엘리먼츠 오브 아일라,700,109.0,49.05,55.0,USD,76228,liquor,주류/위스키,True,1554.1,신세계(SSG)면세,2026-07-04T00:15:37Z
115348000006,예거마이스터 3 SHOT PAC 1000ml,예거마이스터,1000,34.0,17.0,50.0,USD,26419,liquor,주류/위스키,True,1554.1,신세계(SSG)면세,2026-07-04T00:15:37Z
110738000014,달모어 18년 700ml,달모어,700,350.0,332.5,5.0,USD,516738,liquor,주류/위스키,True,1554.1,신세계(SSG)면세,2026-07-04T00:15:37Z
110738000002,달모어 12년 1000ml,달모어,1000,117.0,111.15,5.0,USD,172738,liquor,주류/위스키,True,1554.1,신세계(SSG)면세,2026-07-04T00:15:37Z
102448000030,클라이넬리시 10년 SR FY24 700ml(2023 Special Release),탈리스커,700,198.0,118.8,40.0,USD,184627,liquor,주류/위스키,True,1554.1,신세계(SSG)면세,2026-07-04T00:15:37Z
111188000024,일라이저 크레이그 스몰 배치 750ml,헤븐힐디스틸러리,750,50.0,42.5,15.0,USD,66049,liquor,주류/위스키,True,1554.1,신세계(SSG)면세,2026-07-04T00:15:37Z
274198000016,기원 별 700ml,기원 위스키,700,70.0,59.5,15.0,USD,92468,,주류/위스키,True,1554.1,신세계(SSG)면세,2026-07-04T00:15:37Z
106938000011,보모어 40년 700ml,보모어,700,9990.0,6493.5,35.0,USD,10091548,liquor,주류/위스키,True,1554.1,신세계(SSG)면세,2026-07-04T00:15:37Z
115378000018,1792 풀푸르프 750ml,버팔로 트레이스,750,99.0,84.15,15.0,USD,130777,,주류/위스키,True,1554.1,신세계(SSG)면세,2026-07-04T00:15:37Z
106857200001,브룩라디 라디8 700ml,브룩라디,700,67.0,40.2,40.0,USD,62474,liquor,주류/위스키,True,1554.1,신세계(SSG)면세,2026-07-04T00:15:37Z
115338000018,와일드터키 켄터키 스피릿 750ml,더 글렌그란트,750,57.0,48.45,15.0,USD,75296,,주류/위스키,True,1554.1,신세계(SSG)면세,2026-07-04T00:15:37Z
110738000004,달모어 콰르텟 1000ml,달모어,1000,134.0,127.3,5.0,USD,197836,liquor,주류/위스키,True,1554.1,신세계(SSG)면세,2026-07-04T00:15:37Z
102448000028,탈리스커 SR FY24 700ml(2023 Special Release),탈리스커,700,144.0,86.4,40.0,USD,134274,liquor,주류/위스키,True,1554.1,신세계(SSG)면세,2026-07-04T00:15:37Z
115348000031,골드바 위스키 1000ml,골드바 위스키,1000,65.0,27.95,57.0,USD,43437,liquor,주류/위스키,True,1554.1,신세계(SSG)면세,2026-07-04T00:15:37Z
106828000016,더 글렌리벳 캐스크메이커스 700ml,더 글렌리벳,700,99.0,69.3,30.0,USD,107699,liquor,주류/위스키,True,1554.1,신세계(SSG)면세,2026-07-04T00:15:37Z
115338000012,더 글렌그란트 12년 1000ml,더 글렌그란트,1000,78.0,37.44,52.0,USD,58185,liquor,주류/위스키,True,1554.1,신세계(SSG)면세,2026-07-04T00:15:37Z
117478000012,폴존 피엑스 쉐리 700ml,폴존,700,105.0,89.25,15.0,USD,138703,liquor,주류/위스키,True,1554.1,신세계(SSG)면세,2026-07-04T00:15:37Z
110738000023,달모어 루미나리 No.2 700ml,달모어,700,350.0,332.5,5.0,USD,516738,,주류/위스키,True,1554.1,신세계(SSG)면세,2026-07-04T00:15:37Z
115968000020,스페이사이드 몰트 1991 26년 700ml,동방명,700,399.0,339.15,15.0,USD,527073,liquor,주류/위스키,True,1554.1,신세계(SSG)면세,2026-07-04T00:15:37Z
106938000009,보모어 33년 타임리스 700ml,보모어,700,2800.0,1960.0,30.0,USD,3046036,liquor,주류/위스키,True,1554.1,신세계(SSG)면세,2026-07-04T00:15:37Z
106778000011,메이커스 마크 46 750ml,메이커스 마크,750,57.0,37.05,35.0,USD,57579,liquor,주류/위스키,True,1554.1,신세계(SSG)면세,2026-07-04T00:15:37Z
115338000023,더 글렌그란트 익스플로레이션 NO.1 700ml,더 글렌그란트,700,120.0,72.0,40.0,USD,111895,,주류/위스키,True,1554.1,신세계(SSG)면세,2026-07-04T00:15:37Z
115348000008,커티샥 스카치 위스키 1000ml,글렌모레이,1000,23.0,10.58,54.0,USD,16442,liquor,주류/위스키,True,1554.1,신세계(SSG)면세,2026-07-04T00:15:37Z
110758000002,샤보 나폴레옹 700ml,샤보,700,72.0,39.6,45.0,USD,61542,liquor,주류/위스키,True,1554.1,신세계(SSG)면세,2026-07-04T00:15:37Z
110738000028,달모어 컨스텔레이션 1991 캐스크 27 700ml,달모어,700,5930.0,5633.5,5.0,USD,8755022,liquor,주류/위스키,True,1554.1,신세계(SSG)면세,2026-07-04T00:15:37Z
102448000035,오반 리틀 베이 1000ml,탈리스커,1000,127.0,76.2,40.0,USD,118422,,주류/위스키,True,1554.1,신세계(SSG)면세,2026-07-04T00:15:37Z
117218000015,배럴라이 프라이빗 릴리스 피엑스쉐리(서울에디션) 750ml,배럴크래프트스피릿,750,150.0,105.0,30.0,USD,163180,,주류/위스키,True,1554.1,신세계(SSG)면세,2026-07-04T00:15:37Z
114708000012,더 와이즈맨 켄터키 라이 750ml,교토위스키,750,71.0,60.35,15.0,USD,93789,liquor,주류/위스키,True,1554.1,신세계(SSG)면세,2026-07-04T00:15:37Z
115978000003,토마틴 16년 700ml,토마틴,700,95.0,50.35,47.0,USD,78248,liquor,주류/위스키,True,1554.1,신세계(SSG)면세,2026-07-04T00:15:37Z
115968000026,레칙 2005 12년 700ml,동방명,700,270.0,229.5,15.0,USD,356665,liquor,주류/위스키,True,1554.1,신세계(SSG)면세,2026-07-04T00:15:37Z
102457200003,올드파 12년 1000ml,올드파,1000,56.0,47.6,15.0,USD,73975,liquor,주류/위스키,True,1554.1,신세계(SSG)면세,2026-07-04T00:15:37Z
106778000017,짐빔 블랙 7년 1000ml,짐빔,1000,39.0,19.5,50.0,USD,30304,liquor,주류/위스키,True,1554.1,신세계(SSG)면세,2026-07-04T00:15:37Z
102448000051,몰트락 네버바운드 700ml,몰트락,700,120.0,102.0,15.0,USD,158518,liquor,주류/위스키,True,1554.1,신세계(SSG)면세,2026-07-04T00:15:37Z
116948000001,온타케 퍼스트 필 700ml,온타케,700,245.0,208.25,15.0,USD,323641,liquor,주류/위스키,True,1554.1,신세계(SSG)면세,2026-07-04T00:15:37Z
115338000005,와일드터키 롱브랜치 1000ml,와일드터키,1000,58.0,34.8,40.0,USD,54082,liquor,주류/위스키,True,1554.1,신세계(SSG)면세,2026-07-04T00:15:37Z
117218000013,배럴위스키 프라이빗 릴리스 소테른(울산에디션) 750ml,배럴크래프트스피릿,750,150.0,105.0,30.0,USD,163180,,주류/위스키,True,1554.1,신세계(SSG)면세,2026-07-04T00:15:37Z
102448000024,오반 11년 SR FY24 700ml(2023 Special Release),탈리스커,700,168.0,100.8,40.0,USD,156653,liquor,주류/위스키,True,1554.1,신세계(SSG)면세,2026-07-04T00:15:37Z
102448000025,싱글톤 글렌듈란 14년 SR FY24 700ml(2023 Special Release),싱글톤,700,158.0,83.74,47.0,USD,130140,liquor,주류/위스키,True,1554.1,신세계(SSG)면세,2026-07-04T00:15:37Z
115408000003,글랜카담 10년 700ml,글렌카담,700,62.0,36.89,41.0,USD,57330,liquor,주류/위스키,True,1554.1,신세계(SSG)면세,2026-07-04T00:15:37Z
110758000003,샤보 VSOP 골드 1000ml,샤보,1000,70.0,38.5,45.0,USD,59832,liquor,주류/위스키,True,1554.1,신세계(SSG)면세,2026-07-04T00:15:37Z
114708000001,큐로 오비 700ml,교토위스키,700,119.0,101.15,15.0,USD,157197,liquor,주류/위스키,True,1554.1,신세계(SSG)면세,2026-07-04T00:15:37Z
106777200002,짐빔 블랙 1000ml,짐빔,1000,39.0,19.5,50.0,USD,30304,liquor,주류/위스키,True,1554.1,신세계(SSG)면세,2026-07-04T00:15:37Z
117218000018,배럴버번 프라이빗 릴리스(대전에디션) 750ml,배럴크래프트스피릿,750,150.0,105.0,30.0,USD,163180,,주류/위스키,True,1554.1,신세계(SSG)면세,2026-07-04T00:15:37Z
114688000004,스타워드 솔라 700ml,스타워드,700,113.0,79.1,30.0,USD,122929,liquor,주류/위스키,True,1554.1,신세계(SSG)면세,2026-07-04T00:15:37Z
115338000013,더 글렌그란트 21년 700ml,더 글렌그란트,700,340.0,289.0,15.0,USD,449134,liquor,주류/위스키,True,1554.1,신세계(SSG)면세,2026-07-04T00:15:37Z
115978000002,토마틴 12년 1000ml,토마틴,1000,58.0,49.3,15.0,USD,76617,liquor,주류/위스키,True,1554.1,신세계(SSG)면세,2026-07-04T00:15:37Z
114688000066,밀크앤허니 클래식 싱글몰트 700ml,밀크앤허니,700,83.0,37.35,55.0,USD,58045,liquor,주류/위스키,True,1554.1,신세계(SSG)면세,2026-07-04T00:15:37Z
114688000048,올드풀트니 12년 700ml,올드풀트니,700,66.0,30.03,55.0,USD,46669,liquor,주류/위스키,True,1554.1,신세계(SSG)면세,2026-07-04T00:15:37Z
115348000017,글렌모레이 12년 1000ml,글렌모레이,1000,72.0,30.96,57.0,USD,48114,liquor,주류/위스키,True,1554.1,신세계(SSG)면세,2026-07-04T00:15:37Z
274198000019,"기원 코리안 트래블 익스클루시브, 700ml",기원 위스키,700,114.0,79.8,30.0,USD,124017,liquor,주류/위스키,True,1554.1,신세계(SSG)면세,2026-07-04T00:15:37Z
