canonical_id,name_ko,name_en,brand,category,n_aliases,n_rows,markets,min_krw,max_krw,alias_examples
w001,글렌리벳 12년,The Glenlivet 12 Year Old,Glenlivet,싱글몰트,7,9,HK;JP;KR;KR-DS,57000,161284,Glenlivet 12 Year Old Double Oak; 【正規輸入品】 ザ グレンリベット 12年 40% 1000ml 箱付 シングルモルト スコッチ ウイスキー; 【正規輸入品】ザ グレンリベット 12年 40% 700ml 箱付 スコッチ ウイスキー; ザ グレンリベット 12年 1000ml
w002,글렌리벳 15년,The Glenlivet 15 Year Old French Oak Reserve,Glenlivet,싱글몰트,8,29,HK;JP;KR;KR-DS,86000,240660,Glenlivet 15 Years Old French Oak Reserve Single Malt Scotch Whisky; 【正規輸入品】 ザ グレンリベット 15年 フレンチ オーク リザーブ 40% 700ml 箱付 シングルモルト スコッチ ウイスキー; ザ グレンリベット フレンチオーク リザーヴ 15年; 글랜립의 15년
w003,글렌리벳 17년 스몰배치,The Glenlivet 17 Year Old Small Batch,Glenlivet,싱글몰트,4,7,KR,229800,229800,글랜립의 17년 스몰 배치 2; 글렌리벳 17년 스몰 배치 2 700ml; 글렌리벳 17년 스몰배치; 더 글렌리벳 17년 스몰 배치 2
w004,글렌리벳 19년 스몰배치,The Glenlivet 19 Year Old Small Batch,Glenlivet,싱글몰트,5,10,KR;KR-DS,339400,380000,글랜립의 19년 스몰 배치; 글렌리벳 19년 스몰 배치 2 700ml; 글렌리벳 19년 스몰배치; 더 글렌리벳 19년
w005,글렌피딕 12년,Glenfiddich 12 Year Old,Glenfiddich,싱글몰트,4,23,HK;KR;KR-DS,59000,159079,"Glenfiddich - 12y, 40%; 글랜피딕 12년; 글렌피딕 12년; 글렌피딕 12년 700ml"
w006,글렌피딕 14년 버번배럴,Glenfiddich 14 Year Old Bourbon Barrel Reserve,Glenfiddich,싱글몰트,6,22,KR;KR-DS,89800,99800,글랜피딕 14년; 글렌피딕 14년; 글렌피딕 14년 버번 캐스크 700ml; 글렌피딕 14년 버번배럴
w007,글렌피딕 15년,Glenfiddich 15 Year Old Solera,Glenfiddich,싱글몰트,8,24,KR;KR-DS,89000,109800,글램피닉 15년; 글렌피딕 15년; 글렌피딕 15년 700ml; 글렌피딕 15년 솔레라 700ml
w008,발베니 12년 더블우드,The Balvenie DoubleWood 12 Year Old,Balvenie,싱글몰트,12,35,KR;KR-DS,93000,119800,발베니 12년; 발베니 12년 700ml; 발베니 12년 더블 우드 700ml; 발베니 12년 더블로드 700ml
w009,발베니 14년 캐리비안 캐스크,The Balvenie Caribbean Cask 14 Year Old,Balvenie,싱글몰트,7,28,HK;JP;KR;KR-DS,94900,367107,"Balvenie - Caribbean Cask 14y, 43%; Balvenie Caribbean Cask 14 Years Single Malt Scotch Whisky; シングルモルト ウイスキー バルヴェニー 14年 カリビアンカスク [イギリス 700ml ]; 발베니 14년 캐리비안 캐스크"
w010,아벨라워 12년 더블캐스크,Aberlour 12 Year Old Double Cask Matured,Aberlour,싱글몰트,1,1,HK,240660,240660,Aberlour 12 Years Old Double Cask Matured Single Malt Scotch Whisky
w011,아벨라워 아부나흐,Aberlour A'bunadh,Aberlour,싱글몰트,7,8,KR;KR-DS,148000,235800,아벨라워 셰리 캐스크 에디션; 아벨라워 아부나흐; 아벨라워 아브나르 쉐리케스크 에디션; 아벨라워 아브나르 쉐리케스크 에디션 700ml
w012,맥캘란 12년 더블캐스크,The Macallan Double Cask 12 Year Old,Macallan,싱글몰트,15,32,HK;JP;KR;KR-DS,90000,284713,"Macallan - Double Cask, 12y, 2018 release, 40%; Macallan - Double Cask, 12y, 2025 release, 40%; ザ マッカラン 12年 シングルモルト シェリーオーク 40% 700ml 箱なし スコッチ ウイスキー; ザ マッカラン 12年 シングルモルト シェリーオーク 40% 700ml 箱なし スコッチ ウイスキー アウトレット"
w013,글렌그란트 12년,The Glen Grant 12 Year Old,Glen Grant,싱글몰트,7,25,HK;KR;KR-DS,57000,183554,Glen Grant 12 Year Old Oloroso Sherry Casks; 글랜그란트 12년 700ml; 글랜란트 12년; 글렌그란트 12년
w014,글렌그란트 15년,The Glen Grant 15 Year Old,Glen Grant,싱글몰트,6,15,JP;KR;KR-DS,89400,201582,ザ グレングラント 15年 50% 700ml 箱付 シングルモルト スコッチ ウイスキー; 글랜그란트 15년 700ml; 글랜란트 15년; 글렌그란트 15년
w015,글렌그란트 익스플로레이션 No.1,The Glen Grant Exploration No.1,Glen Grant,싱글몰트,4,7,KR,79800,99800,글렌그란트 익스플로레이션 No.1 700ml; 더 글랜 그란트 익스플로레이션 넘버 1 700ml; 더 글랜 그란트 익스플로레이션 넘버원 700ml; 더 글렌 그란트 익스플로레이션 넘버 1
w016,탐두 15년,Tamdhu 15 Year Old,Tamdhu,싱글몰트,4,11,HK;KR;KR-DS,169800,469083,"Tamdhu - Speyside Single Malt Scotch Whisky, Aged 15 Years, 46%; Tamdhu 15 Year Old; 탐두 15년; 탐두 15년 700ml"
w017,벤리악 10년,BenRiach The Original Ten,BenRiach,싱글몰트,3,5,KR,49940,49940,벤 10년; 벤니학 10년; 벤리악 10년 700ml
w018,글렌드로낙 12년,The GlenDronach 12 Year Old Original,GlenDronach,싱글몰트,15,25,HK;JP;KR;KR-DS,73000,224343,"GlenDronach - 12y, Original, 43%; GlenDronach Original 12 Years Old Single Malt Scotch Whisky; グレンドロナック 12年; ザ グレンドロナック 12年 43% 700ml 箱付 シングルモルト スコッチ ウイスキー"
w019,오반 14년,Oban 14 Year Old,Oban,싱글몰트,5,12,HK;KR;KR-DS,89400,240660,Oban 14 Year Old; Oban 14 Years Old Highland Single Malt Scotch Whisky; 오반 14년; 오반 14년 700ml
w020,글렌모렌지 12년,Glenmorangie 12 Year Old,Glenmorangie,싱글몰트,6,14,JP;KR;KR-DS,69800,189770,グレンモーレンジィ アコード 12年; グレンモーレンジィ オリジナル 12年; 글램 모렌지 D 오리지널 12년 700ml; 글렌모렌지 12년
w021,글렌모렌지 15년,Glenmorangie 15 Year Old,Glenmorangie,싱글몰트,2,3,JP;KR;KR-DS,96000,185952,グレンモーレンジィ ラサンタ 15年 シェリーカスク; 글렌모렌지 15년
w022,글렌모렌지 익스플로전 No.1,Glenmorangie Explosion No.1,Glenmorangie,싱글몰트,1,1,KR,99800,99800,글렌모렌지 익스플로전 #1
w023,달모어 12년,The Dalmore 12 Year Old,Dalmore,싱글몰트,3,13,HK;KR;KR-DS,99000,236582,"Dalmore - 12y, 40%; 달모어 12년; 달모어 12년 700ml"
w024,달모어 2005 빈티지,The Dalmore 2005 Vintage,Dalmore,싱글몰트,2,14,KR;KR-DS,670800,780000,달모어 2005 빈티지; 달모어 2005 빈티지 700ml
w025,클라이넬리시 14년,Clynelish 14 Year Old,Clynelish,싱글몰트,7,12,HK;JP;KR,79400,240660,Clynelish 14 Year Old; Clynelish 14 Years Old Highland Single Malt Scotch Whisky; クライヌリッシュ 14年; クライヌリッシュ 14年 箱入り [ ウイスキー イギリス 700ml ]
w026,로얄 브라클라 12년,Royal Brackla 12 Year Old,Royal Brackla,싱글몰트,5,26,HK;KR;KR-DS,82900,240660,"Royal Brackla - 12y, 46%, Sherry Cask Finish; 로얄 브라클라 12년; 로얄 브라클라 12년 700ml; 브라클라 12년"
w027,에버펠디 16년,Aberfeldy 16 Year Old,Aberfeldy,싱글몰트,3,10,KR,75800,75800,에버펠 16년; 에버펠 16년 700ml; 에버펠디 16년 700ml
w028,글렌고인 캐스크 스트렝스 배치171,Glengoyne Cask Strength Batch 171,Glengoyne,싱글몰트,2,2,KR,149800,149800,글랜고인 CS 배치 11; 블렌고인 CS 171
w029,글렌글라사 샌드엔드,Glenglassaugh Sandend,Glenglassaugh,싱글몰트,2,4,KR,79800,99800,글렌글라사 샌드엔드 700ml; 글렌라사 샌드엔드
w030,글렌글라사 포트소이,Glenglassaugh Portsoy,Glenglassaugh,싱글몰트,2,6,KR,89800,109800,글렌글라사 포트소이 700ml; 글렌라사 포트소이
w031,아란 셰리 캐스크,Arran Sherry Cask,Arran,싱글몰트,6,17,KR;KR-DS,99800,144900,아란 셰리 캐스크; 아란 셰리 캐스크 700ml; 아란 쉐리케스크; 아란 쉐리케스크 700ml
w032,탈리스커 10년,Talisker 10 Year Old,Talisker,싱글몰트,5,24,HK;JP;KR;KR-DS,66800,155001,Talisker 10 Year Old; タリスカー 10年 45.8% 正規品 700ml 箱付 スコッチ ウイスキー 新ラベル; タリスカー 10年 シングルモルト スコッチ ウイスキー｜スカイ島を代表するクラシックモルト; 탈리스커 10년
w033,탈리스커 9년,Talisker 9 Year Old,Talisker,싱글몰트,1,1,KR,25980,25980,탈리스커 9년
w034,탈리스커 와일더 시즈,Talisker Wilder Seas,Talisker,싱글몰트,1,1,KR,137900,137900,탈리스커 와일더시 700ml
w035,라프로익 10년,Laphroaig 10 Year Old,Laphroaig,싱글몰트,8,15,HK;JP;KR;KR-DS,62800,199869,"Laphroaig 10 Year Old; Laphroaig 10 Years Old Scotch Single Malt Whisky (700ml, 40%); 【世界五大ウイスキー】 ラフロイグ10年　43度　 正規品 《スコッチウイスキー｜瓶 750ml×1本》; ラフロイグ 10年 40% 700ml 箱付 シングルモルト スコッチ ウイスキー 並行品"
w036,라가불린 11년 오퍼맨 스위트피트,Lagavulin 11 Year Old Offerman Edition Sweet Peat,Lagavulin,싱글몰트,4,15,KR,79800,89800,라가불린 11년 스위트 피트; 라가불린 11년 스위트피트; 라가불린 11년 오퍼맨 스위트피트; 라가불린 11년 오퍼맨 스위트피트 700ml
w037,오큰토션 10년,Auchentoshan 10 Year Old,Auchentoshan,싱글몰트,1,1,KR,74800,74800,오큰토션 10년
w038,글렌킨치 12년,Glenkinchie 12 Year Old,Glenkinchie,싱글몰트,2,8,KR,59800,59800,글렌킨치 12년; 글렌킨치 12년 700ml
w039,스트라스클라이드 1990 31년 (옥타브),Duncan Taylor The Octave Strathclyde 1990 31 Year Old,Duncan Taylor,싱글그레인,1,1,KR,69800,69800,옥타브 스트레스 클라이드 1990 31년
w040,뱅크홀 싱글몰트,Bankhall Single Malt,Bankhall,싱글몰트,8,17,KR,29940,37980,뱅콜 싱글트 위스키 700ml; 뱅크홀; 뱅크홀 싱글 모트 위스키 700ml; 뱅크홀 싱글 몰트 위스키 700ml
w041,몽키숄더,Monkey Shoulder,Monkey Shoulder,블렌디드몰트,4,30,KR;KR-DS,42290,50000,몽키 숄더; 몽키 숄더 700ml; 몽키숄더; 몽키숄더 700ml
w042,조니워커 그린라벨 15년,Johnnie Walker Green Label 15 Year Old,Johnnie Walker,블렌디드몰트,11,21,JP;KR,65900,118119,ジョニーウォーカー グリーンラベル 15年 700ml 43%; 조니어 그린; 조니워커 그린; 조니워커 그린 15년
w043,발렌타인 파이니스트,Ballantine's Finest,Ballantine's,블렌디드,2,12,KR;KR-DS,28000,28980,발렌타인 파이니스트; 발렌타인 파이니스트 1L
w044,발렌타인 10년,Ballantine's 10 Year Old,Ballantine's,블렌디드,4,21,JP;KR;KR-DS,25800,62120,バランタイン 10年; 발렌타인 10년; 발렌타인 10년 500ml; 발렌타인 10년 700ml
w045,발렌타인 12년,Ballantine's 12 Year Old,Ballantine's,블렌디드,3,3,JP;KR,71156,139631,バランタイン 12年; 新 バランタイン シングルモルト グレンバーギー 12年; 발렌타인 싱글트 글램버기 12년 500ml
w046,발렌타인 싱글몰트 15년,Ballantine's Single Malt 15 Year Old,Ballantine's,싱글몰트,4,6,JP;KR;KR-DS,87000,210595,新 バランタイン シングルモルト グレンバーギー 15年; 발렌타인 싱글 몰트 글램버이 15년 700ml; 발렌타인 싱글몰트 15년; 발렌타인 싱글트 글램버기 15년 700ml
w047,발렌타인 21년,Ballantine's 21 Year Old,Ballantine's,블렌디드,2,12,KR;KR-DS,165000,244100,발렌타인 21년; 발렌타인 21년 700ml
w048,시바스 리갈 12년,Chivas Regal 12 Year Old,Chivas Regal,블렌디드,4,12,JP;KR;KR-DS,39500,122103,【世界五大ウイスキー】スコッチウイスキー シーバスリーガル 12年水楢《瓶 700ml×1本》; シーバスリーガル　匠　リザーブ　12年　40度《瓶 700ml×1本》; 시바스 리갈 12년; 시바스리갈 12년산
w049,조니워커 레드라벨,Johnnie Walker Red Label,Johnnie Walker,블렌디드,5,13,KR,26800,54800,조니어 레드 1.75l; 조니워커 레드 1.75L; 조니워커 레드 700ml; 조니워커 레드라벨 1750ml
w050,조니워커 블랙라벨 12년,Johnnie Walker Black Label 12 Year Old,Johnnie Walker,블렌디드,10,36,JP;KR,36990,94800,【世界五大ウイスキー】スコッチウイスキー  ジョニーウォーカー ブラックラベル12年《瓶 お得な1L×1本》; 조니어커 블랙; 조니워커 블랙 1.75L; 조니워커 블랙 700ml
w051,조니워커 더블블랙,Johnnie Walker Double Black,Johnnie Walker,블렌디드,2,8,KR;KR-DS,44000,59800,조니워커 더블블랙; 조니워커 더블블랙 1L
w052,조니워커 블랙 루비,Johnnie Walker Black Ruby,Johnnie Walker,블렌디드,6,15,KR;KR-DS,44800,64800,조니어 블랙 루비; 조니워커 블랙 누루비 700ml; 조니워커 블랙 루비; 조니워커 블랙 루비 700ml
w053,조니워커 블루라벨,Johnnie Walker Blue Label,Johnnie Walker,블렌디드,14,34,KR;KR-DS,189800,660000,조니어커 블루; 조니워커 블로라 750ml; 조니워커 블루; 조니워커 블루 500ml
w054,페이머스 그라우스,The Famous Grouse,The Famous Grouse,블렌디드,2,2,KR,19800,34980,페이머스 그라우스 1L; 페이머스 그라우스 700ml
w055,듀어스 12년,Dewar's 12 Year Old,Dewar's,블렌디드,8,27,JP;KR;KR-DS,34980,92548,デュワーズ 12年 40% 700ml 箱なし スコッチ ウイスキー; デュワーズ 12年 [ ブレンデッド スコッチ ウイスキー イギリス 700ml ]; デュワーズ 12年 ミズナラ; 듀어스 12년
w056,듀어스 15년,Dewar's 15 Year Old,Dewar's,블렌디드,7,25,JP;KR;KR-DS,59400,163847,Dewar's スコッチウイスキー デュワーズ15年 [ ブレンドウイスキー イギリス 750ml ] [ギフトBox入り]; デュワーズ 15年 40% 750ml 箱付 スコッチ ウイスキー; 듀어스 15년; 듀어스 15년 700ml
w057,듀어스 18년,Dewar's 18 Year Old,Dewar's,블렌디드,3,7,KR;KR-DS,99000,129900,듀어스 18년; 듀어스 18년 750ml; 듀어스 18년 미즈나라 캐스크 700ml
w058,커티삭 프로히비션,Cutty Sark Prohibition,Cutty Sark,블렌디드,4,11,KR;KR-DS,28500,39980,커티삭 프로히비션; 커티삭 프로히비션 1L; 커티삭 프로히비션 700ml; 쿠티삭 프로히비션
w059,로얄 살루트 21년,Royal Salute 21 Year Old,Royal Salute,블렌디드,3,11,KR;KR-DS,179800,279800,로얄 살루트 21년; 로얄 살루트 21년 700ml; 로얄 살루트 21년 그레인
w060,노마드 아웃랜드 셰리 피니시,Nomad Outland Whisky Sherry Cask Finish,Nomad,블렌디드,3,11,KR,49980,49980,노마드 아울랜드 쉐리 피니시; 노마드 아웃랜드 셰리 피니시; 노마드 아웃랜드 셰리 피니시 700ml
w061,제임슨,Jameson Standard,Jameson,블렌디드,8,26,KR,26690,29800,제임스 나이시 위스키 700ml; 제임슨; 제임슨 700ml; 제임슨 스탠다드
w062,부쉬밀 15년 싱글몰트,Bushmills 15 Year Old Single Malt,Bushmills,싱글몰트,5,9,KR,99800,99800,부쉬밀 15년 싱글 몰트; 부쉬밀 15년 싱글몰트; 부쉬밀 15년 싱글몰트 700ml; 부시밀 15년 싱글 몰트 700ml
w063,골든블루 다이아몬드,Golden Blue Diamond,Golden Blue,기타(국산 위스키류),1,5,KR;KR-DS,39980,44980,골든블루 다이아몬드
w064,골든블루 사피루스,Golden Blue Sapphirus,Golden Blue,기타(국산 위스키류),3,8,KR,28980,28980,골든 블루 사피루스; 골든블루 사파이러스; 골든블루 사피루스
w065,짐빔 화이트,Jim Beam White Label,Jim Beam,버번,13,26,KR;KR-DS,19800,35490,진빈 법원 유스키 1L; 진빔; 진빔 1L; 진빔 700ml
w066,잭다니엘 No.7,Jack Daniel's Old No.7,Jack Daniel's,테네시,6,8,KR,34980,55900,잭 다니에 700ml; 잭 다니엘스 테네시 위스키 1L; 잭다니스 1L; 잭다니엘 No.7
w067,잭다니엘 애플,Jack Daniel's Apple,Jack Daniel's,플레이버드,8,16,KR;KR-DS,37100,115000,잭 다니엘스 애플 1L; 잭 다니엘스 애플 500mml; 잭다니에스 애플 1L; 잭다니엘 애플
w068,잭다니엘 라이,Jack Daniel's Tennessee Rye,Jack Daniel's,라이,2,3,KR;KR-DS,39980,62800,잭다니엘 라이; 잭다니엘스 BB라이 700ml
w069,버팔로 트레이스,Buffalo Trace,Buffalo Trace,버번,4,18,KR;KR-DS,38000,49980,버팔로 트레이스; 버팔로 트레이스 1L; 버팔로 트레이스 750ml; 버팔로 트레이스 750mml
w070,1792 스몰배치,1792 Small Batch,1792,버번,7,28,JP;KR;KR-DS;TW,39980,119113,1792 スモールバッチ; 1792 小批次波本威士忌; 1792 스몰 배치; 1792 스몰 배치 750ml
w071,메이커스 마크,Maker's Mark,Maker's Mark,버번,4,16,KR,36990,64900,메이커스 마크; 메이커스 마크 1L; 메이커스 마크 750ml; 메이커스 마크 750mml
w072,우드포드 리저브,Woodford Reserve,Woodford Reserve,버번,3,8,KR;KR-DS,58000,79900,우드포드 리저브; 우드포드 리저브 1L; 우드포드 리저브 750ml
w073,와일드터키 8년,Wild Turkey 8 Year Old,Wild Turkey,버번,4,10,HK;KR,49980,154998,Wild Turkey 8 Year Old 101 Proof Straight Bourbon Whiskey; 와일드 터키 101 8년 700ml; 와일드터키 8년; 와일드터키 8년 1L
w074,와일드터키 레어브리드,Wild Turkey Rare Breed,Wild Turkey,버번,6,20,KR;KR-DS,69000,79800,와일드 터키 레어 브리드 750ml; 와일드 터키 레어브리드; 와일드 터키 레어브리드 750ml; 와일드 터키 레어브리드 750mml
w075,와일드터키 켄터키 스피릿 싱글배럴,Wild Turkey Kentucky Spirit Single Barrel,Wild Turkey,버번,7,15,KR;KR-DS,69400,109000,와일드 터키 캔터키 스피릿 싱글 배럴; 와일드 터키 캔터키 스피릿 싱글 배럴 750mml; 와일드 터키 캔터키 스피릿 싱글 베럴 750ml; 와일드 터키 켄터키 스피릿 싱글 배럴 750ml
w076,이글 레어 10년,Eagle Rare 10 Year Old,Eagle Rare,버번,4,23,KR;KR-DS,69800,74800,이글 레어 10년; 이글 레어 10년 750ml; 이글레어 10년; 이글레어 10년 750ml
w077,러셀스 리저브 싱글배럴,Russell's Reserve Single Barrel,Russell's Reserve,버번,6,17,KR,89400,99800,러셀 리저브 싱글 배럴; 러셀 리저브 싱글 배럴 750ml; 러셀 리저브 싱글 베럴; 러셀 리저브 싱글 베럴 750ml
w078,포 로지스 싱글배럴,Four Roses Single Barrel,Four Roses,버번,5,12,KR;KR-DS,59800,82800,포 로지스 싱글 베럴 750ml; 포 로지스 싱글배럴; 포 로지스 싱글배럴 750ml; 포로지 지스 싱글 베럴 750ml
w079,포 로지스 스몰배치 셀렉트,Four Roses Small Batch Select,Four Roses,버번,6,18,KR;KR-DS,116800,128000,포 로지스 스몰 배치 셀렉트 750ml; 포 로지스 스몰 배치 셀렉트 750mml; 포 로지스 스몰배치 셀렉트; 포 로지스 스몰배치 셀렉트 750ml
w080,에반 윌리엄스 블랙,Evan Williams Black Label,Evan Williams,버번,7,23,KR;KR-DS,24500,47980,에반 윌리엄스 블랙; 에반 윌리엄스 블랙 1.75L; 에반 윌리엄스 블랙 1750ml; 에반 윌리엄스 블랙 1L
w081,에반 윌리엄스 12년,Evan Williams 12 Year Old,Evan Williams,버번,4,21,KR;KR-DS,79800,110000,에반 윌리엄스 12년; 에반 윌리엄스 12년 750ml; 에반 윌리엄스 12년 750mml; 에반윌리엄스 12년 750ml
w082,에반 윌리엄스 14년,Evan Williams 14 Year Old,Evan Williams,버번,1,1,KR,89400,89400,에반 윌리엄스 14년
w083,산토리 가쿠빈,Suntory Whisky Kakubin,Suntory,블렌디드,7,26,KR;KR-DS,27690,39800,가쿠빈; 가쿠빈 700ml; 산토리 가쿠빈; 산토리 가쿠빈 700ml
w084,카발란 디스틸러리 셀렉트,Kavalan Distillery Select Single Malt,Kavalan,싱글몰트,10,21,KR;KR-DS,69800,85000,카발란 디스틸러 리셀레트 싱글 몰트 700ml; 카발란 디스틸러리 셀렉트; 카발란 디스틸러리 셀렉트 700ml; 카발란 디스틸러리 셀렉트 싱글
w085,글렌드로낙 오드 투 더 밸리,(unverified) 'Ode to the Valley',GlenDronach,싱글몰트,2,2,KR,89400,89400,글렌드로(?) 오드 투 더 밸리 700ml; 더 글렌드로 오드투더 밸리
w086,글렌드로낙 오드 투 더 엠버스,(unverified) 'Ode to the Embers',GlenDronach,싱글몰트,3,3,KR,99400,99400,글랜드러 오드더 엠버스; 글렌드로(?) 오드 투 더 엠버스 700ml; 더 글렌드로 오드 to투더 엠버스
w087,글렌드로낙 오드 투 더 다크,(unverified) 'Ode to the Dark',GlenDronach,싱글몰트,4,4,KR,159800,159800,글렌드로(?) 오드 투 더 다크 700ml; 더 글랜드 로드투더 다크 700ml; 더 글랜드 로드투더 닥 700ml; 더 글렌드로 오드투더 다크
w088,탈리스만 9년 포르투기즈 캐스크,Talisman 9 Year Old Portuguese Cask,Talisman,블렌디드,7,18,KR;KR-DS,16980,69800,탈리스마 위스키 1L; 탈리스만 9년; 탈리스만 9년 포르투기즈 캐스크; 탈리스만 9년 포르투기즈 캐스크 700ml
w089,탈리스커 와일드 블루,Talisker Wild (name_en 미확정),Talisker,싱글몰트,2,19,KR;KR-DS,69400,109000,탈리스커 와일드 블루; 탈리스커 와일드 블루 700ml
w090,발렌타인 17년,Ballantine's 17 Year Old,Ballantine's,블렌디드,8,27,JP;KR;KR-DS,95000,298045,バランタイン 17年 Ballantine’s 17 Years Old（700ml／40％）｜並行品; バランタイン 17年 トリビュートリリース; 발렌타인 17년; 발렌타인 17년 500mml
w091,잭다니엘 허니,Jack Daniel's Tennessee Honey,Jack Daniel's,리큐르(위스키베이스),3,3,KR;KR-DS,49800,74000,잭 다니엘스 허니 700ml; 잭다니엘 허니; 잭다니엘 허니 1L
w092,발렌타인 싱글몰트 글렌버기 16년,Ballantine's Single Malt Glenburgie 16,Ballantine's,싱글몰트,4,10,KR;KR-DS,169800,195000,발렌타인 싱글램버이 16년; 발렌타인 싱글몰트 글렌버기 16년; 발렌타인 싱글트 글램버기 16년 스몰 배치; 발렌타인 싱글트 글램버이 16년 스몰 배치 700ml
w093,글렌파클라스 15년,Glenfarclas 15 Year Old,Glenfarclas,싱글몰트,2,5,KR;KR-DS,119400,137000,글렌파클라스 15년; 파클라스 15년 700ml
w094,글렌피딕 12년 셰리 캐스크,Glenfiddich 12 Year Old Sherry Cask,Glenfiddich,싱글몰트,2,4,KR,69900,89800,글렌피딕 12년 쉐리 700ml; 글렌피딕 12년 쉐리케스크 700ml
w095,러셀스 리저브 10년,Russell's Reserve 10 Year Old,Russell's Reserve,버번,1,3,KR,59400,99000,러셀 리저브 10년 750ml
w096,글렌알라키 10년 루비 포트,GlenAllachie 10 Year Old Ruby Port Wood Finish,GlenAllachie,싱글몰트,4,6,KR;KR-DS,89800,185000,글렌라키 10년 루비 포트 700ml; 글렌알라키 10년 루비 포트; 글렌알라키 10년 루비 포트 700ml; 글렌알라키 10년 루비포트 700ml
w097,주라 18년,Jura 18 Year Old,Jura,싱글몰트,2,4,KR;KR-DS,79400,119800,주라 18년; 주라 18년 700ml
w098,커클랜드 15년 하일랜드 싱글몰트,Kirkland Signature Highland Single Malt 15,Kirkland,싱글몰트,1,9,KR,133900,133900,커클랜드 15년 하일랜드 싱글몰트 위스키
w099,커클랜드 시그니처 스카치,Kirkland Signature Blended Scotch,Kirkland,블렌디드,1,9,KR,32490,32490,커클랜드 시그니처 스카치 위스키 1.75L
w100,커클랜드 시그니처 캐나디안,Kirkland Signature Canadian Whisky,Kirkland,캐나디안,1,9,KR,34990,34990,커클랜드 시그니처 캐나디안 위스키 1.75L
w102,라프로익 오크 셀렉트,Laphroaig Select / Oak Select,Laphroaig,싱글몰트,5,5,HK;KR;KR-DS,47500,199869,Laphroaig SELECT 200 Years Anniversary Islay Single Malt Scotch Whisky; Laphroaig SELECT Single Malt Islay Scotch Whisky; Laphroaig Select; 라프로익 오크 셀렉트
w103,린도어스 1494 코어,Lindores Abbey MCDXCIV Core,Lindores Abbey,싱글몰트,1,1,KR,69800,69800,린도어스 1494 코어 위스키 700ml
w104,맥캘란 셰리 오크 12년,Macallan Sherry Oak 12 Year Old,The Macallan,싱글몰트,2,3,KR,119800,119800,맥캘란 셰리 오크 12년 700ml; 맥캘란 쉐리오크 12년 700ml
w105,발베니 16년 프렌치 오크,Balvenie 16 Year Old French Oak,Balvenie,싱글몰트,4,4,HK;KR;KR-DS,219800,636320,"Balvenie - 16y, French Oak, 47.6%; 발베니 16년 프렌치 오크; 발베니 16년 프렌치 오크 700ml; 발베니 16년 프렌치오크 700ml"
w106,벨즈,Bell's Original,Bell's,블렌디드,3,9,KR;KR-DS,15400,20990,벨즈; 벨즈 블렌디드 위스키; 벨즈 스카치 위스키 1L
w107,부쉬밀 10년 싱글몰트,Bushmills 10 Year Old Single Malt,Bushmills,싱글몰트,3,3,JP;KR,44940,130452,ブッシュミルズ シングルモルト 10年; ブッシュミルズ シングルモルト 10年 40% 700ml 箱付 アイリッシュ ウイスキー; 부시밀 10년 싱글트 700ml
w108,부쉬밀 12년 싱글몰트,Bushmills 12 Year Old Single Malt,Bushmills,싱글몰트,1,1,KR,59400,59400,부시밀 12년 싱글트 700ml
w109,블랙보트,Black Bottle,Black Bottle,블렌디드,1,1,KR,19800,19800,블랙보트 스카치 위스키 700ml
w110,에반 윌리엄스 싱글배럴,Evan Williams Single Barrel,Evan Williams,버번,1,1,KR,69800,69800,에반 윌리엄스 싱글 베럴 750ml
w111,에반 윌리엄스 BIB,Evan Williams Bottled-in-Bond,Evan Williams,버번,4,10,KR,31800,39980,에반 윌리엄스 BIB 12주년 에디션; 에반 윌리엄스 BIB 12주년 에디션 50도 1L; 에반 윌리엄스 BIB 1L; 에반윌리엄스 BIB 750ml
w112,커클랜드 바틀드 인 본드 버번,Kirkland Bottled-in-Bond Bourbon,Kirkland,버번,1,1,KR,62900,62900,커클랜드 시그니처 바틀 인본드 버뉴스키 1L
w113,코발 밀레,Koval Millet,Koval,싱글그레인,2,2,KR;KR-DS,53400,99000,코발 밀레; 코발 밀레 위스키 500ml
w114,코발 라이,Koval Rye,Koval,라이,1,1,KR,53400,53400,코발라이 위스키 500ml
w115,글렌피딕 18년,Glenfiddich 18 Year Old,Glenfiddich,싱글몰트,2,2,HK;KR,256600,399739,"Glenfiddich - 18y, 40%; 글렌피딕 18년 700ml"
w116,주라 10년,Jura 10 Year Old,Jura,싱글몰트,1,1,KR,78000,78000,주라 10년 700ml
w117,주라 12년 셰리 캐스크,Jura 12 Year Old Sherry Cask,Jura,싱글몰트,3,3,HK;KR,89900,240660,"Jura - 12y Sherry cask , 40%; Jura 12 Years Old Sherry Cask Finished Single Malt Scotch Whisky; 주라 12년 쉐리케스크 700ml"
w118,탈리스커 디스틸러스 에디션,Talisker Distillers Edition,Talisker,싱글몰트,2,2,HK;KR,99800,297765,Talisker Wild Blue 2025 Edition; 탈리스커 디스틸러스 에디션 700ml
w119,그란츠 트리플 우드,Grant's Triple Wood,Grant's,블렌디드,1,1,HK,12192054,12192054,Glen Grant 1970 Sherry Wood #1043 by Samaroli 31 Years Old Single Malt Scotch Whisky
w120,글렌그란트 아보랄리스,Glen Grant Arboralis,Glen Grant,싱글몰트,1,1,KR,74000,74000,글랜그란트 아보랄리스 700ml
w121,네이키드 몰트,The Naked Malt,The Naked Malt,블렌디드몰트,1,1,KR,67100,67100,네이키드 몰트 700ml
w122,듀어스 캐리비안 스무스 8년,Dewar's Caribbean Smooth 8,Dewar's,블렌디드,4,4,JP;KR,47500,65748,デュワーズ イリーガルスムース 8年 [ ウイスキー イギリス 700ml ]; デュワーズ カリビアンスムース 8年 40% 700ml 箱なし ブレンデッド スコッチ ウイスキー; デュワーズ ジャパニーズスムース 8年 700ml 40%【特典付き】; 듀어스 캐리비안 스무스 8연 700ml
w123,라벨 5,Label 5,Label 5,블렌디드,1,1,KR,25800,25800,라벨 5오 스카치 위스키 700ml
w124,발렌타인 싱글몰트 글렌버기 18년,Ballantine's Single Malt Glenburgie 18,Ballantine's,싱글몰트,1,1,KR,267500,267500,발렌타인 18년 싱글트 글램버기 700ml
w125,발렌타인 마스터즈,Ballantine's Master's,Ballantine's,블렌디드,1,1,KR,78500,78500,발렌타인 마스터즈 700ml
w126,스모크헤드 오리지널,Smokehead,Smokehead,싱글몰트,1,1,KR,76100,76100,스모크헤드 오리지널 700ml
w128,스카치블루 클래식,Scotch Blue Classic,Scotch Blue,블렌디드,1,1,KR,27900,27900,스카치 블루 클래식 700ml
w129,윈저 12년,Windsor 12,Windsor,블렌디드,1,1,KR,24800,24800,윈저 12년 500ml
w130,칼라일,Carlyle,Carlyle,블렌디드,3,7,KR,15800,23980,칼라 1 블렌디드 스카치 위스키; 칼라일 1500ml; 칼라일 스카치 위스키 700ml
w146,달모어 12년 셰리캐스크,The Dalmore 12 Year Old Sherry Cask Select,Dalmore,싱글몰트,5,6,KR,144900,144900,달모어 12년 쉐리캐스크 700ml; 달모어 12년 쉐리케스크 700ml; 달모어 12년 쉐리케스크 싱글 모트 위스키 700ml; 달모어 12년 쉐리케스크 싱글 몰트 위스키 700ml
w154,글렌모레이 10년,Glen Moray 10 Year Old,Glen Moray,싱글몰트,1,1,HK,689347,689347,"Glen Moray ""Ichigo Ichie"" Single Malt Whisky 10 Years"
w157,올드파 12년,Old Parr 12 Year Old,Old Parr,블렌디드,1,1,JP,104360,104360,Old Parr（オールドパー）12年 40% 750ml 箱付 ブレンデッド スコッチ ウイスキー
w158,하이랜드파크 12년,Highland Park 12 Year Old,Highland Park,싱글몰트,3,3,HK,265133,1219613,"Highland Park - 12y, 40%, Viking Honour; Highland Park 12 Years Old Scotch Single Malt Whisky (1990s Bottling); Highland Park 12 Years Old Scotch Single Malt Whisky (2000s Bottling)"
w159,레드브레스트 15년,Redbreast 15 Year Old,Redbreast,싱글몰트,1,1,HK,338555,338555,Redbreast 15 Year Old
w170,맥캘란 셰리오크 18년,The Macallan Sherry Oak 18 Years Old,Macallan,싱글몰트,7,7,HK;JP,975514,1434700,"Macallan - Sherry Oak, 18y, 2022 release, 43%; Macallan - Sherry Oak, 18y, 2026 release, 43%; ザ マッカラン 18年; ザ マッカラン 18年 シングルモルト シェリー オーク カスク 43% 700ml 箱付 スコッチ ウイスキー"
w172,로얄 브라클라 21년,Royal Brackla 21 Year Old,Royal Brackla,싱글몰트,1,1,HK,807636,807636,"Royal Brackla - 21y, 46%, Sherry Cask Finish"
w173,에버펠디 21년,Aberfeldy 21 Year Old,Aberfeldy,싱글몰트,1,1,HK,526188,526188,Aberfeldy 21 Year Old
w176,보모어 18년,Bowmore 18 Year Old,Bowmore,싱글몰트,7,7,HK;JP,344627,660794,"Bowmore - 18y, 43%; Bowmore 18 Years Old Islay Single Malt Scotch Whisky; Milroy's - Bowmore 18 Year Old 2007 for The Whisky Agency Cask 27; 【送料無料】ボウモア シェリー 18年 700ml 43％ 正規／数量限定・日本初上陸"
w178,몰트락 20년,Mortlach 20 Year Old,Mortlach,싱글몰트,1,1,HK,893295,893295,Mortlach 20 Year Old
w179,발렌타인 30년 리스테이지,Ballantine's 30 Year Old Restage,Ballantine's,블렌디드,2,2,JP,972524,1116660,【世界五大ウイスキー】バランタイン30年《瓶 700ml×1本》; バランタイン 30年
w190,글렌피딕 21년,Glenfiddich 21 Year Old,Glenfiddich,싱글몰트,2,2,HK,562898,905531,"Glenfiddich - 21y, Gran Reserva, 40%; Glenfiddich 21 Year Old Reserva Rum Cask Finish"
w199,글렌피딕 30년,Glenfiddich 30 Year Old,Glenfiddich,싱글몰트,2,2,JP;TW,2093295,3780470,"グレンフィディック 30年; 英國格蘭菲迪30年蘇格蘭單一麥芽威士忌 0.7L 43%,Glenfiddich 30YO  GBX 0.7L 43%"
w207,발베니 21년 포트우드,Balvenie 21 PortWood,Balvenie,싱글몰트,1,1,HK,1174745,1174745,"Balvenie - Portwood, 21y, 40%"
w214,더 글렌리벳 16년,The Glenlivet 16 Year Old,Glenlivet,싱글몰트,2,2,HK,1154350,1301192,"Glenlivet - 16y, 60.6%, 618b, 1st Fill Sherry Butt , Bottled in 2019; Glenlivet 16 Years Old 2016 Release Blethermen Single Cask Edition Single Malt Scotch Whisky"
w223,더 글렌리벳 21년,The Glenlivet 21 Year Old,Glenlivet,싱글몰트,3,3,HK;JP,754611,788968,Glenlivet 21 Year Old; 【正規輸入品】 ザ グレンリベット 21年 43% 700ml 箱付 シングルモルト スコッチ ウイスキー; ザ グレンリベット アーカイヴ 21年
w231,아벨라워 18년,Aberlour 18 Year Old,Aberlour,싱글몰트,1,1,HK,481319,481319,Aberlour 18 Year Old Double Sherry Cask Finish
w236,더 글렌리벳 19년,The Glenlivet 19 Year Old,Glenlivet,싱글몰트,2,2,HK,522108,591452,Signatory - Glenlivet 19 Year Old 2006 Cask 900626; Signatory - Glenlivet 19 Year Old 2006 Sherry Cask 900819
w237,더 글렌리벳 14년,The Glenlivet 14 Year Old,Glenlivet,싱글몰트,1,1,JP,173073,173073,ザ グレンリベット 14年 コニャックカスク セレクション
w240,글렌리벳 TGL TCM 레어 캐스크,The Glenlivet Triple Cask Matured Rare Cask,Glenlivet,싱글몰트,1,1,HK,4972269,4972269,Glenlivet 1978 Kingsbury Finest & Rarest 33 Years Old Single Malt Scotch Whisky
w243,탈리스커 다크 스톰,Talisker Dark Storm,Talisker,싱글몰트,2,2,HK,163159,203950,"Talisker - Storm, Single Malt, 70cl, 45.8%; Talisker Storm"
w261,더 디콘,The Deacon,The Deacon,블렌디드,1,1,JP,80880,80880,THE DEACON ディーコン ブレンデッドスコッチウイスキー 700ml 40%
w276,올트모어 18년,Aultmore 18 Year Old,Aultmore,싱글몰트,1,1,HK,1003427,1003427,"Adelphi Selection - Aultmore 18y, 2000, 55% , 480b"
w277,듀어스 더블더블 27년,Dewar's Double Double 27,Dewar's,블렌디드,2,2,JP,699218,751397,【数量限定】デュワーズ　ダブルダブル　27年 46度　500ml  [ギフトBox入り]; デュワーズ ダブルダブル 27年 46% 500ml 箱付 スコッチ ウイスキー
w282,스카파 글란사,Scapa Glansa,Scapa,싱글몰트,1,1,HK,240660,240660,"Scapa ""Glansa"" Single Malt Scotch Whisky"
w285,커클랜드 시그니처 아일레이 싱글몰트,Kirkland Signature Islay Single Malt Scotch Whisky,Kirkland,싱글몰트,1,7,KR,95900,95900,커클랜드 시그니처 아일레이 싱글몰트 위스키
w287,벤리악 Quarter Cask Peated 1000ml,BenRiach Quarter Cask Peated,BenRiach,싱글몰트,1,1,HK,240660,240660,BenRiach 10 Years Old Curiositas Peated Scotch Single Malt Whisky OLDER RELEASE
