술이름,가격_KRW,위치,가져온날짜,출처,신뢰도,비고
발렌타인 파이니스트,28980,트레이더스,2026-04-03,CocoScan /contents/670,높음,
짐빔 화이트,27980,트레이더스,2026-04-03,CocoScan /contents/670,높음,
잭다니엘 No.7,34980,트레이더스,2026-04-03,CocoScan /contents/670,높음,5천원 할인 중
잭다니엘 애플,37980,트레이더스,2026-04-03,CocoScan /contents/670,높음,하이볼컵 증정
산토리 가쿠빈,39800,트레이더스,2026-04-03,CocoScan /contents/670,높음,
골든블루 다이아몬드,39980,트레이더스,2026-04-03,CocoScan /contents/670,높음,
1792 스몰배치,44980,트레이더스,2026-04-03,CocoScan /contents/670,높음,
조니워커 레드 1.75L,47980,트레이더스,2026-04-03,CocoScan /contents/670,높음,
버팔로 트레이스,49800,트레이더스,2026-04-03,CocoScan /contents/670,높음,
몽키숄더,50000,트레이더스,2026-04-03,CocoScan /contents/670,높음,약 5만원대(대략가)
글렌그란트 12년,59800,트레이더스,2026-04-03,CocoScan /contents/670,높음,만원 할인 중
조니워커 더블블랙 1L,59800,트레이더스,2026-04-03,CocoScan /contents/670,높음,
조니워커 그린 15년,74800,트레이더스,2026-04-03,CocoScan /contents/670,높음,
글렌드로낙 12년,82800,트레이더스,2026-04-03,CocoScan /contents/670,높음,잔 4개 포함
발베니 12년 더블우드,96800,트레이더스,2026-04-03,CocoScan /contents/670,높음,
글렌그란트 15년,97800,트레이더스,2026-04-03,CocoScan /contents/670,높음,
오반 14년,99800,트레이더스,2026-04-03,CocoScan /contents/670,높음,잔 2개 포함
1792 스몰배치,39980,트레이더스,2026-04-13,CocoScan /emart-traders/771,높음,
골든블루 다이아몬드,44980,트레이더스,2026-04-13,CocoScan /emart-traders/771,높음,
골든블루 사파이러스,28980,트레이더스,2026-04-13,CocoScan /emart-traders/771,높음,
글렌모렌지 12년,69800,트레이더스,2026-04-13,CocoScan /emart-traders/771,높음,
글렌모렌지 15년,97800,트레이더스,2026-04-13,CocoScan /emart-traders/771,높음,
글렌모렌지 익스플로전 #1,99800,트레이더스,2026-04-13,CocoScan /emart-traders/771,높음,제품명 표기 추정(원문 음차)
글렌드로낙 12년,79800,트레이더스,2026-04-13,CocoScan /emart-traders/771,높음,
글렌리벳 12년 1L,69800,트레이더스,2026-04-13,CocoScan /emart-traders/771,높음,
글렌리벳 15년,94800,트레이더스,2026-04-13,CocoScan /emart-traders/771,높음,
글렌피딕 12년,84800,트레이더스,2026-04-13,CocoScan /emart-traders/771,높음,
글렌피딕 14년,99800,트레이더스,2026-04-13,CocoScan /emart-traders/771,높음,
듀어스 12년,45980,트레이더스,2026-04-13,CocoScan /emart-traders/771,높음,
듀어스 15년,59400,트레이더스,2026-04-13,CocoScan /emart-traders/771,높음,
라가불린 11년 스위트 피트,89800,트레이더스,2026-04-13,CocoScan /emart-traders/771,높음,
러셀스 리저브 싱글배럴,99800,트레이더스,2026-04-13,CocoScan /emart-traders/771,높음,
로얄 브라클라 12년,89800,트레이더스,2026-04-13,CocoScan /emart-traders/771,높음,
맥캘란 12년 더블캐스크,99800,트레이더스,2026-04-13,CocoScan /emart-traders/771,높음,
몽키숄더,44980,트레이더스,2026-04-13,CocoScan /emart-traders/771,높음,
발렌타인 10년,39980,트레이더스,2026-04-13,CocoScan /emart-traders/771,높음,
발렌타인 싱글몰트 15년,94800,트레이더스,2026-04-13,CocoScan /emart-traders/771,높음,
발렌타인 파이니스트,28980,트레이더스,2026-04-13,CocoScan /emart-traders/771,높음,
발베니 12년 더블우드,96800,트레이더스,2026-04-13,CocoScan /emart-traders/771,높음,
발베니 14년 캐리비안 캐스크,139800,트레이더스,2026-04-13,CocoScan /emart-traders/771,높음,
뱅크홀 싱글몰트,37980,트레이더스,2026-04-13,CocoScan /emart-traders/771,높음,제품명 표기 추정(원문 음차)
버팔로 트레이스,49980,트레이더스,2026-04-13,CocoScan /emart-traders/771,높음,
산토리 가쿠빈,32980,트레이더스,2026-04-13,CocoScan /emart-traders/771,높음,
아란 셰리 캐스크,99800,트레이더스,2026-04-13,CocoScan /emart-traders/771,높음,
에반 윌리엄스 12년,99800,트레이더스,2026-04-13,CocoScan /emart-traders/771,높음,
에반 윌리엄스 블랙 1L,33980,트레이더스,2026-04-13,CocoScan /emart-traders/771,높음,
에반 윌리엄스 블랙 1.75L,47980,트레이더스,2026-04-13,CocoScan /emart-traders/771,높음,
에반 윌리엄스 14년,89400,트레이더스,2026-04-13,CocoScan /emart-traders/771,높음,
와일드터키 레어브리드,79800,트레이더스,2026-04-13,CocoScan /emart-traders/771,높음,
와일드터키 켄터키 스피릿 싱글배럴,69400,트레이더스,2026-04-13,CocoScan /emart-traders/771,높음,
오큰토션 10년,74800,트레이더스,2026-04-13,CocoScan /emart-traders/771,높음,
잭다니엘 라이,39980,트레이더스,2026-04-13,CocoScan /emart-traders/771,높음,
잭다니엘 No.7,39980,트레이더스,2026-04-13,CocoScan /emart-traders/771,높음,
제임슨 스탠다드,27980,트레이더스,2026-04-13,CocoScan /emart-traders/771,높음,
조니워커 그린,74800,트레이더스,2026-04-13,CocoScan /emart-traders/771,높음,
조니워커 더블블랙,59800,트레이더스,2026-04-13,CocoScan /emart-traders/771,높음,
조니워커 레드 1.75L,54800,트레이더스,2026-04-13,CocoScan /emart-traders/771,높음,
조니워커 블랙 1.75L,94800,트레이더스,2026-04-13,CocoScan /emart-traders/771,높음,
조니워커 블랙 루비,54800,트레이더스,2026-04-13,CocoScan /emart-traders/771,높음,
조니워커 블랙 700ml,39980,트레이더스,2026-04-13,CocoScan /emart-traders/771,높음,
짐빔,27980,트레이더스,2026-04-13,CocoScan /emart-traders/771,높음,
카발란 디스틸러리 셀렉트 싱글몰트,69800,트레이더스,2026-04-13,CocoScan /emart-traders/771,높음,
쿠티삭 프로히비션,39940,트레이더스,2026-04-13,CocoScan /emart-traders/771,높음,
클라이넬리시 14년,79400,트레이더스,2026-04-13,CocoScan /emart-traders/771,높음,
탈리스커 9년,25980,트레이더스,2026-04-13,CocoScan /emart-traders/771,높음,
탈리스커 1L,16980,트레이더스,2026-04-13,CocoScan /emart-traders/771,높음,
탈리스커 10년,69800,트레이더스,2026-04-13,CocoScan /emart-traders/771,높음,
탈리스커 와일드 블루,74800,트레이더스,2026-04-13,CocoScan /emart-traders/771,높음,
듀어스 18년,99800,트레이더스,2026-04-13,CocoScan /emart-traders/771,높음,
달모어 2005 빈티지,670800,트레이더스,2026-04-13,CocoScan /emart-traders/771,높음,
로얄 살루트 21년 700ml,279800,트레이더스,2026-04-13,CocoScan /emart-traders/771,높음,
발렌타인 21년,224800,트레이더스,2026-04-13,CocoScan /emart-traders/771,높음,
조니워커 블루라벨 500ml,189800,트레이더스,2026-04-13,CocoScan /emart-traders/771,높음,
조니워커 블루 750ml,259800,트레이더스,2026-04-13,CocoScan /emart-traders/771,높음,
아벨라워 셰리 캐스크 에디션,235800,트레이더스,2026-04-13,CocoScan /emart-traders/771,높음,제품명 표기 추정(원문 음차)
1792 풀프루프가,90000,이마트,2026-04-30,유튜브 @whiskeypick / 6quQGVI9B-k @ 0:13,needs_review,조사 2026-04-30(촬영일) · 만원대(개략 가격·화면 또는 현장 확인 권장)
글렌모렌지 D 오리지널 12년 700ml,79900,코스트코,2026-04-25,유튜브 @whiskeypick / zBc-WSD5PqY @ 1:15,중,조사 2026-04-25(촬영일)
발렌타인 17년 700ml,146900,코스트코,2026-04-25,유튜브 @whiskeypick / zBc-WSD5PqY @ 1:22,중,조사 2026-04-25(촬영일)
발렌타인 21년 700ml,22900,코스트코,2026-04-25,유튜브 @whiskeypick / zBc-WSD5PqY @ 1:29,중,조사 2026-04-25(촬영일)
달모어 12년 쉐리케스크 700ml,144900,코스트코,2026-04-25,유튜브 @whiskeypick / zBc-WSD5PqY @ 1:35,중,조사 2026-04-25(촬영일)
로얄 브라클라 12년 700ml,82900,코스트코,2026-04-25,유튜브 @whiskeypick / zBc-WSD5PqY @ 1:50,중,조사 2026-04-25(촬영일)
조니워커 블루 750mml,256900,코스트코,2026-04-25,유튜브 @whiskeypick / zBc-WSD5PqY @ 1:57,중,조사 2026-04-25(촬영일)
몽키 숄더 700ml,42290,코스트코,2026-04-25,유튜브 @whiskeypick / zBc-WSD5PqY @ 2:00,중,조사 2026-04-25(촬영일)
조니워커 그린 700ml,65900,코스트코,2026-04-25,유튜브 @whiskeypick / zBc-WSD5PqY @ 2:10,중,조사 2026-04-25(촬영일)
발베니 14년 캐리비안 캐스크 700ml,134900,코스트코,2026-04-25,유튜브 @whiskeypick / zBc-WSD5PqY @ 2:16,중,조사 2026-04-25(촬영일)
글렌피딕 12년 쉐리케스크 700ml,69900,코스트코,2026-04-25,유튜브 @whiskeypick / zBc-WSD5PqY @ 2:23,중,조사 2026-04-25(촬영일)
글렌피딕 15년 700ml,96900,코스트코,2026-04-25,유튜브 @whiskeypick / zBc-WSD5PqY @ 2:31,중,조사 2026-04-25(촬영일)
맥캘란 12년 더블 캐스크 700ml,96900,코스트코,2026-04-25,유튜브 @whiskeypick / zBc-WSD5PqY @ 2:37,중,조사 2026-04-25(촬영일)
발베니 12년 더블 우드 700ml,94900,코스트코,2026-04-25,유튜브 @whiskeypick / zBc-WSD5PqY @ 2:44,중,조사 2026-04-25(촬영일)
잭다니스 1L,55900,코스트코,2026-04-25,유튜브 @whiskeypick / zBc-WSD5PqY @ 2:59,중,조사 2026-04-25(촬영일)
우드포드 리저브 1L,63900,코스트코,2026-04-25,유튜브 @whiskeypick / zBc-WSD5PqY @ 3:05,중,조사 2026-04-25(촬영일)
조니워커 블랙 700ml,36990,코스트코,2026-04-25,유튜브 @whiskeypick / zBc-WSD5PqY @ 3:15,중,조사 2026-04-25(촬영일)
잭다니에스 애플 1L,55900,코스트코,2026-04-25,유튜브 @whiskeypick / zBc-WSD5PqY @ 3:31,중,조사 2026-04-25(촬영일)
진빔 1L,35490,코스트코,2026-04-25,유튜브 @whiskeypick / zBc-WSD5PqY @ 3:40,중,조사 2026-04-25(촬영일)
제임슨 700ml,26690,코스트코,2026-04-25,유튜브 @whiskeypick / zBc-WSD5PqY @ 4:08,중,조사 2026-04-25(촬영일)
커클랜드 시그니처 꼬약 XO 750ml,147900,코스트코,2026-04-25,유튜브 @whiskeypick / zBc-WSD5PqY @ 5:02,중,조사 2026-04-25(촬영일)
산토리 위스키 각쿠빈 700ml,27690,코스트코,2026-04-25,유튜브 @whiskeypick / zBc-WSD5PqY @ 5:38,중,조사 2026-04-25(촬영일)
탈리스커 포트리 700ml,95000,롯데마트,2026-04-23,유튜브 @whiskeypick / fni20mW6-uE @ 0:18,중,조사 2026-04-23(촬영일)
탈리스커 디스틸러스 에디션 700ml,99800,롯데마트,2026-04-23,유튜브 @whiskeypick / fni20mW6-uE @ 0:23,중,조사 2026-04-23(촬영일)
글랜그란트 아보랄리스 700ml,74000,롯데마트,2026-04-23,유튜브 @whiskeypick / fni20mW6-uE @ 0:45,중,조사 2026-04-23(촬영일)
조니워커 블루 750ml,259800,롯데마트,2026-04-23,유튜브 @whiskeypick / fni20mW6-uE @ 0:51,중,조사 2026-04-23(촬영일)
발렌타인 21년 700ml,244100,롯데마트,2026-04-23,유튜브 @whiskeypick / fni20mW6-uE @ 0:58,중,조사 2026-04-23(촬영일)
발렌타인 17년 700ml,168300,롯데마트,2026-04-23,유튜브 @whiskeypick / fni20mW6-uE @ 1:05,중,조사 2026-04-23(촬영일)
글렌피딕 18년 700ml,256600,롯데마트,2026-04-23,유튜브 @whiskeypick / fni20mW6-uE @ 1:12,중,조사 2026-04-23(촬영일)
글렌리벳 15년 700ml,99800,롯데마트,2026-04-23,유튜브 @whiskeypick / fni20mW6-uE @ 1:25,중,조사 2026-04-23(촬영일)
발렌타인 싱글 몰트 글램버이 15년 700ml,132500,롯데마트,2026-04-23,유튜브 @whiskeypick / fni20mW6-uE @ 1:39,중,조사 2026-04-23(촬영일)
글렌피딕 12년 700ml,103600,롯데마트,2026-04-23,유튜브 @whiskeypick / fni20mW6-uE @ 2:28,중,조사 2026-04-23(촬영일)
글렌피딕 12년 쉐리 700ml,89800,롯데마트,2026-04-23,유튜브 @whiskeypick / fni20mW6-uE @ 2:34,중,조사 2026-04-23(촬영일)
맥캘란 12년 더블 캐스크 700ml,99800,롯데마트,2026-04-23,유튜브 @whiskeypick / fni20mW6-uE @ 2:43,중,조사 2026-04-23(촬영일)
발베니 12년 700ml,96800,롯데마트,2026-04-23,유튜브 @whiskeypick / fni20mW6-uE @ 2:50,중,조사 2026-04-23(촬영일)
글렌리벳 파운더스 리저브 700ml,54800,롯데마트,2026-04-23,유튜브 @whiskeypick / fni20mW6-uE @ 2:58,중,조사 2026-04-23(촬영일)
오반 싱글 몰트 14년 700ml,119800,롯데마트,2026-04-23,유튜브 @whiskeypick / fni20mW6-uE @ 3:34,중,조사 2026-04-23(촬영일)
탈리스커 10년 700ml,74800,롯데마트,2026-04-23,유튜브 @whiskeypick / fni20mW6-uE @ 3:42,중,조사 2026-04-23(촬영일)
카발란 디스틸러리 셀렉트 700ml,79800,롯데마트,2026-04-23,유튜브 @whiskeypick / fni20mW6-uE @ 4:29,중,조사 2026-04-23(촬영일)
글랜드로 12년 700ml,87800,롯데마트,2026-04-23,유튜브 @whiskeypick / fni20mW6-uE @ 5:05,중,조사 2026-04-23(촬영일)
발렌타인 마스터즈 700ml,78500,롯데마트,2026-04-23,유튜브 @whiskeypick / fni20mW6-uE @ 5:12,중,조사 2026-04-23(촬영일)
제임슨 블랙베럴 700ml,60000,롯데마트,2026-04-23,유튜브 @whiskeypick / fni20mW6-uE @ 5:27,needs_review,조사 2026-04-23(촬영일) · 만원대(개략 가격·화면 또는 현장 확인 권장)
제임슨 스탠더드 700ml,29800,롯데마트,2026-04-23,유튜브 @whiskeypick / fni20mW6-uE @ 5:36,중,조사 2026-04-23(촬영일)
그란츠 트리플 우드 700ml,16800,롯데마트,2026-04-23,유튜브 @whiskeypick / fni20mW6-uE @ 5:56,중,조사 2026-04-23(촬영일)
조니워커 레드 700ml,26800,롯데마트,2026-04-23,유튜브 @whiskeypick / fni20mW6-uE @ 6:06,중,조사 2026-04-23(촬영일)
조니워커 블ml,26800,롯데마트,2026-04-23,유튜브 @whiskeypick / fni20mW6-uE @ 6:12,중,조사 2026-04-23(촬영일)
조니워커 블랙 루비 700ml,52800,롯데마트,2026-04-23,유튜브 @whiskeypick / fni20mW6-uE @ 6:31,중,조사 2026-04-23(촬영일)
미스터 보스턴 스카치 위스키 1L,19900,롯데마트,2026-04-23,유튜브 @whiskeypick / fni20mW6-uE @ 7:11,중,조사 2026-04-23(촬영일)
페이머스 그라우스 700ml,19800,롯데마트,2026-04-23,유튜브 @whiskeypick / fni20mW6-uE @ 7:18,중,조사 2026-04-23(촬영일)
몽키 숄더 700ml,44980,롯데마트,2026-04-23,유튜브 @whiskeypick / fni20mW6-uE @ 7:23,중,조사 2026-04-23(촬영일)
듀어스 12년 700ml,57600,롯데마트,2026-04-23,유튜브 @whiskeypick / fni20mW6-uE @ 7:29,중,조사 2026-04-23(촬영일)
듀어스 화이트랍에 700ml,19800,롯데마트,2026-04-23,유튜브 @whiskeypick / fni20mW6-uE @ 7:36,중,조사 2026-04-23(촬영일)
칼라일 스카치 위스키 700ml,15800,롯데마트,2026-04-23,유튜브 @whiskeypick / fni20mW6-uE @ 7:56,중,조사 2026-04-23(촬영일)
라벨 5오 스카치 위스키 700ml,25800,롯데마트,2026-04-23,유튜브 @whiskeypick / fni20mW6-uE @ 8:14,중,조사 2026-04-23(촬영일)
산토리 각쿠빈 700ml,29980,롯데마트,2026-04-23,유튜브 @whiskeypick / fni20mW6-uE @ 8:21,중,조사 2026-04-23(촬영일)
윈저 12년 500ml,24800,롯데마트,2026-04-23,유튜브 @whiskeypick / fni20mW6-uE @ 8:33,중,조사 2026-04-23(촬영일)
윈저 17년 450mml,39800,롯데마트,2026-04-23,유튜브 @whiskeypick / fni20mW6-uE @ 8:39,중,조사 2026-04-23(촬영일)
&gt;&gt; &gt;&gt; 골든 블루 사피루스 450ml,33700,롯데마트,2026-04-23,유튜브 @whiskeypick / fni20mW6-uE @ 8:45,중,조사 2026-04-23(촬영일)
탈리스커 와일더시 700ml,137900,롯데마트,2026-04-23,유튜브 @whiskeypick / fni20mW6-uE @ 8:51,중,조사 2026-04-23(촬영일)
러셀 리저브 10년 750ml,99000,롯데마트,2026-04-23,유튜브 @whiskeypick / fni20mW6-uE @ 9:14,중,조사 2026-04-23(촬영일)
우드포드 리저브 750ml,69800,롯데마트,2026-04-23,유튜브 @whiskeypick / fni20mW6-uE @ 9:31,중,조사 2026-04-23(촬영일)
와일드 터키 101 8년 700ml,64900,롯데마트,2026-04-23,유튜브 @whiskeypick / fni20mW6-uE @ 9:43,중,조사 2026-04-23(촬영일)
와일드 터키 81 750mml,53900,롯데마트,2026-04-23,유튜브 @whiskeypick / fni20mW6-uE @ 9:49,중,조사 2026-04-23(촬영일)
메이커스 마크 750mml,55900,롯데마트,2026-04-23,유튜브 @whiskeypick / fni20mW6-uE @ 9:56,중,조사 2026-04-23(촬영일)
버팔로 트레이스 750mml,38800,롯데마트,2026-04-23,유튜브 @whiskeypick / fni20mW6-uE @ 10:01,중,조사 2026-04-23(촬영일)
진빔 화이트 750mml,27980,롯데마트,2026-04-23,유튜브 @whiskeypick / fni20mW6-uE @ 10:20,중,조사 2026-04-23(촬영일)
잭 다니에 700ml,39800,롯데마트,2026-04-23,유튜브 @whiskeypick / fni20mW6-uE @ 10:26,중,조사 2026-04-23(촬영일)
잭 다니엘스 애플 500mml,37100,롯데마트,2026-04-23,유튜브 @whiskeypick / fni20mW6-uE @ 10:32,중,조사 2026-04-23(촬영일)
잭 다니엘스 파이어 700ml,51300,롯데마트,2026-04-23,유튜브 @whiskeypick / fni20mW6-uE @ 10:44,중,조사 2026-04-23(촬영일)
잭 다니엘스 허니 700ml,49800,롯데마트,2026-04-23,유튜브 @whiskeypick / fni20mW6-uE @ 10:50,중,조사 2026-04-23(촬영일)
파이어볼 시나몬 위스키 500ml,25000,롯데마트,2026-04-23,유튜브 @whiskeypick / fni20mW6-uE @ 10:58,중,조사 2026-04-23(촬영일)
잭 다니엘스 200ml,16500,롯데마트,2026-04-23,유튜브 @whiskeypick / fni20mW6-uE @ 12:03,중,조사 2026-04-23(촬영일)
잭 다니엘스 허니 200ml,16500,롯데마트,2026-04-23,유튜브 @whiskeypick / fni20mW6-uE @ 12:09,중,조사 2026-04-23(촬영일)
잭 다니엘스 애플 200ml,16500,롯데마트,2026-04-23,유튜브 @whiskeypick / fni20mW6-uE @ 12:14,중,조사 2026-04-23(촬영일)
메이커스 마크 200ml,19500,롯데마트,2026-04-23,유튜브 @whiskeypick / fni20mW6-uE @ 12:20,중,조사 2026-04-23(촬영일)
조니워커 블랙 200ml,17400,롯데마트,2026-04-23,유튜브 @whiskeypick / fni20mW6-uE @ 12:25,중,조사 2026-04-23(촬영일)
시바스리갈 12년 200ml,19600,롯데마트,2026-04-23,유튜브 @whiskeypick / fni20mW6-uE @ 12:37,중,조사 2026-04-23(촬영일)
몽키 숄더 200ml,22600,롯데마트,2026-04-23,유튜브 @whiskeypick / fni20mW6-uE @ 12:39,중,조사 2026-04-23(촬영일)
스카치 블루 클래식 700ml,27900,롯데마트,2026-04-23,유튜브 @whiskeypick / fni20mW6-uE @ 12:48,중,조사 2026-04-23(촬영일)
스카치 블로 17년 450ml,45800,롯데마트,2026-04-23,유튜브 @whiskeypick / fni20mW6-uE @ 13:00,중,조사 2026-04-23(촬영일)
로얄 브라클라 12년 700ml,128500,롯데마트,2026-04-23,유튜브 @whiskeypick / fni20mW6-uE @ 13:06,중,조사 2026-04-23(촬영일)
주라 10년 700ml,78000,롯데마트,2026-04-23,유튜브 @whiskeypick / fni20mW6-uE @ 13:13,중,조사 2026-04-23(촬영일)
주라 12년 쉐리케스크 700ml,89900,롯데마트,2026-04-23,유튜브 @whiskeypick / fni20mW6-uE @ 13:18,중,조사 2026-04-23(촬영일)
스모키 스컷 아일라 싱글모트 위스키 700ml,56300,롯데마트,2026-04-23,유튜브 @whiskeypick / fni20mW6-uE @ 13:31,중,조사 2026-04-23(촬영일)
스모크헤드 오리지널 700ml,76100,롯데마트,2026-04-23,유튜브 @whiskeypick / fni20mW6-uE @ 13:38,중,조사 2026-04-23(촬영일)
네이키드 몰트 700ml,67100,롯데마트,2026-04-23,유튜브 @whiskeypick / fni20mW6-uE @ 14:08,중,조사 2026-04-23(촬영일)
윈저 21년 500ml,89800,롯데마트,2026-04-23,유튜브 @whiskeypick / fni20mW6-uE @ 14:34,중,조사 2026-04-23(촬영일)
조니워커 골드 리저브 리미티드 에디션 750ml,85800,롯데마트,2026-04-23,유튜브 @whiskeypick / fni20mW6-uE @ 14:49,중,조사 2026-04-23(촬영일)
듀어스 캐리비안 스무스 8연 700ml,47500,롯데마트,2026-04-23,유튜브 @whiskeypick / fni20mW6-uE @ 14:54,중,조사 2026-04-23(촬영일)
윈저 450mml,38900,롯데마트,2026-04-23,유튜브 @whiskeypick / fni20mW6-uE @ 15:59,중,조사 2026-04-23(촬영일)
윈저 W그니처ml,17400,롯데마트,2026-04-23,유튜브 @whiskeypick / fni20mW6-uE @ 16:04,중,조사 2026-04-23(촬영일)
글렌고인 미니어처 세트,54900,롯데마트,2026-04-23,유튜브 @whiskeypick / fni20mW6-uE @ 16:20,중,조사 2026-04-23(촬영일)
조니워커 블랙 오징어 게임 에디션 750mml,59800,롯데마트,2026-04-23,유튜브 @whiskeypick / fni20mW6-uE @ 16:35,중,조사 2026-04-23(촬영일)
글랜그란트 15년 700ml,155500,롯데마트,2026-04-23,유튜브 @whiskeypick / fni20mW6-uE @ 16:54,중,조사 2026-04-23(촬영일)
글랜그란트 12년 700ml,109900,롯데마트,2026-04-23,유튜브 @whiskeypick / fni20mW6-uE @ 17:01,중,조사 2026-04-23(촬영일)
발렌타인 17년 500mml,119300,롯데마트,2026-04-23,유튜브 @whiskeypick / fni20mW6-uE @ 17:15,중,조사 2026-04-23(촬영일)
발렌타인 싱글트 글램버기 12년 500ml,85900,롯데마트,2026-04-23,유튜브 @whiskeypick / fni20mW6-uE @ 17:29,중,조사 2026-04-23(촬영일)
발렌타인 10년 700ml,34800,롯데마트,2026-04-23,유튜브 @whiskeypick / fni20mW6-uE @ 17:38,중,조사 2026-04-23(촬영일)
발렌타인 10년 500ml,25800,롯데마트,2026-04-23,유튜브 @whiskeypick / fni20mW6-uE @ 17:45,중,조사 2026-04-23(촬영일)
시바스리갈 15년 리미티드 에디션 700ml,65800,롯데마트,2026-04-23,유튜브 @whiskeypick / fni20mW6-uE @ 18:25,중,조사 2026-04-23(촬영일)
진빔 하이트 750ml,27980,롯데마트,2026-04-23,유튜브 @whiskeypick / fni20mW6-uE @ 19:12,중,조사 2026-04-23(촬영일)
진빔 허니 750ml,24800,롯데마트,2026-04-23,유튜브 @whiskeypick / fni20mW6-uE @ 19:18,중,조사 2026-04-23(촬영일)
글랜고인 18년 700ml,360000,롯데마트,2026-04-23,유튜브 @whiskeypick / fni20mW6-uE @ 19:32,중,조사 2026-04-23(촬영일)
조니워커 블루 500ml,209800,롯데마트,2026-04-23,유튜브 @whiskeypick / fni20mW6-uE @ 19:52,중,조사 2026-04-23(촬영일)
발렌타인 18년 싱글트 글램버기 700ml,267500,롯데마트,2026-04-23,유튜브 @whiskeypick / fni20mW6-uE @ 20:40,중,조사 2026-04-23(촬영일)
뱅콜 싱글트 위스키 700ml,37980,트레이더스,2026-04-19,유튜브 @whiskeypick / F4tXnvz8_U8 @ 0:45,중,조사 2026-04-19(촬영일)
더 글랜 그란트 12년 700ml,69800,트레이더스,2026-04-19,유튜브 @whiskeypick / F4tXnvz8_U8 @ 1:02,중,조사 2026-04-19(촬영일)
글렌알라키 10년 루비포트 700ml,89800,트레이더스,2026-04-19,유튜브 @whiskeypick / F4tXnvz8_U8 @ 1:10,중,조사 2026-04-19(촬영일)
탈리스커 10년 700ml,69800,트레이더스,2026-04-19,유튜브 @whiskeypick / F4tXnvz8_U8 @ 1:18,중,조사 2026-04-19(촬영일)
라프로익 10년 750ml,69800,트레이더스,2026-04-19,유튜브 @whiskeypick / F4tXnvz8_U8 @ 1:31,중,조사 2026-04-19(촬영일)
글랜드로나 12년 700ml,79800,트레이더스,2026-04-19,유튜브 @whiskeypick / F4tXnvz8_U8 @ 1:39,중,조사 2026-04-19(촬영일)
글렌피딕 12년 700ml,84800,트레이더스,2026-04-19,유튜브 @whiskeypick / F4tXnvz8_U8 @ 1:46,중,조사 2026-04-19(촬영일)
글렌피딕 14년 버번 캐스크 700ml,99800,트레이더스,2026-04-19,유튜브 @whiskeypick / F4tXnvz8_U8 @ 1:56,중,조사 2026-04-19(촬영일)
에반윌리엄스 보트림본드 12주년 에디션 50도 1L,39980,트레이더스,2026-04-19,유튜브 @whiskeypick / F4tXnvz8_U8 @ 2:18,중,조사 2026-04-19(촬영일)
에반 윌리엄스 12년 750ml,99800,트레이더스,2026-04-19,유튜브 @whiskeypick / F4tXnvz8_U8 @ 2:28,중,조사 2026-04-19(촬영일)
글렌리벳 12년 1L,69800,트레이더스,2026-04-19,유튜브 @whiskeypick / F4tXnvz8_U8 @ 2:36,중,조사 2026-04-19(촬영일)
오반 14년 700ml,89400,트레이더스,2026-04-19,유튜브 @whiskeypick / F4tXnvz8_U8 @ 2:43,중,조사 2026-04-19(촬영일)
맥캘란 12년 더블 캐스크 700ml,99800,트레이더스,2026-04-19,유튜브 @whiskeypick / F4tXnvz8_U8 @ 2:49,중,조사 2026-04-19(촬영일)
에반윌리엄스 블랙 1L플러스 잔세트,33980,트레이더스,2026-04-19,유튜브 @whiskeypick / F4tXnvz8_U8 @ 3:12,중,조사 2026-04-19(촬영일)
글렌리벳 15년 700ml,94800,트레이더스,2026-04-19,유튜브 @whiskeypick / F4tXnvz8_U8 @ 3:20,중,조사 2026-04-19(촬영일)
에버펠 16년 700ml,75800,트레이더스,2026-04-19,유튜브 @whiskeypick / F4tXnvz8_U8 @ 3:27,중,조사 2026-04-19(촬영일)
듀어스 12년 퍼스트필 버번 캐스크 700ml,45980,트레이더스,2026-04-19,유튜브 @whiskeypick / F4tXnvz8_U8 @ 3:37,중,조사 2026-04-19(촬영일)
듀어스 15년 파이노크 스페셜 리저브 700ml,59400,트레이더스,2026-04-19,유튜브 @whiskeypick / F4tXnvz8_U8 @ 3:55,중,조사 2026-04-19(촬영일)
몽키 숄더 700ml,44980,트레이더스,2026-04-19,유튜브 @whiskeypick / F4tXnvz8_U8 @ 4:04,중,조사 2026-04-19(촬영일)
조니워커 그린납L,74800,트레이더스,2026-04-19,유튜브 @whiskeypick / F4tXnvz8_U8 @ 4:36,중,조사 2026-04-19(촬영일)
발렌타인 파이니스트 1L,28980,트레이더스,2026-04-19,유튜브 @whiskeypick / F4tXnvz8_U8 @ 4:43,중,조사 2026-04-19(촬영일)
발렌타인 10년 700ml,39980,트레이더스,2026-04-19,유튜브 @whiskeypick / F4tXnvz8_U8 @ 4:50,중,조사 2026-04-19(촬영일)
발렌타인 싱글트 글램버기 15년 700ml,94800,트레이더스,2026-04-19,유튜브 @whiskeypick / F4tXnvz8_U8 @ 5:00,중,조사 2026-04-19(촬영일)
조니워커 블랙라베 700ml,39980,트레이더스,2026-04-19,유튜브 @whiskeypick / F4tXnvz8_U8 @ 5:18,중,조사 2026-04-19(촬영일)
이글레어 10년 750ml,74800,트레이더스,2026-04-19,유튜브 @whiskeypick / F4tXnvz8_U8 @ 5:47,중,조사 2026-04-19(촬영일)
와일드 터키 켄터키 스피릿 싱글 배럴 750ml,69400,트레이더스,2026-04-19,유튜브 @whiskeypick / F4tXnvz8_U8 @ 6:04,중,조사 2026-04-19(촬영일)
와일드 터키 레어브리드 750ml,79800,트레이더스,2026-04-19,유튜브 @whiskeypick / F4tXnvz8_U8 @ 6:10,중,조사 2026-04-19(촬영일)
진빔 화이트 750ml,27980,트레이더스,2026-04-19,유튜브 @whiskeypick / F4tXnvz8_U8 @ 6:17,중,조사 2026-04-19(촬영일)
잭다니엘 애플 700ml 전용잔 패키지,39980,트레이더스,2026-04-19,유튜브 @whiskeypick / F4tXnvz8_U8 @ 6:25,중,조사 2026-04-19(촬영일)
잭다니의 테네시 700ml 전용잔 패키지,39980,트레이더스,2026-04-19,유튜브 @whiskeypick / F4tXnvz8_U8 @ 6:33,중,조사 2026-04-19(촬영일)
포 로지스 싱글 베럴 750ml,82800,트레이더스,2026-04-19,유튜브 @whiskeypick / F4tXnvz8_U8 @ 6:42,중,조사 2026-04-19(촬영일)
골든 블루 사피루스 450ml,28980,트레이더스,2026-04-19,유튜브 @whiskeypick / F4tXnvz8_U8 @ 6:50,중,조사 2026-04-19(촬영일)
1792 스몰 배치 750ml,39980,트레이더스,2026-04-19,유튜브 @whiskeypick / F4tXnvz8_U8 @ 7:04,중,조사 2026-04-19(촬영일)
러셀 리저브 싱글 베럴 750ml,99800,트레이더스,2026-04-19,유튜브 @whiskeypick / F4tXnvz8_U8 @ 7:12,중,조사 2026-04-19(촬영일)
카발란 디스틸러리 셀렉트 싱글 몰트 700ml,69800,트레이더스,2026-04-19,유튜브 @whiskeypick / F4tXnvz8_U8 @ 7:23,중,조사 2026-04-19(촬영일)
제임슨 스탠더드 700ml,27980,트레이더스,2026-04-19,유튜브 @whiskeypick / F4tXnvz8_U8 @ 7:28,중,조사 2026-04-19(촬영일)
가쿠빈 700ml,29980,트레이더스,2026-04-19,유튜브 @whiskeypick / F4tXnvz8_U8 @ 7:35,중,조사 2026-04-19(촬영일)
아벨라워 아브나오 셰리케스크 에디션 700ml,235800,트레이더스,2026-04-19,유튜브 @whiskeypick / F4tXnvz8_U8 @ 9:05,중,조사 2026-04-19(촬영일)
파클라스 15년 700ml,119400,트레이더스,2026-04-19,유튜브 @whiskeypick / F4tXnvz8_U8 @ 9:12,중,조사 2026-04-19(촬영일)
발베니 14년 캐리비안 캐스크 700ml,139800,트레이더스,2026-04-19,유튜브 @whiskeypick / F4tXnvz8_U8 @ 9:22,중,조사 2026-04-19(촬영일)
발렌타인 21년 700ml,224800,트레이더스,2026-04-19,유튜브 @whiskeypick / F4tXnvz8_U8 @ 9:42,중,조사 2026-04-19(촬영일)
탈리스커 와일드 블루 700ml,74800,트레이더스,2026-04-19,유튜브 @whiskeypick / F4tXnvz8_U8 @ 10:02,중,조사 2026-04-19(촬영일)
발베니 12년 700ml,96800,트레이더스,2026-04-19,유튜브 @whiskeypick / F4tXnvz8_U8 @ 10:15,중,조사 2026-04-19(촬영일)
우드포드 리저브 1L,63900,코스트코,2026-04-14,유튜브 @whiskeypick / D8Kb-Y5bU-E @ 0:50,중,조사 2026-04-14(촬영일)
로얄 브라클라 12년 700ml,82900,코스트코,2026-04-14,유튜브 @whiskeypick / D8Kb-Y5bU-E @ 1:02,중,조사 2026-04-14(촬영일)
발렌타인 21년 700ml,22900,코스트코,2026-04-14,유튜브 @whiskeypick / D8Kb-Y5bU-E @ 1:08,중,조사 2026-04-14(촬영일)
조니워커 블루 750mml,256900,코스트코,2026-04-14,유튜브 @whiskeypick / D8Kb-Y5bU-E @ 1:14,중,조사 2026-04-14(촬영일)
발렌타인 17년 700ml,146900,코스트코,2026-04-14,유튜브 @whiskeypick / D8Kb-Y5bU-E @ 1:20,중,조사 2026-04-14(촬영일)
글렌모렌지 D 오리지널 12년 700ml,79900,코스트코,2026-04-14,유튜브 @whiskeypick / D8Kb-Y5bU-E @ 1:26,중,조사 2026-04-14(촬영일)
몽키 숄더 700ml,42290,코스트코,2026-04-14,유튜브 @whiskeypick / D8Kb-Y5bU-E @ 1:29,중,조사 2026-04-14(촬영일)
달모어 12년 쉐리캐스크 700ml,144900,코스트코,2026-04-14,유튜브 @whiskeypick / D8Kb-Y5bU-E @ 1:39,중,조사 2026-04-14(촬영일)
맥캘란 12년 더블 캐스크 700ml,96900,코스트코,2026-04-14,유튜브 @whiskeypick / D8Kb-Y5bU-E @ 1:46,중,조사 2026-04-14(촬영일)
발베니 12년 700ml,94900,코스트코,2026-04-14,유튜브 @whiskeypick / D8Kb-Y5bU-E @ 1:53,중,조사 2026-04-14(촬영일)
발베니 14년 캐리비안 캐스크 700ml,134900,코스트코,2026-04-14,유튜브 @whiskeypick / D8Kb-Y5bU-E @ 1:59,중,조사 2026-04-14(촬영일)
글렌피딕 15년 700ml,96900,코스트코,2026-04-14,유튜브 @whiskeypick / D8Kb-Y5bU-E @ 2:07,중,조사 2026-04-14(촬영일)
조니워커 그린 700ml,65900,코스트코,2026-04-14,유튜브 @whiskeypick / D8Kb-Y5bU-E @ 2:13,중,조사 2026-04-14(촬영일)
조니워커 블랙 700ml,36990,코스트코,2026-04-14,유튜브 @whiskeypick / D8Kb-Y5bU-E @ 2:27,중,조사 2026-04-14(촬영일)
잭다니엘스 1L,55900,코스트코,2026-04-14,유튜브 @whiskeypick / D8Kb-Y5bU-E @ 2:30,중,조사 2026-04-14(촬영일)
잭다니엘스 애플 1L,55900,코스트코,2026-04-14,유튜브 @whiskeypick / D8Kb-Y5bU-E @ 2:48,중,조사 2026-04-14(촬영일)
제임슨 700ml,26690,코스트코,2026-04-14,유튜브 @whiskeypick / D8Kb-Y5bU-E @ 3:30,중,조사 2026-04-14(촬영일)
산토리 각쿠빈 700ml,27690,코스트코,2026-04-14,유튜브 @whiskeypick / D8Kb-Y5bU-E @ 4:35,중,조사 2026-04-14(촬영일)
커클랜드 시그니처꽃 약 XO 750ml,147900,코스트코,2026-04-14,유튜브 @whiskeypick / D8Kb-Y5bU-E @ 5:07,중,조사 2026-04-14(촬영일)
조니 워커 블랙누비,54800,트레이더스,2026-04-14,유튜브 @whiskeypick / zMx7JxTW5yI @ 1:11,중,조사 2026-04-14(촬영일)
탈리스커 와일드 블루 700ml,74800,트레이더스,2026-04-14,유튜브 @whiskeypick / zMx7JxTW5yI @ 1:17,중,조사 2026-04-14(촬영일)
더 글랜 그란트 12년 700ml,69800,트레이더스,2026-04-14,유튜브 @whiskeypick / zMx7JxTW5yI @ 1:24,중,조사 2026-04-14(촬영일)
아벨라워 아브나후 쉐리케스크 에디션 700ml,235800,트레이더스,2026-04-14,유튜브 @whiskeypick / zMx7JxTW5yI @ 1:41,중,조사 2026-04-14(촬영일)
가쿠빈 700ml,29980,트레이더스,2026-04-14,유튜브 @whiskeypick / zMx7JxTW5yI @ 1:47,중,조사 2026-04-14(촬영일)
발베니 12년 700ml,96800,트레이더스,2026-04-14,유튜브 @whiskeypick / zMx7JxTW5yI @ 2:01,중,조사 2026-04-14(촬영일)
에반 윌리엄스 블랙 1L,33980,트레이더스,2026-04-14,유튜브 @whiskeypick / zMx7JxTW5yI @ 2:08,중,조사 2026-04-14(촬영일)
잭다니엘스 700ml 전용 패키지,39980,트레이더스,2026-04-14,유튜브 @whiskeypick / zMx7JxTW5yI @ 2:34,중,조사 2026-04-14(촬영일)
포 로지스 스몰 배치 셀렉트 750ml,116800,트레이더스,2026-04-14,유튜브 @whiskeypick / zMx7JxTW5yI @ 2:42,중,조사 2026-04-14(촬영일)
파클라스 15년 700ml,119400,트레이더스,2026-04-14,유튜브 @whiskeypick / zMx7JxTW5yI @ 2:50,중,조사 2026-04-14(촬영일)
발베니 14년 캐리비안 캐스크 700ml,139800,트레이더스,2026-04-14,유튜브 @whiskeypick / zMx7JxTW5yI @ 3:01,중,조사 2026-04-14(촬영일)
아벨라워 아브나흐 쉐리케스크 에디션 700ml,235800,트레이더스,2026-04-14,유튜브 @whiskeypick / zMx7JxTW5yI @ 3:21,중,조사 2026-04-14(촬영일)
조니워커 블루라 750ml,259800,트레이더스,2026-04-14,유튜브 @whiskeypick / zMx7JxTW5yI @ 3:37,중,조사 2026-04-14(촬영일)
맥캘란 12년 더블 캐스크 700ml,99800,트레이더스,2026-04-14,유튜브 @whiskeypick / zMx7JxTW5yI @ 3:59,중,조사 2026-04-14(촬영일)
글렌피딕 14년 버번 캐스크 700ml,99800,트레이더스,2026-04-14,유튜브 @whiskeypick / zMx7JxTW5yI @ 4:19,중,조사 2026-04-14(촬영일)
로얄 브라클라 12년 700ml,89800,트레이더스,2026-04-14,유튜브 @whiskeypick / zMx7JxTW5yI @ 4:24,중,조사 2026-04-14(촬영일)
글랜드로나 12년 700ml,79800,트레이더스,2026-04-14,유튜브 @whiskeypick / zMx7JxTW5yI @ 4:38,중,조사 2026-04-14(촬영일)
글렌피딕 12년 700ml,84800,트레이더스,2026-04-14,유튜브 @whiskeypick / zMx7JxTW5yI @ 4:46,중,조사 2026-04-14(촬영일)
러셀 리저브 싱글 베럴 750ml,99800,트레이더스,2026-04-14,유튜브 @whiskeypick / zMx7JxTW5yI @ 5:01,중,조사 2026-04-14(촬영일)
에반 윌리엄스 12년 750mml,99800,트레이더스,2026-04-14,유튜브 @whiskeypick / zMx7JxTW5yI @ 5:09,중,조사 2026-04-14(촬영일)
와일드 터키 켄터키 스피릿 싱글 베럴 750ml,69400,트레이더스,2026-04-14,유튜브 @whiskeypick / zMx7JxTW5yI @ 5:36,중,조사 2026-04-14(촬영일)
탈리스커 10년 700ml,69800,트레이더스,2026-04-14,유튜브 @whiskeypick / zMx7JxTW5yI @ 5:41,중,조사 2026-04-14(촬영일)
주라 18년 700ml,79400,트레이더스,2026-04-14,유튜브 @whiskeypick / zMx7JxTW5yI @ 5:48,중,조사 2026-04-14(촬영일)
카발란 디스틸러리 셀렉트 싱글 몰트 700ml,69800,트레이더스,2026-04-14,유튜브 @whiskeypick / zMx7JxTW5yI @ 6:06,중,조사 2026-04-14(촬영일)
에버펠 16년 700ml,75800,트레이더스,2026-04-14,유튜브 @whiskeypick / zMx7JxTW5yI @ 6:11,중,조사 2026-04-14(촬영일)
와일드 터키 레어브리드 750ml,79800,트레이더스,2026-04-14,유튜브 @whiskeypick / zMx7JxTW5yI @ 6:18,중,조사 2026-04-14(촬영일)
이글레어 10년 750ml,74800,트레이더스,2026-04-14,유튜브 @whiskeypick / zMx7JxTW5yI @ 6:26,중,조사 2026-04-14(촬영일)
라프로익 10년 750ml,69800,트레이더스,2026-04-14,유튜브 @whiskeypick / zMx7JxTW5yI @ 6:54,중,조사 2026-04-14(촬영일)
조니워커 블랙라벨 700ml,39980,트레이더스,2026-04-14,유튜브 @whiskeypick / zMx7JxTW5yI @ 7:01,중,조사 2026-04-14(촬영일)
조니워커 그린라벨 700ml,74800,트레이더스,2026-04-14,유튜브 @whiskeypick / zMx7JxTW5yI @ 7:09,중,조사 2026-04-14(촬영일)
오반 14년 700ml,89400,트레이더스,2026-04-14,유튜브 @whiskeypick / zMx7JxTW5yI @ 7:17,중,조사 2026-04-14(촬영일)
듀어스 15년 파인노크 스페셜 리저브 700ml,59400,트레이더스,2026-04-14,유튜브 @whiskeypick / zMx7JxTW5yI @ 7:35,중,조사 2026-04-14(촬영일)
뱅크홀 싱글 몰트 위스키 700ml,37980,트레이더스,2026-04-14,유튜브 @whiskeypick / zMx7JxTW5yI @ 7:40,중,조사 2026-04-14(촬영일)
몽키 숄더 700ml,44980,트레이더스,2026-04-14,유튜브 @whiskeypick / zMx7JxTW5yI @ 7:58,중,조사 2026-04-14(촬영일)
골든 블루 사피루스 450ml,28980,트레이더스,2026-04-14,유튜브 @whiskeypick / zMx7JxTW5yI @ 8:05,중,조사 2026-04-14(촬영일)
듀어스 12년 퍼스트필 버번 캐스크 700ml,45980,트레이더스,2026-04-14,유튜브 @whiskeypick / zMx7JxTW5yI @ 8:24,중,조사 2026-04-14(촬영일)
1792 스몰 배치 750ml,39980,트레이더스,2026-04-14,유튜브 @whiskeypick / zMx7JxTW5yI @ 8:38,중,조사 2026-04-14(촬영일)
진빔 화이트 750ml,27980,트레이더스,2026-04-14,유튜브 @whiskeypick / zMx7JxTW5yI @ 9:27,중,조사 2026-04-14(촬영일)
제임슨 스탠더드 700ml,27980,트레이더스,2026-04-14,유튜브 @whiskeypick / zMx7JxTW5yI @ 10:05,중,조사 2026-04-14(촬영일)
탈리스마 위스키 1L,16980,트레이더스,2026-04-14,유튜브 @whiskeypick / zMx7JxTW5yI @ 10:08,중,조사 2026-04-14(촬영일)
우드포드 리저브 1L 제품을 평소보다,16000,코스트코,2026-04-09,유튜브 @whiskeypick / kxZgJtQmz3Y @ 0:23,중,조사 2026-04-09(촬영일)
듀어스 18년 미즈나라 캐스크 700ml,129900,코스트코,2026-04-09,유튜브 @whiskeypick / kxZgJtQmz3Y @ 1:16,중,조사 2026-04-09(촬영일)
발렌타인 17년 700ml,118900,코스트코,2026-04-09,유튜브 @whiskeypick / kxZgJtQmz3Y @ 1:22,중,조사 2026-04-09(촬영일)
발렌타인 21년 700ml,22900,코스트코,2026-04-09,유튜브 @whiskeypick / kxZgJtQmz3Y @ 1:28,중,조사 2026-04-09(촬영일)
로얄 브라클라 12년 700ml,82900,코스트코,2026-04-09,유튜브 @whiskeypick / kxZgJtQmz3Y @ 1:39,중,조사 2026-04-09(촬영일)
조니워커 블루 750mml,256900,코스트코,2026-04-09,유튜브 @whiskeypick / kxZgJtQmz3Y @ 1:44,중,조사 2026-04-09(촬영일)
글렌피딕 15년 700ml,96900,코스트코,2026-04-09,유튜브 @whiskeypick / kxZgJtQmz3Y @ 1:50,중,조사 2026-04-09(촬영일)
몽키 숄더 700ml,42290,코스트코,2026-04-09,유튜브 @whiskeypick / kxZgJtQmz3Y @ 1:58,중,조사 2026-04-09(촬영일)
발베니 14년 캐리비안 캐스크 700ml,134900,코스트코,2026-04-09,유튜브 @whiskeypick / kxZgJtQmz3Y @ 2:06,중,조사 2026-04-09(촬영일)
달모어 12년 쉐리케스크 싱글트 위스키 700ml,144900,코스트코,2026-04-09,유튜브 @whiskeypick / kxZgJtQmz3Y @ 2:12,중,조사 2026-04-09(촬영일)
맥캘란 12년 더블 캐스크 700ml,96900,코스트코,2026-04-09,유튜브 @whiskeypick / kxZgJtQmz3Y @ 2:20,중,조사 2026-04-09(촬영일)
발베니 12년 700ml,94900,코스트코,2026-04-09,유튜브 @whiskeypick / kxZgJtQmz3Y @ 2:27,중,조사 2026-04-09(촬영일)
잭다니엘스 1L,44690,코스트코,2026-04-09,유튜브 @whiskeypick / kxZgJtQmz3Y @ 2:43,중,조사 2026-04-09(촬영일)
진빔 버유스키 1L,35490,코스트코,2026-04-09,유튜브 @whiskeypick / kxZgJtQmz3Y @ 3:39,중,조사 2026-04-09(촬영일)
제임슨 아이리시 위스키 700ml,26690,코스트코,2026-04-09,유튜브 @whiskeypick / kxZgJtQmz3Y @ 3:47,중,조사 2026-04-09(촬영일)
커클랜드 시그니처 꼬약 XO 750ml,147900,코스트코,2026-04-09,유튜브 @whiskeypick / kxZgJtQmz3Y @ 4:03,중,조사 2026-04-09(촬영일)
커클랜드 런던 드라이진 1L,31790,코스트코,2026-04-09,유튜브 @whiskeypick / kxZgJtQmz3Y @ 4:59,중,조사 2026-04-09(촬영일)
가쿠빈 700ml,27690,코스트코,2026-04-09,유튜브 @whiskeypick / kxZgJtQmz3Y @ 5:25,중,조사 2026-04-09(촬영일)
골든 블루 사피루스 450ml,28980,트레이더스,2026-04-01,유튜브 @whiskeypick / uwUxsIS8syU @ 0:30,중,조사 2026-04-01(촬영일)
러셀 리저브 10년 750ml,59400,트레이더스,2026-04-01,유튜브 @whiskeypick / uwUxsIS8syU @ 0:44,중,조사 2026-04-01(촬영일)
러셀 리저브 싱글 배럴 750ml,89800,트레이더스,2026-04-01,유튜브 @whiskeypick / uwUxsIS8syU @ 0:56,중,조사 2026-04-01(촬영일)
카발란 디스틸러리 셀렉트 싱글트 700ml,69800,트레이더스,2026-04-01,유튜브 @whiskeypick / uwUxsIS8syU @ 1:15,중,조사 2026-04-01(촬영일)
부시밀 10년 싱글트 700ml,44940,트레이더스,2026-04-01,유튜브 @whiskeypick / uwUxsIS8syU @ 1:25,중,조사 2026-04-01(촬영일)
산토리 각쿠빈 700ml,29980,트레이더스,2026-04-01,유튜브 @whiskeypick / uwUxsIS8syU @ 1:39,중,조사 2026-04-01(촬영일)
이글레어 10년 750ml,74800,트레이더스,2026-04-01,유튜브 @whiskeypick / uwUxsIS8syU @ 2:29,중,조사 2026-04-01(촬영일)
와일드 터키 캔터키 스피릿 싱글 베럴 750ml,69400,트레이더스,2026-04-01,유튜브 @whiskeypick / uwUxsIS8syU @ 2:57,중,조사 2026-04-01(촬영일)
와일드 터키 레어브리드 750ml,79800,트레이더스,2026-04-01,유튜브 @whiskeypick / uwUxsIS8syU @ 3:09,중,조사 2026-04-01(촬영일)
1792 스몰 배치 750ml,44980,트레이더스,2026-04-01,유튜브 @whiskeypick / uwUxsIS8syU @ 3:22,중,조사 2026-04-01(촬영일)
진빔 화이트 750ml,27980,트레이더스,2026-04-01,유튜브 @whiskeypick / uwUxsIS8syU @ 3:35,중,조사 2026-04-01(촬영일)
잭다니엘 애플 700ml 전용잔 패키지,34980,트레이더스,2026-04-01,유튜브 @whiskeypick / uwUxsIS8syU @ 3:49,중,조사 2026-04-01(촬영일)
잭다니엘시 700ml 전용잔 패키지,34980,트레이더스,2026-04-01,유튜브 @whiskeypick / uwUxsIS8syU @ 4:05,중,조사 2026-04-01(촬영일)
포 로지스 싱글 베럴 750ml,69800,트레이더스,2026-04-01,유튜브 @whiskeypick / uwUxsIS8syU @ 4:21,중,조사 2026-04-01(촬영일)
발렌타인 10년 700ml,31980,트레이더스,2026-04-01,유튜브 @whiskeypick / uwUxsIS8syU @ 5:01,중,조사 2026-04-01(촬영일)
몽키 숄더 700ml,44980,트레이더스,2026-04-01,유튜브 @whiskeypick / uwUxsIS8syU @ 6:42,중,조사 2026-04-01(촬영일)
주라 18년 700ml,79400,트레이더스,2026-04-01,유튜브 @whiskeypick / uwUxsIS8syU @ 7:11,중,조사 2026-04-01(촬영일)
듀어스 12년 퍼스트필 버번 캐스크 700ml,34980,트레이더스,2026-04-01,유튜브 @whiskeypick / uwUxsIS8syU @ 7:29,중,조사 2026-04-01(촬영일)
에버펠 16년 700ml,75800,트레이더스,2026-04-01,유튜브 @whiskeypick / uwUxsIS8syU @ 7:41,중,조사 2026-04-01(촬영일)
글랜파 클라스 12년 700ml,69400,트레이더스,2026-04-01,유튜브 @whiskeypick / uwUxsIS8syU @ 9:03,중,조사 2026-04-01(촬영일)
글랜그란트 12년 700ml,59800,트레이더스,2026-04-01,유튜브 @whiskeypick / uwUxsIS8syU @ 9:15,중,조사 2026-04-01(촬영일)
뱅크홀 싱글 모트 위스키 700ml,37980,트레이더스,2026-04-01,유튜브 @whiskeypick / uwUxsIS8syU @ 9:28,중,조사 2026-04-01(촬영일)
글렌피딕 15년 700ml,109800,트레이더스,2026-04-01,유튜브 @whiskeypick / uwUxsIS8syU @ 9:40,중,조사 2026-04-01(촬영일)
라프로익 10년 750ml,69800,트레이더스,2026-04-01,유튜브 @whiskeypick / uwUxsIS8syU @ 10:03,중,조사 2026-04-01(촬영일)
탈리스커 와일드 블루 700ml,84800,트레이더스,2026-04-01,유튜브 @whiskeypick / uwUxsIS8syU @ 10:15,중,조사 2026-04-01(촬영일)
탈리스커 10년 700ml,67800,트레이더스,2026-04-01,유튜브 @whiskeypick / uwUxsIS8syU @ 10:27,중,조사 2026-04-01(촬영일)
글렌피딕 14년 버번 캐스크 700ml,99800,트레이더스,2026-04-01,유튜브 @whiskeypick / uwUxsIS8syU @ 10:39,중,조사 2026-04-01(촬영일)
글렌피딕 12년 700ml,84800,트레이더스,2026-04-01,유튜브 @whiskeypick / uwUxsIS8syU @ 10:55,중,조사 2026-04-01(촬영일)
글랜드로나 12년 700ml,79800,트레이더스,2026-04-01,유튜브 @whiskeypick / uwUxsIS8syU @ 11:06,중,조사 2026-04-01(촬영일)
글렌리벳 15년 700ml,94800,트레이더스,2026-04-01,유튜브 @whiskeypick / uwUxsIS8syU @ 11:31,중,조사 2026-04-01(촬영일)
맥캘란 12년 더블 캐스크 700ml,99800,트레이더스,2026-04-01,유튜브 @whiskeypick / uwUxsIS8syU @ 11:41,중,조사 2026-04-01(촬영일)
에반 윌리엄스 블랙 1L,29980,트레이더스,2026-04-01,유튜브 @whiskeypick / uwUxsIS8syU @ 12:46,중,조사 2026-04-01(촬영일)
에반 윌리엄스 12년 750ml,99800,트레이더스,2026-04-01,유튜브 @whiskeypick / uwUxsIS8syU @ 13:00,중,조사 2026-04-01(촬영일)
발베니 12년 700ml,96800,트레이더스,2026-04-01,유튜브 @whiskeypick / uwUxsIS8syU @ 13:14,중,조사 2026-04-01(촬영일)
발베니 14년 캐리비안 케스크 700ml,139800,트레이더스,2026-04-01,유튜브 @whiskeypick / uwUxsIS8syU @ 13:29,중,조사 2026-04-01(촬영일)
