제품명,_k1,ds_price_krw,ds_seller,ds_vol_ml,ds_item_id,ds_name,looked_up_at
보모어 30년 700ml,보모어30년700ml,2790000,보틀즈 을지로,,16549,보모어 30년,2026-06-28
듀어스 더블더블 36년 500ml,듀어스더블더블36년500ml,1940000,로랜드 주류상회,,24284,듀어스 더블 더블 36년,2026-06-28
올트모어 25년 700ml,올트모어25년700ml,649000,피보,,13771,올트모어 25년,2026-06-28
발베니 25년 레어메리지 700ml,발베니25년레어메리지700ml,1190000,광명캐스크,,4826,발베니 25년 레어 메리지,2026-06-28
글렌파클라스 30년 700ml,글렌파클라스30년700ml,1590000,와인갤러리 시흥,,5500,글렌파클라스 30년,2026-06-28
와일드무어 30년 트로피칼 코스트 700ml,와일드무어30년트로피칼코스트700ml,675000,아이위스키,,25251,와일드무어 30년,2026-06-28
화이트헤더 21년 700ml,화이트헤더21년700ml,325900,우주식품 디씨오피,,3565,화이트 헤더 21년,2026-06-28
더 글렌그란트 21년 700ml,더글렌그란트21년700ml,359000,이마트24 동탄이든앤스페이스점,,13568,더 글렌그란트 21년,2026-06-28
글렌피딕 21년 CNY 2026 리미티드 에디션 700ml,글렌피딕21년cny2026리미티드에디션700ml,289000,알코홀릭 드링크,,3165,글렌피딕 21년,2026-06-28
더 글렌그란트 18년 1000ml,더글렌그란트18년1000ml,200000,온더락,,2350,더 글렌그란트 18년,2026-06-28
베리 올드 세인트 닉 윈터 라이 750ml,베리올드세인트닉윈터라이750ml,590000,모닝마트 은평점,,22167,베리 올드 세인트 닉 윈터 라이,2026-06-28
시바스리갈 25년 700ml,시바스리갈25년700ml,549000,로랜드 주류상회,,5990,시바스 리갈 25년,2026-06-28
블라드녹 알린타 700ml,블라드녹알린타700ml,110000,양주가게 아일라,,4830,블라드녹 알린타,2026-06-28
블라드녹 삼사라 700ml,블라드녹삼사라700ml,102000,세종리쿼,,11268,블라드녹 삼사라,2026-06-28
글렌알라키 15년 (24RB) 700ml,글렌알라키15년24rb700ml,147900,피보,,21704,글렌알라키 15년,2026-06-28
블라드녹 리오라 700ml,블라드녹리오라700ml,135900,바이배럴 문정점,,11269,블라드녹 리오라,2026-06-28
글렌피딕 21년 700ml,글렌피딕21년700ml,289000,알코홀릭 드링크,,3165,글렌피딕 21년,2026-06-28
아드벡 우거다일 700ml,아드벡우거다일700ml,134000,위스키오크통 일산점,,2526,아드벡 우거다일,2026-06-28
화이트헤더 15년 700ml,화이트헤더15년700ml,137000,링크,,8241,화이트 헤더 15년,2026-06-28
1792 풀프루프 싱글배럴셀렉트 750ml,1792풀프루프싱글배럴셀렉트750ml,145000,탑 스피리츠,,4160,1792 풀 프루프,2026-06-28
섀클턴 1000ml,섀클턴1000ml,34900,현대그린마트 병점,,3723,섀클턴,2026-06-28
"웰러SR, 버팔로트레이스 듀오팩 (375ml X 2)",웰러sr버팔로트레이스듀오팩375mlx2,37000,위스키데이,,3281,버팔로 트레이스,2026-06-28
로얄살루트 32년 500ml,로얄살루트32년500ml,650000,가자주류 신촌점,500,6594,로얄살루트 32년 500ml,2026-06-28
듀어스 더블더블 21년 미즈나라캐스크 500ml,듀어스더블더블21년미즈나라캐스크500ml,149000,오앤오샷앤바틀 기흥점,,17432,듀어스 더블 더블 21년,2026-06-28
더 글렌그란트 30년 700ml,더글렌그란트30년700ml,,,,,,2026-06-28
보모어 33년 타임리스 700ml,보모어33년타임리스700ml,,,,,,2026-06-28
보모어 34년 프랭크 콰이어틀리 4 700ml,보모어34년프랭크콰이어틀리4700ml,,,,,,2026-06-28
주라 1988 700ml,주라1988700ml,,,,,,2026-06-28
패터캐른 28년 700ml,패터캐른28년700ml,,,,,,2026-06-28
주라 1993 700ml,주라1993700ml,,,,,,2026-06-28
부쉬밀 싱글몰트 31년 마데이라 캐스크 700ml,부쉬밀싱글몰트31년마데이라캐스크700ml,,,,,,2026-06-28
글렌고인 26년 리미티드 에디션 700ml,글렌고인26년리미티드에디션700ml,,,,,,2026-06-28
부쉬밀 싱글몰트 25년 포트캐스크 700ml,부쉬밀싱글몰트25년포트캐스크700ml,,,,,,2026-06-28
브룩라디 21년 700ml,브룩라디21년700ml,,,,,,2026-06-28
보모어 24년 프랭크 콰이어틀리 4 700ml,보모어24년프랭크콰이어틀리4700ml,,,,,,2026-06-28
보모어 25년 700ml,보모어25년700ml,649000,피보,,5586,[한정수량 초특가] 보모어 25년,2026-06-28
글렌피딕 26년 GC 700ml,글렌피딕26년gc700ml,,,,,,2026-06-28
맥네어스 럼릭 21년 700ml,맥네어스럼릭21년700ml,,,,,,2026-06-28
글렌파클라스 35년 700ml,글렌파클라스35년700ml,,,,,,2026-06-28
글렌알라키 21년 배치5 700mL,글렌알라키21년배치5700ml,,,,,,2026-06-28
패터캐른 25년 700ml,패터캐른25년700ml,,,,,,2026-06-28
브룩라디 옥토모어 15.1 700ml,브룩라디옥토모어151700ml,,,,,,2026-06-28
블라드녹 14년 올로로소 셰리 700ml,블라드녹14년올로로소셰리700ml,,,,,,2026-06-28
듀어스 25년 750ml,듀어스25년750ml,439000,고래맥주창고 방이점,,6772,듀어스 25년 더 시그니처,2026-06-28
캐퍼도닉 21년 700ml,캐퍼도닉21년700ml,,,,,,2026-06-28
조니워커 엑스오디네어 1000ml,조니워커엑스오디네어1000ml,,,,,,2026-06-28
로얄살루트 찰스 3세 대관식 에디션 700ml,로얄살루트찰스3세대관식에디션700ml,,,,,,2026-06-28
몰트락 SR FY24 700ml (2023 Special Release),몰트락srfy24700ml2023specialrelease,,,,,,2026-06-28
폴 존 피엑스 쉐리 700ml,폴존피엑스쉐리700ml,,,,,,2026-06-28
조니워커 킹조지 5세 500ml,조니워커킹조지5세500ml,,,,,,2026-06-28
보모어 19년 700ml,보모어19년700ml,295000,링크,,25813,보모어 19년 피노 누아 캐스크 피니시,2026-06-28
와일드터키 마스터스 킵 트라이엄프 750ml,와일드터키마스터스킵트라이엄프750ml,39900,더 라운지 스크린골프,750,33866,와일드 터키 101 750ml,2026-06-28
몰트락 20년 750ml,몰트락20년750ml,,,,,,2026-06-28
달모어 퀸텟 700ml,달모어퀸텟700ml,,,,,,2026-06-28
주라 더 베이  1000ml,주라더베이1000ml,,,,,,2026-06-28
부나하벤 크루아모나 1000ml,부나하벤크루아모나1000ml,119000,보리상회,1000,4611,부나하벤 크루아모나 1L,2026-06-28
조니워커 킹조지 5세 750ml,조니워커킹조지5세750ml,,,,,,2026-06-28
에버펠디 25년 700ml,에버펠디25년700ml,,,,,,2026-06-28
조지레무스 스트레이트 버번 750ml,조지레무스스트레이트버번750ml,,,,,,2026-06-28
레드브레스트 18년 700ml,레드브레스트18년700ml,,,,,,2026-06-28
스타워드 노바 700ml,스타워드노바700ml,,,,,,2026-06-28
브룩라디 라디8 700ml,브룩라디라디8700ml,,,,,,2026-06-28
우미키 750ml,우미키750ml,,,,,,2026-06-28
로얄브라클라 21년 700ml,로얄브라클라21년700ml,,,,,,2026-06-28
주라 더 사운드 1000ml,주라더사운드1000ml,,,,,,2026-06-28
올트모어 23년 CS 한정판 (화이트포트) 700ml,올트모어23년cs한정판화이트포트700ml,,,,,,2026-06-28
와일드터키 마스터스 킵 보야지 750ml,와일드터키마스터스킵보야지750ml,39900,더 라운지 스크린골프,750,33866,와일드 터키 101 750ml,2026-06-28
맥네어스 럼릭 12년 700ml,맥네어스럼릭12년700ml,,,,,,2026-06-28
글렌데브론 40년 700ml,글렌데브론40년700ml,,,,,,2026-06-28
에버펠디 21년 마데이라 캐스크 700ml,에버펠디21년마데이라캐스크700ml,,,,,,2026-06-28
브룩라디 블랙아트 11 700ml,브룩라디블랙아트11700ml,,,,,,2026-06-28
보모어 16년 700ml,보모어16년700ml,150000,더오크,,25812,보모어 16년 루비 포트 캐스크 피니시,2026-06-28
글렌피딕 23년 그랑크뤼 슬림팩 700ml,글렌피딕23년그랑크뤼슬림팩700ml,,,,,,2026-06-28
탐나불린 1000ml,탐나불린1000ml,39900,국밥쟁이&오렌지보틀 강남역점,,4463,탐나불린 더블 캐스크,2026-06-28
더 글렌그란트 2006 프라이빗 캐스크 700ml,더글렌그란트2006프라이빗캐스크700ml,,,,,,2026-06-28
탐나불린 올로로소 1000ml,탐나불린올로로소1000ml,,,,,,2026-06-28
기원 별 700ml,기원별700ml,,,,,,2026-06-28
카발란 페드로히메네즈 솔리스트 750ml,카발란페드로히메네즈솔리스트750ml,,,,,,2026-06-28
뉴리프 8년 버번 750ml,뉴리프8년버번750ml,,,,,,2026-06-28
뉴리프 8년 라이 750ml,뉴리프8년라이750ml,,,,,,2026-06-28
로얄살루트 21년 루나 뉴이어 2026 700ml,로얄살루트21년루나뉴이어2026700ml,185000,피카,700,3208,로얄살루트 21년 700ml,2026-06-28
글렌피딕 23년 Grand Cru 700ml,글렌피딕23년grandcru700ml,,,,,,2026-06-28
라프로익 PX Cask 1000ml,라프로익pxcask1000ml,,,,,,2026-06-28
에버펠디 16년 마데이라 캐스크 700ml,에버펠디16년마데이라캐스크700ml,,,,,,2026-06-28
씨앤씨 뀌베 캐스크 750ml,씨앤씨뀌베캐스크750ml,,,,,,2026-06-28
패터캐른 17년 700ml,패터캐른17년700ml,,,,,,2026-06-28
더 글렌리벳 16년 1000ml,더글렌리벳16년1000ml,,,,,,2026-06-28
아벨라워 SUTHAINN 700ml,아벨라워suthainn700ml,,,,,,2026-06-28
글렌파클라스 25년 700ml,글렌파클라스25년700ml,719000,보틀벙커 상무점,,20293,글렌파클라스 25년 코리아 에디션,2026-06-28
글렌알라키 8년 700ml,글렌알라키8년700ml,25500,비바라비다 웨어하우스,,8136,글렌알라키 8년 미니어처,2026-06-28
로즈아일 12년 SR FY24 700ml (2023 Special Release),로즈아일12년srfy24700ml2023specialrelease,,,,,,2026-06-28
노아스 밀 750ml,노아스밀750ml,155000,마포 글로벌 마트,750,3203,노아스 밀 750ml,2026-06-28
더 글렌그란트 18년 700ml,더글렌그란트18년700ml,200000,온더락,,2350,[마지막 1병 특가] 더 글렌그란트 18년,2026-06-28
보모어 14년 700ml,보모어14년700ml,101900,바틀앤코르크 서초교대점,,25811,보모어 14년 보르도 캐스크 피니시,2026-06-28
아벨라워 16년 700ml,아벨라워16년700ml,149000,페이블,,14245,아벨라워 16년 43%,2026-06-28
보모어 22년 700ml,보모어22년700ml,1249000,로랜드 주류상회,,19707,보모어 22년 더 체인질링,2026-06-28
아벨라워 13년 700ml,아벨라워13년700ml,,,,,,2026-06-28
토마틴 12년 1000ml,토마틴12년1000ml,60000,블루하우스,,4320,토마틴 12년,2026-06-28
블라드녹 비나야 700ml,블라드녹비나야700ml,88000,비바라비다 웨어하우스,,4832,블라드녹 비나야,2026-06-28
웰러 스페셜 리저브 750ml,웰러스페셜리저브750ml,,,,,,2026-06-28
벤리악 트리플 디스틸드 25년 700ml,벤리악트리플디스틸드25년700ml,,,,,,2026-06-28
더 글렌리벳 21년 700ml,더글렌리벳21년700ml,520000,가자주류 구월본점,,5429,더 글렌리벳 21년(구형),2026-06-28
발베니 클래식 700ml,발베니클래식700ml,,,,,,2026-06-28
캐퍼도닉 18년 피티드 700ml,캐퍼도닉18년피티드700ml,,,,,,2026-06-28
아드벡 언 오 1000ml,아드벡언오1000ml,96000,보틀즈 논현,,2396,아드벡 언 오,2026-06-28
토마틴 16년 700ml,토마틴16년700ml,,,,,,2026-06-28
부쉬밀 18년 트리플 캐스크 700ml,부쉬밀18년트리플캐스크700ml,259000,주류상회Be 방이점,,31981,부쉬밀 18년,2026-06-28
듀어스 더블더블 27년 500ml,듀어스더블더블27년500ml,289000,마포 글로벌 마트,,18815,듀어스 더블 더블 27년,2026-06-28
듀어스 더블더블 20년 500ml,듀어스더블더블20년500ml,,,,,,2026-06-28
글렌파클라스 105 1000ml,글렌파클라스1051000ml,719000,보틀벙커 상무점,,20293,글렌파클라스 25년 코리아 에디션,2026-06-28
더 글렌리벳 그라운드브레이커스 700ml,더글렌리벳그라운드브레이커스700ml,,,,,,2026-06-28
큐로 몰트 500ml,큐로몰트500ml,,,,,,2026-06-28
김창수위스키 김포 2025 700ml,김창수위스키김포2025700ml,,,,,,2026-06-28
김창수 위스키 김포 더 퍼스트 에디션 2024 700ml,김창수위스키김포더퍼스트에디션2024700ml,,,,,,2026-06-28
글렌모렌지 16년 트리뷰트 1000ml,글렌모렌지16년트리뷰트1000ml,,,,,,2026-06-28
글렌모렌지 시그넷 700ml,글렌모렌지시그넷700ml,520000,스타보틀&어슬렁 합정,,24394,글렌모렌지 시그넷 리저브,2026-06-28
라프로익 포트우드 2023 700ml,라프로익포트우드2023700ml,194000,트리테일,,32858,라프로익 포트 우드,2026-06-28
더 글렌리벳 12년 1000ml,더글렌리벳12년1000ml,75000,아울렛 식자재마트,,32024,더 글렌리벳 12년 전용잔 패키지,2026-06-28
라가불린 16년 700ml,라가불린16년700ml,144000,베스트마트,750,12622,라가불린 16년 750ml,2026-06-28
클라이넬리시 10년 SR FY24 700ml (2023 Special Release),클라이넬리시10년srfy24700ml2023specialrelease,,,,,,2026-06-28
보모어 11년 700ml,보모어11년700ml,,,,,,2026-06-28
NEW 올트모어 21년 (깔바도스) 500ml,new올트모어21년깔바도스500ml,242000,블루하우스,,6909,올트모어 21년,2026-06-28
NEW 올트모어 18년 (마데이라) 500ml,new올트모어18년마데이라500ml,178000,AB(알코올부천),,4529,올트모어 18년,2026-06-28
싱글톤 가든스 오브 어번던스 - 이그저틱 스파이스 그로브 1000ml,싱글톤가든스오브어번던스이그저틱스파이스그로브1000ml,,,,,,2026-06-28
글렌파클라스 15년 700ml,글렌파클라스15년700ml,137000,가자주류백화점 일산점,,4312,글렌파클라스 15년,2026-06-28
더 글렌그란트 15년 1000ml,더글렌그란트15년1000ml,94000,캐스크앤뀌베 율하점,,4307,더 글렌그란트 15년 배치 스트렝스,2026-06-28
글렌알라키 12년 (24RB) 700ml,글렌알라키12년24rb700ml,89900,피보,,21702,글렌알라키 12년,2026-06-28
오켄토션 24년 700ml,오켄토션24년700ml,,,,,,2026-06-28
쿠라 8년 아와모리 700ml,쿠라8년아와모리700ml,,,,,,2026-06-28
탈리스커 SR FY24 700ml(2023 Special Release),탈리스커srfy24700ml2023specialrelease,,,,,,2026-06-28
글렌알라키 17Y 미즈나라 700mL,글렌알라키17y미즈나라700ml,,,,,,2026-06-28
글렌피딕 22년 그랑 코르테스 700ml,글렌피딕22년그랑코르테스700ml,,,,,,2026-06-28
잭다니엘 아메리칸 싱글몰트 1000ml,잭다니엘아메리칸싱글몰트1000ml,,,,,,2026-06-28
더 글렌그란트 13년 1000ml,더글렌그란트13년1000ml,,,,,,2026-06-28
로얄브라클라 18년 700ml,로얄브라클라18년700ml,207000,위스키 오크통,,11632,로얄 브라클라 18년,2026-06-28
오켄토션 블러드 오크 1000ml,오켄토션블러드오크1000ml,,,,,,2026-06-28
윌더니스 트레일 켄터키 스트레이트 하이 라이 버번 750ml,윌더니스트레일켄터키스트레이트하이라이버번750ml,,,,,,2026-06-28
올트모어 19년 CS 한정판 (토니포트) 700ml,올트모어19년cs한정판토니포트700ml,,,,,,2026-06-28
와일드무어 23년 웨이킹 포레스트 700ml,와일드무어23년웨이킹포레스트700ml,278000,로랜드 주류상회,,24903,와일드무어 23년,2026-06-28
더 글렌리벳 트리플 캐스크 머추어드 1000ml,더글렌리벳트리플캐스크머추어드1000ml,,,,,,2026-06-28
와일드터키 마스터스 킵 언포가튼 750ml,와일드터키마스터스킵언포가튼750ml,39900,더 라운지 스크린골프,750,33866,와일드 터키 101 750ml,2026-06-28
탈리스커 다크 스톰 1000ml,탈리스커다크스톰1000ml,129000,보데가와인,1000,4575,탈리스커 다크스톰 1L,2026-06-28
몰트락 네버바운드 700ml,몰트락네버바운드700ml,240000,알코홀릭 드링크,,31980,몰트락 네버바운드,2026-06-28
달위니 15년 1000ml,달위니15년1000ml,109900,로랜드 주류상회,,9412,달위니 15년 & 더 페이머스 그라우스,2026-06-28
윌더니스 트레일 켄터키 스트레이트 휘티드 버번 750ml,윌더니스트레일켄터키스트레이트휘티드버번750ml,,,,,,2026-06-28
더 글렌그란트 10년 1000ml,더글렌그란트10년1000ml,69000,AB(알코올부천),1000,22249,[특가] 더 글렌그란트 10년 1L,2026-06-28
에버펠디 12년 마데이라 캐스크 700ml,에버펠디12년마데이라캐스크700ml,,,,,,2026-06-28
더 글렌리벳 14년 1000ml,더글렌리벳14년1000ml,,,,,,2026-06-28
잭다니엘 젠틀맨 잭 200ml,잭다니엘젠틀맨잭200ml,,,,,,2026-06-28
쿠라요시 레귤러 700ml,쿠라요시레귤러700ml,,,,,,2026-06-28
아드모어 트리플 우드 1000ml,아드모어트리플우드1000ml,,,,,,2026-06-28
글렌피딕 19년 애스턴마틴 F1 700ml,글렌피딕19년애스턴마틴f1700ml,,,,,,2026-06-28
롱몬23년 700ml,롱몬23년700ml,,,,,,2026-06-28
와일드터키 아메리칸 허니 1000ml,와일드터키아메리칸허니1000ml,25000,주류상회Be 제주점,750,4821,와일드 터키 아메리칸 허니 750ml,2026-06-28
탈리스커 10년 1L,탈리스커10년1l,,,,,,2026-06-28
발렌타인 10년 1000ml,발렌타인10년1000ml,34800,현대그린마트 목동,700,28927,발렌타인 10년 700ml,2026-06-28
시바스리갈 18년 200ml,시바스리갈18년200ml,158800,보틀벙커 서울역점,,9927,시바스 리갈 18년 리사 에디션,2026-06-28
잭다니엘 시나트라 셀렉트 1000ml,잭다니엘시나트라셀렉트1000ml,,,,,,2026-06-28
탈리스커 써지 700ml,탈리스커써지700ml,149000,로랜드 주류상회,,22988,탈리스커 써지,2026-06-28
밀크앤허니 에이펙스 데킬라 캐스크 700ml,밀크앤허니에이펙스데킬라캐스크700ml,,,,,,2026-06-28
와일드터키 켄터키 스피릿 1L,와일드터키켄터키스피릿1l,39900,더 라운지 스크린골프,750,33866,와일드 터키 101 750ml,2026-06-28
조니워커 블랙라벨 트리플캐스크 에디션 1000ml,조니워커블랙라벨트리플캐스크에디션1000ml,39000,보틀즈 논현,700,2460,조니워커 블랙 700ml,2026-06-28
와일드터키 롱브랜치 1000ml,와일드터키롱브랜치1000ml,39900,60계치킨 충남천안신불당백석점,750,33866,와일드 터키 101 750ml,2026-06-28
조니워커 아일랜드 그린 1000ml,조니워커아일랜드그린1000ml,,,,,,2026-06-28
조니워커 더블 블랙 1000ml,조니워커더블블랙1000ml,44000,오앤오샷앤바틀 기흥점,700,3249,조니워커 더블 블랙 700ml,2026-06-28
싱글톤 가든스 오브 어번던스 - 래디언트 스프링 가든 1000ml,싱글톤가든스오브어번던스래디언트스프링가든1000ml,,,,,,2026-06-28
와일드터키 101 1000ml,와일드터키1011000ml,82000,득이네 주류하우스,,23353,와일드 터키 레어브리드 전용잔 세트,2026-06-28
주라 더 팹스 700ml,주라더팹스700ml,,,,,,2026-06-28
싱글톤 글렌듈란 14년 SR FY24 700ml(2023 Special Release),싱글톤글렌듈란14년srfy24700ml2023specialrelease,,,,,,2026-06-28
레드브레스트 15년 700ml,레드브레스트15년700ml,135900,이마트24 동탄이든앤스페이스점,,5296,레드 브레스트 15년,2026-06-28
더 디콘 1000ml,더디콘1000ml,35900,이마트24 동탄이든앤스페이스점,,24282,더 디콘,2026-06-28
글렌드로낙 16년 700ml,글렌드로낙16년700ml,350000,더블랙,,12948,더 글렌드로낙 16년,2026-06-28
오켄토션 다크 오크 1000ml,오켄토션다크오크1000ml,,,,,,2026-06-28
뉴리프 싱글배럴 버번 750ml,뉴리프싱글배럴버번750ml,,,,,,2026-06-28
스카라버스 10년 700ml,스카라버스10년700ml,,,,,,2026-06-28
마르스 이와이 트레디션 750ml,마르스이와이트레디션750ml,75000,피카,,4688,이와이 트레디션,2026-06-28
글렌데브론 16년 1000ml,글렌데브론16년1000ml,,,,,,2026-06-28
부쉬밀 블랙부쉬 80/20 PX 1000ml,부쉬밀블랙부쉬8020px1000ml,32000,봉이네 와인할인점,,3227,부쉬밀 블랙 부쉬,2026-06-28
쿠라 클래식 700ml,쿠라클래식700ml,,,,,,2026-06-28
글렌모레이 12년 1000ml,글렌모레이12년1000ml,12000,가자주류 목동점,,4222,글렌 모레이 12년,2026-06-28
마르스 몰티지 코스모 700ml,마르스몰티지코스모700ml,,,,,,2026-06-28
라프로익 12년 700ml,라프로익12년700ml,,,,,,2026-06-28
카미키 사쿠라 750ml,카미키사쿠라750ml,128000,헬로우 위스키와인샵 BAR,,16348,카미키 사쿠라,2026-06-28
윌더니스 트레일 켄터키 스트레이트 라이 750ml,윌더니스트레일켄터키스트레이트라이750ml,,,,,,2026-06-28
짐빔 싱글 배럴  750ml,짐빔싱글배럴750ml,,,,,,2026-06-28
뉴리프 바틀인본드 버번 750ml,뉴리프바틀인본드버번750ml,,,,,,2026-06-28
오켄토션 18년 700ml,오켄토션18년700ml,,,,,,2026-06-28
러셀 리저브 라이 6년 750ml,러셀리저브라이6년750ml,55900,이마트24 동탄이든앤스페이스점,,13852,러셀 리저브 라이 6년,2026-06-28
듀어스 18년 1000ml,듀어스18년1000ml,154800,보틀벙커 서울역점,,34317,[(케이스 있음)] 듀어스 18년 미즈나라,2026-06-28
시바스리갈 12년 200ml,시바스리갈12년200ml,9900,알코홀릭 드링크,200,20444,시바스 리갈 12년 200ml,2026-06-28
시바스리갈 18년 700ml,시바스리갈18년700ml,99000,타이거보틀샵,750,29347,시바스 리갈 18년 750ml,2026-06-28
싱글톤 가든스 오브 어번던스 - 골든 어텀 오차드 1000ml,싱글톤가든스오브어번던스골든어텀오차드1000ml,,,,,,2026-06-28
레드브레스트 12년 700ml,레드브레스트12년700ml,74800,현대그린마트 병점,,5295,레드 브레스트 12년,2026-06-28
글렌피딕 벳 1 퍼페추얼 컬렉션 1000ml,글렌피딕벳1퍼페추얼컬렉션1000ml,,,,,,2026-06-28
우드포드 리저브 더블 오크 1000ml,우드포드리저브더블오크1000ml,105000,용답마트,1000,8815,우드포드 리저브 더블 오크드 1L,2026-06-28
몽키숄더 1000ml,몽키숄더1000ml,83000,하나마트,,5167,몽키숄더 스모키 몽키,2026-06-28
조니워커 블랙 루비 1000ml,조니워커블랙루비1000ml,59800,CU 천안불당마을점,,34375,조니워커 블랙 루비 전용잔 세트,2026-06-28
아드벡 10년 1000ml,아드벡10년1000ml,114000,도도보틀,1000,4825,[오픈행사 입니다~: )] 아드벡 10년 1L,2026-06-28
더 글렌그란트 익스플로레이션 NO.1 700ml,더글렌그란트익스플로레이션no1700ml,,,,,,2026-06-28
오켄토션 다크 오크 CNY 1000ml,오켄토션다크오크cny1000ml,,,,,,2026-06-28
주라 28년 700ml,주라28년700ml,,,,,,2026-06-28
토마틴 21년 700ml,토마틴21년700ml,359000,베스트마트,,11354,토마틴 21년,2026-06-28
메이커스 마크 101 1000ml,메이커스마크1011000ml,92000,트리테일,700,12067,메이커스 마크 46(구형) 700ml,2026-06-28
시바스리갈 12년 1000ml,시바스리갈12년1000ml,49900,위스키파크 안양인덕원점,750,35748,시바스 리갈 12년 750ml,2026-06-28
발렌타인 17년 700ml,발렌타인17년700ml,95000,40도 마곡,700,5395,발렌타인 17년 700ml,2026-06-28
우드포드 리저브 디스틸러 셀렉트 1000ml,우드포드리저브디스틸러셀렉트1000ml,,,,,,2026-06-28
메이커스 마크 46 1000ml,메이커스마크461000ml,84000,알코홀릭 드링크 서울이수점,750,32068,메이커스 마크 CS 750ml,2026-06-28
시바스리갈 얼티스 1000ml,시바스리갈얼티스1000ml,,,,,,2026-06-28
와일드터키101 라이 1000ml,와일드터키101라이1000ml,39900,더 라운지 스크린골프,750,33866,와일드 터키 101 750ml,2026-06-28
산토리 토키 블랙 1000ml,산토리토키블랙1000ml,,,,,,2026-06-28
엘리먼츠오브아일라 버번캐스크 700ml,엘리먼츠오브아일라버번캐스크700ml,127000,술술창고,,18118,엘리먼츠 오브 아일라 버번 캐스크,2026-06-28
밀크앤허니 클래식 싱글몰트 700ml,밀크앤허니클래식싱글몰트700ml,84000,바이배럴 문정점,,8612,밀크앤허니 클래식,2026-06-28
싱글톤 가든스 오브 어번던스 - 딥 포레스트 리치 700ml,싱글톤가든스오브어번던스딥포레스트리치700ml,,,,,,2026-06-28
기원 달 기프트팩 700ml,기원달기프트팩700ml,,,,,,2026-06-28
잭다니엘 싱글배럴 100프루프 700ml,잭다니엘싱글배럴100프루프700ml,,,,,,2026-06-28
롱몬 18년 700ml,롱몬18년700ml,,,,,,2026-06-28
기원 해 700ml,기원해700ml,,,,,,2026-06-28
오켄토션 아메리칸 오크 1000ml,오켄토션아메리칸오크1000ml,,,,,,2026-06-28
조니워커 레드 라벨 1000ml,조니워커레드라벨1000ml,21900,슈어와인낫,700,3181,조니워커 레드 700ml,2026-06-28
더 글렌그란트 캐스크 헤이븐 1000ml,더글렌그란트캐스크헤이븐1000ml,,,,,,2026-06-28
미클토어 친커핀 700ml,미클토어친커핀700ml,,,,,,2026-06-28
발렌타인 파이니스트 1000ml,발렌타인파이니스트1000ml,26000,굿샵 양산점,1000,5871,발렌타인 파이니스트 1L,2026-06-28
리젠트 버번 700ml,리젠트버번700ml,,,,,,2026-06-28
기원 달 700ml,기원달700ml,,,,,,2026-06-28
더 글렌그란트 16년 1000ml,더글렌그란트16년1000ml,,,,,,2026-06-28
와일드 터키 레어브리드 1000ml,와일드터키레어브리드1000ml,82000,득이네 주류하우스,,23353,와일드 터키 레어브리드 전용잔 세트,2026-06-28
조니워커 블랙 1000ml,조니워커블랙1000ml,39000,보틀즈 논현,700,2460,조니워커 블랙 700ml,2026-06-28
더 글렌그란트 12년 1000ml,더글렌그란트12년1000ml,98000,스타보틀 신림점,1000,8511,[신형] 더 글렌그란트 12년(구형) 1L,2026-06-28
글렌모렌지 14년 엘레멘타 1000ml,글렌모렌지14년엘레멘타1000ml,,,,,,2026-06-28
마르스 이와이 750ml,마르스이와이750ml,,,,,,2026-06-28
글렌피딕 벳 2 퍼페추얼 컬렉션 1000ml,글렌피딕벳2퍼페추얼컬렉션1000ml,,,,,,2026-06-28
듀어스 16년 1000ml,듀어스16년1000ml,,,,,,2026-06-28
글렌글라사 포트소이 700ml,글렌글라사포트소이700ml,93000,황금오크,,23431,글렌글라사 포트소이,2026-06-28
틸링 싱글 그레인 1000ml,틸링싱글그레인1000ml,,,,,,2026-06-28
듀어스 더블더블 26년 500ml,듀어스더블더블26년500ml,,,,,,2026-06-28
잭다니엘 본디드 1000ml,잭다니엘본디드1000ml,,,,,,2026-06-28
골드바 위스키 1000ml,골드바위스키1000ml,,,,,,2026-06-28
쿠라 럼 캐스크 700ml,쿠라럼캐스크700ml,,,,,,2026-06-28
조니워커 18년 750ml,조니워커18년750ml,169000,세브도르주류백화점,,21753,조니워커 18년 (가죽 케이스),2026-06-28
올트모어 12년 1000ml,올트모어12년1000ml,73500,알코홀릭 드링크,,5359,올트모어 12년,2026-06-28
라프로익 포오크 2023 1000ml,라프로익포오크20231000ml,88000,보리상회,1000,4980,라프로익 포 오크 1L(구형),2026-06-28
시바스리갈 13년 셰리 캐스크 1000ml,시바스리갈13년셰리캐스크1000ml,,,,,,2026-06-28
짐빔 화이트 1000ml,짐빔화이트1000ml,19500,코르크,750,3254,짐빔 화이트 750ml,2026-06-28
듀어스 12년 1000ml,듀어스12년1000ml,57000,와인픽스 여의도점,,19610,듀어스 12년 전용잔 패키지,2026-06-28
조니워커 엑스오디네어 750ml,조니워커엑스오디네어750ml,,,,,,2026-06-28
조니워커 블루라벨 200ml,조니워커블루라벨200ml,,,,,,2026-06-28
조니워커 블루라벨 500ml,조니워커블루라벨500ml,245000,더 위스키 (The Whisky),750,3183,조니워커 블루 750ml,2026-06-28
더 글렌리벳 19년 700ml,더글렌리벳19년700ml,339800,CU 천안불당마을점,,34653,더 글렌리벳 19년 스몰 배치 2,2026-06-28
글렌피딕 XX 700ml,글렌피딕xx700ml,,,,,,2026-06-28
발렌타인 30년 700ml,발렌타인30년700ml,544000,로랜드 주류상회,750,18618,발렌타인 30년 750ml,2026-06-28
발렌타인 23년 700ml,발렌타인23년700ml,,,,,,2026-06-28
조니워커 블루 750ml,조니워커블루750ml,245000,릭하우스,750,3183,조니워커 블루 750ml,2026-06-28
조니워커 블루 1000ml,조니워커블루1000ml,245000,릭하우스,750,3183,조니워커 블루 750ml,2026-06-28
로얄살루트 21년 빈티지 블렌디드 스카치 위스키 700ml,로얄살루트21년빈티지블렌디드스카치위스키700ml,185000,피카,700,3208,로얄살루트 21년 700ml,2026-06-28
페이머스 그라우스 1000ml,페이머스그라우스1000ml,24000,해밀덕천,1000,3494,[대용량] 더 페이머스 그라우스 1L,2026-06-28
패터캐른 14년 700ml,패터캐른14년700ml,,,,,,2026-06-28
폴 존 클래식 1000ml,폴존클래식1000ml,115000,마포 글로벌 마트,,9457,폴존 클래식 셀렉트 캐스크,2026-06-28
로얄브라클라 12년 1000ml,로얄브라클라12년1000ml,145000,가자주류 신촌점,,13769,로얄 브라클라 12년(구형),2026-06-28
메이커스 마크 1000ml,메이커스마크1000ml,88000,캐스크앤뀌베 장안점,1000,23761,메이커스 마크 46 1L(구형),2026-06-28
짐빔 블랙 7년 1000ml,짐빔블랙7년1000ml,,,,,,2026-06-28
폴 존 피티드 1000ml,폴존피티드1000ml,,,,,,2026-06-28
엘리먼츠오브아일라 캐스크에디션 700ml,엘리먼츠오브아일라캐스크에디션700ml,,,,,,2026-06-28
더 글렌그란트 오로라 1000ml,더글렌그란트오로라1000ml,,,,,,2026-06-28
짐빔 블랙 체커팩 1000ml,짐빔블랙체커팩1000ml,,,,,,2026-06-28
아드벡 스모크트레일즈 배치3 1000ml,아드벡스모크트레일즈배치31000ml,,,,,,2026-06-28
시바스리갈 15년 1000ml,시바스리갈15년1000ml,68000,대신상회,,6005,시바스 리갈 15년,2026-06-28
시바스리갈 13년 럼 캐스크 1000ml,시바스리갈13년럼캐스크1000ml,,,,,,2026-06-28
산토리 토키 1000ml,산토리토키1000ml,,,,,,2026-06-28
잭다니엘 블랙라벨 1000ml,잭다니엘블랙라벨1000ml,,,,,,2026-06-28
발베니 클래식 VAP 700ml,발베니클래식vap700ml,,,,,,2026-06-28
로얄살루트 25년 더 트레저드 블렌드 700ml,로얄살루트25년더트레저드블렌드700ml,444000,릭하우스,,5997,로얄살루트 25년,2026-06-28
로얄살루트 21년 해리스 리드 에디션 700ml,로얄살루트21년해리스리드에디션700ml,344000,로랜드 주류상회,,27288,로얄살루트 21년 해리스 리드 에디션 블루,2026-06-28
아벨라워 18년 700ml,아벨라워18년700ml,,,,,,2026-06-28
잭다니엘 본디드 라이 1000ml,잭다니엘본디드라이1000ml,,,,,,2026-06-28
마츠이 미즈나라 캐스크 700ml,마츠이미즈나라캐스크700ml,,,,,,2026-06-28
마츠이 사쿠라 캐스크 700ml,마츠이사쿠라캐스크700ml,,,,,,2026-06-28
발렌타인 21년 700ml,발렌타인21년700ml,139800,아이위스키,500,7638,발렌타인 21년 500ml,2026-06-28
글렌드로낙 10년 1000ml,글렌드로낙10년1000ml,95000,포도담,1000,5138,더 글렌드로낙 10년 포그 1L,2026-06-28
듀어스 더블더블 30년 500ml,듀어스더블더블30년500ml,,,,,,2026-06-28
아벨라워 아부나흐 700ml,아벨라워아부나흐700ml,145000,알코홀릭 드링크 서울이수점,,27122,아벨라워 아부나흐 배치 82,2026-06-28
요이치 싱글 몰트 그란데 700ml,요이치싱글몰트그란데700ml,,,,,,2026-06-28
미야기쿄 싱글 몰트 그란데 700ml,미야기쿄싱글몰트그란데700ml,,,,,,2026-06-28
타케츠루 퓨어 몰트 그란데 700ml,타케츠루퓨어몰트그란데700ml,,,,,,2026-06-28
듀어스 15년 (New Edition) 1000ml,듀어스15년newedition1000ml,75000,알코올,750,27387,듀어스 15년 750ml,2026-06-28
캐나디언 클럽 12년 1000ml,캐나디언클럽12년1000ml,,,,,,2026-06-28
짐빔 블랙 1000ml,짐빔블랙1000ml,38900,와인갤러리 시흥,,3545,[오픈특가] 짐빔 블랙,2026-06-28
잭다니엘 테네시 허니 200ml,잭다니엘테네시허니200ml,,,,,,2026-06-28
잭다니엘 블랙 라벨 200ml,잭다니엘블랙라벨200ml,,,,,,2026-06-28
카발란 비노바리끄 솔리스트 1000ml,카발란비노바리끄솔리스트1000ml,,,,,,2026-06-28
카발란 포트 솔리스트 1000ml,카발란포트솔리스트1000ml,,,,,,2026-06-28
로얄살루트 21년 700ml,로얄살루트21년700ml,185000,피카,700,3208,로얄살루트 21년 700ml,2026-06-28
달모어 28년 700ml,달모어28년700ml,,,,,,2026-06-28
카발란 피노 솔리스트 1000ml,카발란피노솔리스트1000ml,,,,,,2026-06-28
카발란 올로로소 쉐리 오크 1000ml,카발란올로로소쉐리오크1000ml,,,,,,2026-06-28
로얄살루트 21년 1000ml,로얄살루트21년1000ml,185000,온더락,700,3208,로얄살루트 21년 700ml,2026-06-28
브룩라디 블랙아트 사페로 700ml,브룩라디블랙아트사페로700ml,,,,,,2026-06-28
카발란 마스터 셀렉트 넘버 1 1000ml,카발란마스터셀렉트넘버11000ml,,,,,,2026-06-28
발렌타인 21년 아티스트 에디션 5 700ml,발렌타인21년아티스트에디션5700ml,184000,알코홀릭 드링크,,29448,발렌타인 21년 아티스트 에디션5,2026-06-28
산토리 야마자키 코게이 700ml,산토리야마자키코게이700ml,,,,,,2026-06-28
발렌타인 21년 500ml,발렌타인21년500ml,139800,아이위스키,500,7638,발렌타인 21년 500ml,2026-06-28
카발란 마스터 셀렉트 넘버 2 1000ml,카발란마스터셀렉트넘버21000ml,,,,,,2026-06-28
잭다니엘 젠틀맨 잭 1000ml,잭다니엘젠틀맨잭1000ml,,,,,,2026-06-28
아드벡 코리브레칸 700ml,아드벡코리브레칸700ml,,,,,,2026-06-28
브룩라디 옥토모어 14.1 700ml,브룩라디옥토모어141700ml,,,,,,2026-06-28
카발란 클래식 1000ml,카발란클래식1000ml,,,,,,2026-06-28
달모어 12년 1000ml,달모어12년1000ml,112800,보틀벙커 잠실점,,24786,달모어 12년 메탈 케이스,2026-06-28
카발란 콘서트마스터 1000ml,카발란콘서트마스터1000ml,,,,,,2026-06-28
글렌데브론 20년 1000ml,글렌데브론20년1000ml,,,,,,2026-06-28
NEW 올트모어 12년 (올로로소 쉐리) 500ml,new올트모어12년올로로소쉐리500ml,73500,마포 글로벌 마트,,5359,올트모어 12년,2026-06-28
잭다니엘 허니 1000ml,잭다니엘허니1000ml,,,,,,2026-06-28
부쉬밀 오리지널 아이리쉬 위스키 1000ml,부쉬밀오리지널아이리쉬위스키1000ml,,,,,,2026-06-28
글렌모렌지 12년 어코드 1000ml,글렌모렌지12년어코드1000ml,,,,,,2026-06-28
히비키 마스터즈 셀렉트 스페셜 에디션 700ml,히비키마스터즈셀렉트스페셜에디션700ml,,,,,,2026-06-28
로얄브라클라 24년 익셉셔널 캐스크 CS (올로로소) 700ml,로얄브라클라24년익셉셔널캐스크cs올로로소700ml,,,,,,2026-06-28
NEW 올트모어 25년 (1st Fill 올로로소 쉐리) 500ml,new올트모어25년1stfill올로로소쉐리500ml,649000,피보,,13771,올트모어 25년,2026-06-28
로얄 브라클라 25년 700ml,로얄브라클라25년700ml,,,,,,2026-06-28
달모어 40년 2024년 에디션 700ml,달모어40년2024년에디션700ml,,,,,,2026-06-28
달모어 45년 700ml,달모어45년700ml,40000000,보틀벙커 잠실점,,20291,달모어 45년,2026-06-28
달모어 컨스텔레이션 1991 캐스크 27 700ml,달모어컨스텔레이션1991캐스크27700ml,,,,,,2026-06-28
달모어 20년 700ml,달모어20년700ml,789000,넘버원위스키,,13770,달모어 20년 2022 에디션,2026-06-28
달모어 루미너리 No.2 700ml,달모어루미너리no2700ml,,,,,,2026-06-28
글렌모렌지 오리지널 1000ml,글렌모렌지오리지널1000ml,12000,캐스크앤뀌베 율하점,,10334,[한정수량] 글렌모렌지 오리지널 미니어처,2026-06-28
달모어 18년 2024년 에디션 700ml,달모어18년2024년에디션700ml,499000,로랜드 주류상회,,14457,달모어 18년,2026-06-28
달모어 콰르텟 1000ml,달모어콰르텟1000ml,,,,,,2026-06-28
니카 테일러드 700ml,니카테일러드700ml,,,,,,2026-06-28
달모어 2008 빈티지 700ml,달모어2008빈티지700ml,,,,,,2026-06-28
달모어 40년 700ML,달모어40년700ml,31500000,로랜드 주류상회,,5742,달모어 40년 2022 리미티드 에디션,2026-06-28
달모어 트리오 1000ml,달모어트리오1000ml,205000,스마일 슈퍼 안양점,1000,4981,달모어 트리오 1L,2026-06-28
달모어 시가 몰트 1000ml,달모어시가몰트1000ml,205000,캐스크앤뀌베 명지,,3169,[지금바로 24시간 픽업가능] 달모어 시가 몰트 리저브,2026-06-28
달모어 15년 1000ml,달모어15년1000ml,229000,입터진날,,24634,달모어 15년 메탈 케이스,2026-06-28
브룩라디 옥토모어 16.1 700ml,브룩라디옥토모어161700ml,,,,,,2026-06-28
[면세한정] 달모어 19년 PX 쉐리캐스크 700ml,면세한정달모어19년px쉐리캐스크700ml,,,,,,2026-06-28
브룩라디 옥토모어 14.3 700ml,브룩라디옥토모어143700ml,,,,,,2026-06-28
카발란 EX 버번 솔리스트 1000ml,카발란ex버번솔리스트1000ml,,,,,,2026-06-28
발베니 21 포트우드 700ml,발베니21포트우드700ml,,,,,,2026-06-28
브룩라디 옥토모어 16.3 700ml,브룩라디옥토모어163700ml,,,,,,2026-06-28
[면세한정]달모어 16년 PX 쉐리캐스크 700ml,면세한정달모어16년px쉐리캐스크700ml,,,,,,2026-06-28
달모어 포트폴리오 시리즈2 2007 700ml,달모어포트폴리오시리즈22007700ml,,,,,,2026-06-28
달모어 킹 알렉산더 3세 TRX 700ml,달모어킹알렉산더3세trx700ml,369000,보틀즈 논현,,3170,달모어 킹 알렉산더 3세,2026-06-28
밀크앤허니 에이펙스 알바 캐스크 700ml,밀크앤허니에이펙스알바캐스크700ml,,,,,,2026-06-28
달모어 포트폴리오 시리즈1 2015 700ml,달모어포트폴리오시리즈12015700ml,,,,,,2026-06-28
달모어 포트폴리오 시리즈3 2004 700ml,달모어포트폴리오시리즈32004700ml,,,,,,2026-06-28
웰러 18년 700ml,웰러18년700ml,,,,,,2026-06-28
[면세한정] 달모어 13년 PX 쉐리캐스크 700ml,면세한정달모어13년px쉐리캐스크700ml,,,,,,2026-06-28
발렌타인 30년 RESTAGE 700ml,발렌타인30년restage700ml,544000,로랜드 주류상회,750,18618,발렌타인 30년 750ml,2026-06-28
발베니 Balvenie 18년 Sherry Cask 700ml,발베니balvenie18년sherrycask700ml,,,,,,2026-06-28
메이커스마크 셀러에이지드 2025 700ml,메이커스마크셀러에이지드2025700ml,74000,술술창고 봉선점,750,17726,메이커스 마크 46 750ml,2026-06-28
글렌알라키 2007 17년 올로로소 쉐리 펀천 싱글캐스크#2777 700ml,글렌알라키200717년올로로소쉐리펀천싱글캐스크#2777700ml,,,,,,2026-06-28
카발란 이엑스버번 솔리스트 1000ml,카발란이엑스버번솔리스트1000ml,,,,,,2026-06-28
옥토모어 16.1 700ml,옥토모어161700ml,,,,,,2026-06-28
시그나토리 로얄브라클라 2008 캐스크 스트렝스 16년 #2 700ml,시그나토리로얄브라클라2008캐스크스트렝스16년#2700ml,,,,,,2026-06-28
발베니 Balvenie 15년 Madeira Cask 700ml,발베니balvenie15년madeiracask700ml,,,,,,2026-06-28
글렌피딕 30년 Time Series 700ml,글렌피딕30년timeseries700ml,1300000,바틀리어 압구정점,,9204,글렌피딕 30년,2026-06-28
발베니  Balvenie 40 Rare Marriages 700ml,발베니balvenie40raremarriages700ml,,,,,,2026-06-28
발베니 12년 Golden Cask 700ml,발베니12년goldencask700ml,,,,,,2026-06-28
글렌알라키 싱글캐스크 19Y 쉐리 벗 #901028 700ml,글렌알라키싱글캐스크19y쉐리벗#901028700ml,,,,,,2026-06-28
발베니 25년 Rare Marrige 700ml,발베니25년raremarrige700ml,,,,,,2026-06-28
글렌피딕 18년 Vat4 Perpetual 700ml,글렌피딕18년vat4perpetual700ml,115000,현대그린마트 병점,500,5496,글렌피딕 18년 500ml,2026-06-28
발렌타인 21년 RESTAGE 700ml,발렌타인21년restage700ml,139800,아이위스키,500,7638,발렌타인 21년 500ml,2026-06-28
듀어스 DEWARS 18년 1000ml,듀어스dewars18년1000ml,,,,,,2026-06-28
GF LIQU Glenfiddich 39 1985 Cask 700ml,gfliquglenfiddich391985cask700ml,,,,,,2026-06-28
옥토모어 14.3 700ml,옥토모어143700ml,,,,,,2026-06-28
조니워커 XR 21년 750ml,조니워커xr21년750ml,196000,마이밤타코,,31545,조니워커 XR 21년 말띠 에디션,2026-06-28
로얄살루트 62년 건 살루트 컬렉션 더 피티드 리저브 700ml,로얄살루트62년건살루트컬렉션더피티드리저브700ml,,,,,,2026-06-28
발렌타인 17년 RESTAGE 700ml,발렌타인17년restage700ml,95000,릭하우스,700,5395,발렌타인 17년 700ml,2026-06-28
옥토모어 16.3 700ml,옥토모어163700ml,,,,,,2026-06-28
카발란 모스카텔 쉐리 솔리스트 750ml,카발란모스카텔쉐리솔리스트750ml,,,,,,2026-06-28
시그나토리 글렌그란트 1995 CS 30년 #88231 700ml,시그나토리글렌그란트1995cs30년#88231700ml,,,,,,2026-06-28
글렌카담 25년 700ml,글렌카담25년700ml,1340000,에이엘9119,,6908,글렌카담 25년,2026-06-28
시그나토리 글렌로티스 1995 캐스크 스트렝스 30년 #6980 700ml,시그나토리글렌로티스1995캐스크스트렝스30년#6980700ml,,,,,,2026-06-28
발베니 Balvenie 19년 Week of Peat 700ml,발베니balvenie19년weekofpeat700ml,,,,,,2026-06-28
글렌드로낙 29년 1993 캐스크 에디션 #7103 700ml,글렌드로낙29년1993캐스크에디션#7103700ml,,,,,,2026-06-28
글렌알라키 35년 700mL,글렌알라키35년700ml,3400000,바틀리어,,25041,글렌알라키 35년,2026-06-28
TAMDHU Gran Reserva 700ml,tamdhugranreserva700ml,,,,,,2026-06-28
시바스리갈 18년산 700ml,시바스리갈18년산700ml,99000,타이거보틀샵,750,29347,시바스 리갈 18년 750ml,2026-06-28
몰트락 26년(Special Releas) 700ml,몰트락26년specialreleas700ml,,,,,,2026-06-28
GLENGOINE 15yo PX Edition 700ml,glengoine15yopxedition700ml,,,,,,2026-06-28
옥토모어 14.2 700ml,옥토모어142700ml,,,,,,2026-06-28
글렌스코시아 32년 Limted edition 700ml,글렌스코시아32년limtededition700ml,,,,,,2026-06-28
커티삭 센테너리 700ml,커티삭센테너리700ml,,,,,,2026-06-28
카발란 만자니아 솔리스트 750ml,카발란만자니아솔리스트750ml,,,,,,2026-06-28
우드포드 리저브 Double XO 700ml,우드포드리저브doublexo700ml,,,,,,2026-06-28
벤로막 21년 700ml,벤로막21년700ml,330000,더 몰트샵 역삼점,,4966,벤로막 21년,2026-06-28
GLENGOYN 28yo Single Cask 700ml,glengoyn28yosinglecask700ml,,,,,,2026-06-28
발베니 12년 몬틸라 700ml,발베니12년몬틸라700ml,159800,월드바틀샵,,31877,발베니 12년 몬틸라 와인 시즌드 캐스크,2026-06-28
발렌타인 18년 GLENBURGIE 700ml,발렌타인18년glenburgie700ml,,,,,,2026-06-28
발베니 21년 포트우드 700ml,발베니21년포트우드700ml,,,,,,2026-06-28
BLADNOCH 16YO 700ml,bladnoch16yo700ml,,,,,,2026-06-28
글렌알라키 18Y(24RB) 700mL,글렌알라키18y24rb700ml,,,,,,2026-06-28
산토리 Chita 700ml,산토리chita700ml,,,,,,2026-06-28
더 패밀리 캐스크스 2007_S23 700ml,더패밀리캐스크스2007_s23700ml,,,,,,2026-06-28
시그나토리 글렌리벳 2006 캐스크 스트렝스 18년 700ml,시그나토리글렌리벳2006캐스크스트렝스18년700ml,,,,,,2026-06-28
발렌타인 23년 AMERICAN OAK CASKS 700ml,발렌타인23년americanoakcasks700ml,299000,넘버원위스키,,4884,발렌타인 23년,2026-06-28
글렌피딕 15년 Vat3 Perpetual 700ml,글렌피딕15년vat3perpetual700ml,66000,마포 글로벌 마트,500,4628,글렌피딕 15년 500ml,2026-06-28
로얄살루트 21년 LNY25 700ml,로얄살루트21년lny25700ml,185000,피카,700,3208,로얄살루트 21년 700ml,2026-06-28
더 패밀리 캐스크스 2008_S24 700ml,더패밀리캐스크스2008_s24700ml,,,,,,2026-06-28
BLADNOCH 19YO 700ml,bladnoch19yo700ml,,,,,,2026-06-28
라프로익 33년 스트롱캐릭터즈 700ml,라프로익33년스트롱캐릭터즈700ml,,,,,,2026-06-28
에드라두어 2001 CS 21년 700ml,에드라두어2001cs21년700ml,,,,,,2026-06-28
발렌타인 15년 GLENBURGIE 700ml,발렌타인15년glenburgie700ml,,,,,,2026-06-28
페넬로페 리오 750ml,페넬로페리오750ml,,,,,,2026-06-28
발베니 11년 헝가리안 캐스크 700ml,발베니11년헝가리안캐스크700ml,,,,,,2026-06-28
더 패밀리 캐스크스 2002_S24 700ml,더패밀리캐스크스2002_s24700ml,,,,,,2026-06-28
Old Pulteney 25 Years Old 700ml,oldpulteney25yearsold700ml,,,,,,2026-06-28
시그나토리 글렌그란트 2000 캐스크 스트렝스 25년 #6 700ml,시그나토리글렌그란트2000캐스크스트렝스25년#6700ml,,,,,,2026-06-28
로얄살루트 25년 700ml,로얄살루트25년700ml,444000,릭하우스,,5997,로얄살루트 25년,2026-06-28
벤리악 30년 700ml,벤리악30년700ml,1289000,왓더버거 양산물금점,,31471,벤리악 30년,2026-06-28
벤로막 12년 캐스크스트렝스 700ml,벤로막12년캐스크스트렝스700ml,,,,,,2026-06-28
아케시 하쿠로 700ml,아케시하쿠로700ml,,,,,,2026-06-28
