제품명,용량ml,신라용량ml,롯데용량ml,신세계용량ml,신라_USD,신라_USD100ml,롯데_USD,롯데_USD100ml,신세계_USD,신세계_USD100ml,최저가_면세점,가격차_USD100ml,가격차_%,국내최저_₩,국내최저_₩100ml,국내최저_소스,국내수집일,면세최저_₩100ml,면세vs국내_%,최저처(면세vs국내),더싼곳,차이_USD100ml,신라상품명,롯데상품명,신세계상품명
더 글렌그란트 30년 700ml,700,700,,700,1800.0,257.14,,,1170.0,167.14,신세계,90.0,35.0,,,,,,,,,,더 글렌그란트 30년 700ml,,더 글렌그란트 30년 700ml
보모어 33년 타임리스 700ml,700,,700,700,,,1489.6,212.8,1960.0,280.0,롯데,67.2,24.0,,,,,,,,,,,보모어 33년 타임리스 700ml,보모어 33년 타임리스 700ml
보모어 34년 프랭크 콰이어틀리 4 700ml,700,700,,700,2090.0,298.57,,,2470.0,352.86,신라,54.29,15.4,,,,,,,,,,보모어 34년 프랭크 콰이어틀리 4 700ml,,보모어 34년 프랭크 콰이어틀리 4 700ml
주라 1988 700ml,700,,700,700,,,1030.0,147.14,669.5,95.64,신세계,51.5,35.0,,,,,,,,,,,주라 1988 700ml,주라 1988 700ml
패터캐른 28년 700ml,700,700,,700,881.6,125.94,,,556.8,79.54,신세계,46.4,36.8,,,,,,,,,,패터캐른 28년 700ml,,패터캐른 28년 700ml
주라 1993 700ml,700,700,,700,893.0,127.57,,,611.0,87.29,신세계,40.29,31.6,,,,,,,,,,주라 1993 700ml,,주라 1993 700ml
부쉬밀 싱글몰트 31년 마데이라 캐스크 700ml,700,,700,700,,,1395.0,199.29,1625.0,232.14,롯데,32.86,14.2,,,,,,,,,,,부쉬밀 싱글몰트 31년 마데이라 캐스크 700ml,부쉬밀 싱글몰트 31년 마데이라 캐스크 700ml
보모어 30년 700ml,700,700,,700,1495.2,213.6,,,1713.25,244.75,신라,31.15,12.7,2790000,398571,데일리샷,2026-06-28,324010,18.7,면세,,,보모어 30년 700ml,,보모어 30년 700ml
글렌고인 26년 리미티드 에디션 700ml,700,,700,700,,,700.85,100.12,880.0,125.71,롯데,25.59,20.4,,,,,,,,,,,글렌고인 26년 리미티드 에디션 700ml,글렌고인 26년 리미티드 에디션 700ml
발베니 25년 레어메리지 700ml,700,,700,700,,,798.4,114.06,628.74,89.82,신세계,24.24,21.3,1190000,170000,데일리샷,2026-06-28,136248,19.9,면세,,,,발베니 25년 레어메리지 700ml,발베니 25년 레어메리지 700ml
듀어스 25년 750ml,750,750,750,750,154.76,20.63,303.45,40.46,213.7,28.49,신라,19.83,49.0,439000,58533,데일리샷,2026-06-28,31294,46.5,면세,신라,19.83,듀어스 25년 750ml,듀어스 25년 750ml,듀어스 25년 750ml
듀어스 더블더블 36년 500ml,500,500,500,500,846.0,169.2,765.0,153.0,810.0,162.0,롯데,16.2,9.6,1940000,388000,데일리샷,2026-06-28,232086,40.2,면세,롯데,16.2,듀어스 더블더블 36년 500ml,듀어스 더블더블 36년 500ml,듀어스 더블더블 36년 500ml
듀어스 더블더블 26년 500ml,500,500,500,,124.88,24.98,203.15,40.63,,,신라,15.65,38.5,,,,,,,,신라,15.65,듀어스 더블더블 26년 500ml,듀어스 더블더블 26년 500ml,
올트모어 25년 700ml,700,700,700,700,354.68,50.67,295.07,42.15,404.46,57.78,롯데,15.63,27.0,649000,92714,데일리샷,2026-06-28,63937,31.0,면세,롯데,8.52,올트모어 25년 700ml,올트모어 25년 700ml,올트모어 25년 700ml
브룩라디 21년 700ml,700,700,,700,261.25,37.32,,,165.0,23.57,신세계,13.75,36.8,,,,,,,,,,브룩라디 21년 700ml,,브룩라디 21년 700ml
글렌파클라스 35년 700ml,700,700,700,700,901.82,128.83,805.58,115.08,895.09,127.87,롯데,13.75,10.7,,,,,,,,롯데,13.75,글렌파클라스 35년 700ml,글렌파클라스 35년 700ml,글렌파클라스 35년 700ml
보모어 24년 프랭크 콰이어틀리 4 700ml,700,700,700,700,295.8,42.26,271.32,38.76,357.0,51.0,롯데,12.24,24.0,,,,,,,,롯데,3.5,보모어 24년 프랭크 콰이어틀리 4 700ml,보모어 24년 프랭크 콰이어틀리 4 700ml,보모어 24년 프랭크 콰이어틀리 4 700ml
보모어 25년 700ml,700,700,,700,476.0,68.0,,,394.24,56.32,신세계,11.68,17.2,649000,92714,데일리샷,2026-06-28,85432,7.9,면세,,,보모어 25년 700ml,,보모어 25년 700ml
글렌피딕 26년 GC 700ml,700,700,700,,458.9,65.56,380.53,54.36,,,롯데,11.2,17.1,,,,,,,,롯데,11.2,글렌피딕 26년 GC 700ml,글렌피딕 26년 그랑 쿠론 700ml,
글렌알라키 21년 배치5 700mL,700,700,,700,513.11,73.3,,,450.1,64.3,신세계,9.0,12.3,,,,,,,,,,글렌알라키 21년 배치5 700mL,,글렌알라키 21년 배치5 700ml
글렌파클라스 30년 700ml,700,700,700,700,577.2,82.46,531.46,75.92,590.52,84.36,롯데,8.44,10.0,1590000,227143,데일리샷,2026-06-28,115163,49.3,면세,롯데,6.53,글렌파클라스 30년 700ml,글렌파클라스 30년 700ml,글렌파클라스 30년 700ml
브룩라디 옥토모어 15.1 700ml,700,700,700,700,167.0,23.86,167.0,23.86,108.55,15.51,신세계,8.35,35.0,,,,,,,,동일,0.0,브룩라디 옥토모어 15.1 700ml,브룩라디 옥토모어 15.1 700ml,브룩라디 옥토모어15.1 700ml
조니워커 엑스오디네어 1000ml,1000,,1000,1000,,,178.75,17.88,259.35,25.94,롯데,8.06,31.1,,,,,,,,,,,조니워커 엑스오디네어 1000ml,조니워커 엑스오디네어 1000ml
벤리악 트리플 디스틸드 25년 700ml,700,700,700,700,285.19,40.74,232.56,33.22,247.0,35.29,롯데,7.52,18.5,,,,,,,,롯데,7.52,벤리악 트리플 디스틸드 25년 700ml,벤리악 트리플 디스틸드 25년 700ml,벤리악 트리플 디스틸드 25년 700ml
캐퍼도닉 21년 700ml,700,,700,700,,,98.0,14.0,150.5,21.5,롯데,7.5,34.9,,,,,,,,,,,캐퍼도닉 21년 700mL,캐퍼도닉 21년 700ml
시바스리갈 25년 700ml,700,700,700,700,272.36,38.91,239.62,34.23,291.75,41.68,롯데,7.45,17.9,549000,78429,데일리샷,2026-06-28,51923,33.8,면세,롯데,4.68,시바스리갈 25년 700ml,시바스리갈 25년 700ml,시바스리갈 25년 700ml
로얄살루트 찰스 3세 대관식 에디션 700ml,700,700,700,,17762.5,2537.5,17813.25,2544.75,,,신라,7.25,0.3,,,,,,,,신라,7.25,로얄살루트 찰스 3세 대관식 에디션 700ml,로얄살루트 찰스 3세 대관식 에디션 700ml,
패터캐른 25년 700ml,700,700,700,700,324.35,46.34,274.94,39.28,299.4,42.77,롯데,7.06,15.2,,,,,,,,롯데,7.06,패터캐른 25년 700ml,패터캐른 25년 700ml,패터캐른 25년 700ml
글렌알라키 8년 700ml,700,700,700,700,35.02,5.0,81.9,11.7,45.05,6.44,신라,6.7,57.2,,,,,,,,신라,6.7,글렌알라키 8년 700ml,글렌알라키 8년 700ml,글렌알라키 8년 700ml
몰트락 SR FY24 700ml (2023 Special Release),700,700,,700,210.9,30.13,,,165.0,23.57,신세계,6.56,21.8,,,,,,,,,,몰트락 SR FY24 700ml (2023 Special Release),,몰트락 SR FY24 700ml(2023 Special Release)
폴 존 피엑스 쉐리 700ml,700,700,,700,45.15,6.45,,,89.25,12.75,신라,6.3,49.4,,,,,,,,,,폴 존 피엑스 쉐리 700ml,,폴존 피엑스 쉐리 700ml
와일드무어 30년 트로피칼 코스트 700ml,700,700,700,,250.65,35.81,211.07,30.15,,,롯데,5.65,15.8,675000,96429,데일리샷,2026-06-28,45735,52.6,면세,롯데,5.65,와일드무어 30년 트로피칼 코스트 700ml,와일드무어 30년 트로피칼 코스트 700ml,
몰트락 20년 750ml,750,750,,750,151.53,20.2,,,192.5,25.67,신라,5.46,21.3,,,,,,,,,,몰트락 20년 750ml,,몰트락 20년 750ml
달모어 퀸텟 700ml,700,700,,700,104.3,14.9,,,141.55,20.22,신라,5.32,26.3,,,,,,,,,,달모어 퀸텟 700ml,,달모어 퀸텟 700ml
더 글렌그란트 21년 700ml,700,700,700,700,174.08,24.87,211.14,30.16,178.5,25.5,신라,5.29,17.6,359000,51286,데일리샷,2026-06-28,37725,26.4,면세,신라,5.29,더 글렌그란트 21년 700ml,더 글렌그란트 21년 700ml,더 글렌그란트 21년 700ml
글렌피딕 21년 CNY 2026 리미티드 에디션 700ml,700,700,,700,134.64,19.23,,,171.6,24.51,신라,5.28,21.5,289000,41286,데일리샷,2026-06-28,29170,29.3,면세,,,글렌피딕 21년 CNY 2026 리미티드 에디션 700ml,,글렌피딕 21년 CNY 2026 리미티드 에디션 700ml
화이트헤더 21년 700ml,700,700,,700,131.22,18.75,,,166.8,23.83,신라,5.08,21.3,325900,46557,데일리샷,2026-06-28,28442,38.9,면세,,,화이트헤더 21년 700ml,,화이트헤더 21년 700ml
보모어 19년 700ml,700,700,700,700,112.2,16.03,143.41,20.49,108.53,15.5,신세계,4.98,24.3,295000,42143,데일리샷,2026-06-28,23512,44.2,면세,신라,4.46,보모어 19년 700ml,보모어 19년 700ml,보모어 19년 700ml
블라드녹 14년 올로로소 셰리 700ml,700,,700,700,,,91.58,13.08,126.0,18.0,롯데,4.92,27.3,,,,,,,,,,,블라드녹 14년 올로로소 셰리 700ml,블라드녹 14년 올로로소 셰리 700ml
더 글렌그란트 18년 1000ml,1000,1000,,1000,115.78,11.58,,,163.2,16.32,신라,4.74,29.1,200000,28571,데일리샷,2026-06-28,17566,38.5,면세,,,더 글렌그란트 18년 1000ml,,더 글렌그란트 18년 1000ml
베리 올드 세인트 닉 윈터 라이 750ml,750,,750,750,,,171.0,22.8,206.25,27.5,롯데,4.7,17.1,590000,84286,데일리샷,2026-06-28,34585,59.0,면세,,,,베리올드세인트닉 윈터라이 750ml,베리 올드 세인트 닉 윈터 라이 750ml
주라 더 베이  1000ml,1000,1000,1000,1000,41.65,4.17,85.0,8.5,38.25,3.82,신세계,4.68,55.0,,,,,,,,신라,4.33,주라 더 베이  1000ml,주라 더 베이 1000ml,주라 더 베이 1000ml
부나하벤 크루아모나 1000ml,1000,1000,,1000,51.84,5.18,,,96.0,9.6,신라,4.42,46.0,119000,11900,데일리샷,2026-06-28,7858,34.0,면세,,,부나하벤 크루아모나 1000ml,,부나하벤 크루아모나 1000ml
맥네어스 럼릭 21년 700ml,700,700,,700,159.77,22.82,,,190.2,27.17,신라,4.35,16.0,,,,,,,,,,맥네어스 럼릭 21년 700ml,,맥네어스 럼릭 21년 700ml
조니워커 킹조지 5세 750ml,750,750,750,,453.49,60.47,421.2,56.16,,,롯데,4.31,7.1,,,,,,,,롯데,4.31,조니워커 킹조지 5세 750ml,조니워커 킹조지 5세 750ml,
글렌피딕 23년 Grand Cru 700ml,700,700,700,700,194.15,27.74,170.49,24.36,199.62,28.52,롯데,4.16,14.6,,,,,,,,롯데,3.38,글렌피딕 23년 Grand Cru 700ml,글렌피딕 23년 그랑 크루 슬림팩 700ml,글렌피딕 23년 그랑 크루 700ml
에버펠디 25년 700ml,700,700,,700,329.18,47.02,,,357.5,51.07,신라,4.05,7.9,,,,,,,,,,에버펠디 25년 700ml,,에버펠디 25년 700ml
레드브레스트 18년 700ml,700,700,,700,112.0,16.0,,,140.0,20.0,신라,4.0,20.0,,,,,,,,,,레드브레스트 18년 700ml,,레드브레스트 18년 700ml
캐퍼도닉 21년 피티드 700ml,700,,700,700,,,201.84,28.83,174.58,24.94,신세계,3.89,13.5,,,,,,,,,,,캐퍼도닉 21년 피티드 700ml,캐퍼도닉 21년 피티드 700ml
브룩라디 라디8 700ml,700,,700,700,,,67.0,9.57,40.2,5.74,신세계,3.83,40.0,,,,,,,,,,,브룩라디 라디8 700ml,브룩라디 라디8 700ml
주라 더 사운드 1000ml,1000,1000,1000,1000,29.9,2.99,65.0,6.5,29.25,2.93,신세계,3.57,55.0,,,,,,,,신라,3.51,주라 더 사운드 1000ml,주라 더 사운드 1000ml,주라 더 사운드 1000ml
에버펠디 12년 마데이라 캐스크 700ml,700,700,700,700,33.23,4.75,56.1,8.01,31.94,4.56,신세계,3.45,43.1,,,,,,,,신라,3.27,에버펠디 12년 마데이라 캐스크 700ml,에버펠디 12년 마데이라 캐스크 700ml,에버펠디 12년 마데이라 캐스크 700ml
와일드터키 마스터스 킵 보야지 750ml,750,750,,750,122.32,16.31,,,147.9,19.72,신라,3.41,17.3,,,,,,,,,,와일드터키 마스터스 킵 보야지 750ml,,와일드터키 마스터스 킵 보야지 750ml
맥네어스 럼릭 12년 700ml,700,700,700,700,53.42,7.63,39.85,5.69,63.6,9.09,롯데,3.39,37.3,,,,,,,,롯데,1.94,맥네어스 럼릭 12년 700ml,맥네어스 럼릭 12년 700ml,맥네어스 럼릭 12년 700ml
글렌데브론 40년 700ml,700,700,,700,2695.0,385.0,,,2718.52,388.36,신라,3.36,0.9,,,,,,,,,,글렌데브론 40년 700ml,,글렌데브론 40년 700ml
조니워커 킹조지 5세 500ml,500,500,500,,284.24,56.85,267.52,53.5,,,롯데,3.34,5.9,,,,,,,,롯데,3.34,조니워커 킹조지 5세 500ml,조니워커 킹조지 5세 500ml,
브룩라디 블랙아트 11 700ml,700,700,,700,337.5,48.21,,,360.0,51.43,신라,3.21,6.2,,,,,,,,,,브룩라디 블랙아트 11 700ml,,브룩라디 블랙아트11 700ml
화이트헤더 15년 700ml,700,700,,700,54.18,7.74,,,75.6,10.8,신라,3.06,28.3,137000,19571,데일리샷,2026-06-28,11741,40.0,면세,,,화이트헤더 15년 700ml,,화이트헤더 15년 700ml
탐나불린 1000ml,1000,1000,1000,,26.21,2.62,56.0,5.6,,,신라,2.98,53.2,39900,5700,데일리샷,2026-06-28,3974,30.3,면세,신라,2.98,탐나불린 1000ml,탐나불린 1000ml,
더 글렌그란트 2006 프라이빗 캐스크 700ml,700,700,700,700,98.7,14.1,109.25,15.61,119.4,17.06,신라,2.96,17.3,,,,,,,,신라,1.51,더 글렌그란트 2006 프라이빗 캐스크 700ml,더 글렌그란트 2006 프라이빗 캐스크 700ml,더 글렌그란트 2006 프라이빗 캐스크 700ml
잭다니엘 시나트라 셀렉트 1000ml,1000,1000,,1000,122.74,12.27,,,93.5,9.35,신세계,2.92,23.8,,,,,,,,,,잭다니엘 시나트라 셀렉트 1000ml,,잭다니엘 시나트라 셀렉트 1000ml
1792 풀프루프 싱글배럴셀렉트 750ml,750,,750,750,,,53.06,7.07,74.8,9.97,롯데,2.9,29.1,145000,20714,데일리샷,2026-06-28,10724,48.2,면세,,,,1792 풀프루프 싱글배럴 셀렉트 750ml,1792 풀프루프 싱글배럴셀렉트 750ml
탐나불린 올로로소 1000ml,1000,1000,1000,1000,26.5,2.65,53.0,5.3,24.91,2.49,신세계,2.81,53.0,,,,,,,,신라,2.65,탐나불린 올로로소 1000ml,탐나불린 올로로소 1000ml,탐나불린 올로로소 1000ml
섀클턴 1000ml,1000,1000,1000,1000,30.31,3.03,58.0,5.8,34.8,3.48,신라,2.77,47.8,34900,4986,데일리샷,2026-06-28,4596,7.8,면세,신라,2.77,섀클턴 1000ml,섀클턴 1000ml,섀클턴 1000ml
보모어 16년 700ml,700,700,700,700,60.5,8.64,77.33,11.05,58.52,8.36,신세계,2.69,24.3,150000,21429,데일리샷,2026-06-28,12681,40.8,면세,신라,2.4,보모어 16년 700ml,보모어 16년 700ml,보모어 16년 700ml
글렌알라키 15년 (24RB) 700ml,700,700,700,700,89.57,12.8,104.94,14.99,86.19,12.31,신세계,2.68,17.9,147900,21129,데일리샷,2026-06-28,18673,11.6,면세,신라,2.2,글렌알라키 15년 (24RB) 700ml,글렌알라키 15년 700ml,글렌알라키 15년 (24RB) 700ml
카발란 페드로히메네즈 솔리스트 750ml,750,750,,750,319.2,42.56,,,339.15,45.22,신라,2.66,5.9,,,,,,,,,,카발란 페드로히메네즈 솔리스트 750ml,,카발란 페드로히메네즈 솔리스트 750ml
로얄브라클라 18년 700ml,700,700,700,700,112.35,16.05,98.65,14.09,116.95,16.71,롯데,2.61,15.6,207000,29571,데일리샷,2026-06-28,21373,27.7,면세,롯데,1.96,로얄브라클라 18년 700ml,로얄브라클라 18년 700ml,로얄브라클라 18년 700ml
로얄살루트 21년 루나 뉴이어 2026 700ml,700,700,,700,123.23,17.6,,,140.8,20.11,신라,2.51,12.5,185000,26429,데일리샷,2026-06-28,26697,-1.0,국내,,,로얄살루트 21년 루나 뉴이어 2026 700ml,,로얄살루트 21년 루나 뉴이어 2026 700ml
탈리스커 써지 700ml,700,700,700,,51.66,7.38,68.88,9.84,,,신라,2.46,25.0,149000,21286,데일리샷,2026-06-28,11195,47.4,면세,신라,2.46,탈리스커 써지 700ml,탈리스커 써지 700ml,
라프로익 PX Cask 1000ml,1000,1000,1000,1000,59.28,5.93,80.94,8.09,56.76,5.68,신세계,2.42,29.9,,,,,,,,신라,2.17,라프로익 PX Cask 1000ml,라프로익 PX 캐스크 1000ml,라프로익 PX 캐스크 1000ml
듀어스 더블더블 21년 미즈나라캐스크 500ml,500,500,,500,92.57,18.51,,,104.4,20.88,신라,2.37,11.3,149000,29800,데일리샷,2026-06-28,28078,5.8,면세,,,듀어스 더블더블 21년 미즈나라캐스크 500ml,,듀어스 더블더블 21년 미즈나라 캐스크 500ml
씨앤씨 뀌베 캐스크 750ml,750,750,750,,70.0,9.33,52.25,6.97,,,롯데,2.37,25.4,,,,,,,,롯데,2.37,씨앤씨 뀌베 캐스크 750ml,씨앤씨 뀌베 캐스크 750ml,
에버펠디 21년 마데이라 캐스크 700ml,700,700,700,700,122.51,17.5,120.15,17.16,136.4,19.49,롯데,2.32,11.9,,,,,,,,롯데,0.34,에버펠디 21년 마데이라 캐스크 700ml,에버펠디 21년 마데이라캐스크 700ml,에버펠디 21년 마데이라 캐스크 700ml
우미키 750ml,750,750,750,750,43.8,5.84,33.87,4.52,51.1,6.81,롯데,2.3,33.7,,,,,,,,롯데,1.32,우미키 750ml,우미키 750ml,우미키 750ml
블라드녹 알린타 700ml,700,,700,700,,,62.01,8.86,78.0,11.14,롯데,2.28,20.5,110000,15714,데일리샷,2026-06-28,13440,14.5,면세,,,,블라드녹 알린타 700ml,블라드녹 알린타 700ml
블라드녹 삼사라 700ml,700,,700,700,,,62.01,8.86,78.0,11.14,롯데,2.28,20.5,102000,14571,데일리샷,2026-06-28,13440,7.8,면세,,,,블라드녹 삼사라 700ml,블라드녹 삼사라 700ml
글렌피딕 22년 그랑 코르테스 700ml,700,700,700,700,182.9,26.13,167.09,23.87,181.35,25.91,롯데,2.26,8.6,,,,,,,,롯데,2.26,글렌피딕 22년 그랑 코르테스 700ml,글렌피딕 22년 그랑 코르테즈 700ml,글렌피딕 22년 그랑 코르테즈 700ml
더 글렌리벳 16년 1000ml,1000,1000,1000,1000,58.65,5.87,80.5,8.05,69.23,6.92,신라,2.19,27.1,,,,,,,,신라,2.19,더 글렌리벳 16년 1000ml,더 글렌리벳 16년 1000ml,더 글렌리벳 16년 1000ml
카발란 포트 솔리스트 1000ml,1000,1000,1000,1000,130.8,13.08,109.87,10.99,130.8,13.08,롯데,2.09,16.0,,,,,,,,롯데,2.09,카발란 포트 솔리스트 1000ml,카발란 포트 솔리스트 1000ml,카발란 포트 솔리스트 1000ml
로즈아일 12년 SR FY24 700ml (2023 Special Release),700,700,,700,100.8,14.4,,,86.4,12.34,신세계,2.06,14.3,,,,,,,,,,로즈아일 12년 SR FY24 700ml (2023 Special Release),,로즈아일 12년 SR FY24 700ml(2023 Special Release)
노아스 밀 750ml,750,,750,750,,,66.69,8.89,81.9,10.92,롯데,2.03,18.6,155000,20667,데일리샷,2026-06-28,13485,34.7,면세,,,,노아스밀  750ml,노아스 밀 750ml
더 글렌그란트 18년 700ml,700,700,700,700,74.12,10.59,88.18,12.6,78.53,11.22,신라,2.01,15.9,200000,28571,데일리샷,2026-06-28,16064,43.8,면세,신라,2.01,더 글렌그란트 18년 700ml,더 글렌그란트 18년 700ml,더 글렌그란트 18년 700ml
김창수위스키 김포 2025 700ml,700,,700,700,,,126.0,18.0,140.0,20.0,롯데,2.0,10.0,,,,,,,,,,,김창수 위스키 김포 2025 700ml,김창수위스키 김포 2025 700ml
에버펠디 16년 마데이라 캐스크 700ml,700,,700,700,,,55.25,7.89,68.75,9.82,롯데,1.93,19.6,75800,10829,트레이더스,2026-06-13,11968,-10.5,국내,,,,에버펠디 16년 마데이라 캐스크 700ml,에버펠디 16년 마데이라 캐스크 700ml
아벨라워 16년 700ml,700,,700,700,,,91.26,13.04,78.26,11.18,신세계,1.86,14.2,149000,21286,데일리샷,2026-06-28,16959,20.3,면세,,,,아벨라워 16년 700ml,아벨라워 16년 700ml
와일드무어 23년 웨이킹 포레스트 700ml,700,700,700,,101.52,14.5,88.73,12.68,,,롯데,1.83,12.6,278000,39714,데일리샷,2026-06-28,19234,51.6,면세,롯데,1.83,와일드무어 23년 웨이킹 포레스트 700ml,와일드무어 23년 웨이킹 포레스트 700ml,
로얄살루트 25년 더 트레저드 블렌드 700ml,700,,700,700,,,185.32,26.47,198.0,28.29,롯데,1.81,6.4,444000,63429,데일리샷,2026-06-28,40152,36.7,면세,,,,로얄살루트 25년 더 트레저드 블렌드 700ml,로얄살루트 25년 더 트레저드 블렌드 700ml
토마틴 12년 1000ml,1000,1000,,1000,31.32,3.13,,,49.3,4.93,신라,1.8,36.5,60000,8571,데일리샷,2026-06-28,4748,44.6,면세,,,토마틴 12년 1000ml,,토마틴 12년 1000ml
블라드녹 리오라 700ml,700,,700,700,,,53.42,7.63,66.0,9.43,롯데,1.8,19.1,135900,19414,데일리샷,2026-06-28,11574,40.4,면세,,,,블라드녹 리오라 700ml,블라드녹 리오라 700ml
웰러 스페셜 리저브 750ml,750,750,750,750,54.72,7.3,52.7,7.03,66.05,8.81,롯데,1.78,20.2,,,,,,,,롯데,0.27,웰러 스페셜 리저브 750ml,웰러 스페셜 리저브 750ml,웰러 스페셜 리저브 750ml
잭다니엘 본디드 라이 1000ml,1000,1000,1000,1000,43.2,4.32,25.48,2.55,26.4,2.64,롯데,1.77,41.0,,,,,,,,롯데,1.77,잭다니엘 본디드 라이 1000ml,잭다니엘 본디드 라이 1000ml,잭다니엘 본디드 라이 1000ml
더 글렌리벳 21년 700ml,700,700,,700,184.19,26.31,,,196.5,28.07,신라,1.76,6.3,520000,74286,데일리샷,2026-06-28,39910,46.3,면세,,,더 글렌리벳 21년 700ml,,더 글렌리벳 21년 700ml
발베니 클래식 700ml,700,,700,700,,,53.32,7.62,65.65,9.38,롯데,1.76,18.8,,,,,,,,,,,발베니 클래식 700ml,발베니 클래식 700ml
캐퍼도닉 18년 피티드 700ml,700,,700,700,,,90.48,12.93,78.26,11.18,신세계,1.75,13.5,,,,,,,,,,,캐퍼도닉 18년 피티드 700mL,캐퍼도닉 18년 피티드 700ml
보모어 14년 700ml,700,700,700,700,37.4,5.34,47.8,6.83,36.18,5.17,신세계,1.66,24.3,101900,14557,데일리샷,2026-06-28,7842,46.1,면세,신라,1.49,보모어 14년 700ml,보모어 14년 700ml,보모어 14년 700ml
아드벡 언 오 1000ml,1000,1000,,1000,65.6,6.56,,,82.0,8.2,신라,1.64,20.0,96000,13714,데일리샷,2026-06-28,9951,27.4,면세,,,아드벡 언 오 1000ml,,아드벡 언오 1000ml
토마틴 16년 700ml,700,700,,700,38.95,5.56,,,50.35,7.19,신라,1.63,22.6,,,,,,,,,,토마틴 16년 700ml,,토마틴 16년 700ml
글렌파클라스 25년 700ml,700,700,,700,226.8,32.4,,,238.14,34.02,신라,1.62,4.8,719000,102714,데일리샷,2026-06-28,49148,52.2,면세,,,글렌파클라스 25년 700ml,,글렌파클라스 25년 700ml
부쉬밀 18년 트리플 캐스크 700ml,700,700,700,700,72.8,10.4,78.12,11.16,84.0,12.0,신라,1.6,13.3,259000,37000,데일리샷,2026-06-28,15776,57.4,면세,신라,0.76,부쉬밀 18년 트리플 캐스크 700ml,부쉬밀 18년 트리플 캐스크 700ml,부쉬밀 18년 트리플 캐스크 700ml
듀어스 더블더블 27년 500ml,500,500,,500,151.05,30.21,,,159.0,31.8,신라,1.59,5.0,289000,57800,데일리샷,2026-06-28,45826,20.7,면세,,,듀어스 더블더블 27년 500ml,,듀어스 더블더블 27년 500ml
글렌피딕 23년 그랑크뤼 슬림팩 700ml,700,700,700,,194.15,27.74,205.09,29.3,,,신라,1.56,5.3,,,,,,,,신라,1.56,글렌피딕 23년 그랑크뤼 슬림팩 700ml,글렌피딕 23년 그랑 크루 700ml,
글렌파클라스 105 1000ml,1000,1000,1000,1000,75.41,7.54,61.04,6.1,59.85,5.99,신세계,1.56,20.6,,,,,,,,롯데,1.44,글렌파클라스 105 1000ml,글렌파클라스 105 CS 1000ml,글렌파클라스 105 1000ml
큐로 몰트 500ml,500,500,500,,59.5,11.9,52.36,10.47,,,롯데,1.43,12.0,,,,,,,,롯데,1.43,큐로 몰트 500ml,큐로 몰트 500ml,
더 글렌리벳 그라운드브레이커스 700ml,700,,700,700,,,60.0,8.57,70.0,10.0,롯데,1.43,14.3,,,,,,,,,,,더 글렌리벳 그라운드브레이커스 700ml,더 글렌리벳 그라운드브레이커스 700ml
글렌파클라스 15년 700ml,700,700,700,700,67.5,9.64,65.4,9.34,75.33,10.76,롯데,1.42,13.2,119400,17057,트레이더스,2026-06-30,14168,16.9,면세,롯데,0.3,글렌파클라스 15년 700ml,글렌파클라스 15년 700ml,글렌파클라스 15년 700ml
글렌모렌지 16년 트리뷰트 1000ml,1000,1000,1000,1000,74.25,7.42,74.25,7.42,88.5,8.85,신라/롯데,1.42,16.1,,,,,,,,동일,0.0,글렌모렌지 16년 트리뷰트 1000ml,글렌모렌지 16년 트리뷰트 1000ml,글렌모렌지 16년 트리뷰트 1000ml
글렌모렌지 시그넷 700ml,700,700,700,700,178.2,25.46,168.3,24.04,168.3,24.04,롯데/신세계,1.41,5.6,520000,74286,데일리샷,2026-06-28,36466,50.9,면세,롯데,1.41,글렌모렌지 시그넷 700ml,글렌모렌지 시그넷 700ml,글렌모렌지 시그넷 700ml
라프로익 포트우드 2023 700ml,700,700,,700,86.94,12.42,,,96.8,13.83,신라,1.41,10.2,194000,27714,데일리샷,2026-06-28,18840,32.0,면세,,,라프로익 포트우드 2023 700ml,,라프로익 포트우드 2023 700ml
더 글렌리벳 12년 1000ml,1000,1000,1000,1000,38.25,3.82,52.2,5.22,45.15,4.51,신라,1.4,26.7,57000,8143,데일리샷,2026-06-30,5795,28.8,면세,신라,1.4,더 글렌리벳 12년 1000ml,더 글렌리벳 12년 1000ml,더 글렌리벳 12년 1000ml
클라이넬리시 10년 SR FY24 700ml (2023 Special Release),700,700,700,700,109.1,15.59,109.29,15.61,118.8,16.97,신라,1.39,8.2,,,,,,,,신라,0.03,클라이넬리시 10년 SR FY24 700ml (2023 Special Release),클라이넬리시 10년 SR FY24 700ml(2023 Special Release),클라이넬리시 10년 SR FY24 700ml(2023 Special Release)
보모어 11년 700ml,700,700,,700,38.5,5.5,,,29.26,4.18,신세계,1.32,24.0,,,,,,,,,,보모어 11년 700ml,,보모어 11년 700ml
아벨라워 SUTHAINN 700ml,700,,700,700,,,63.18,9.03,54.18,7.74,신세계,1.29,14.2,,,,,,,,,,,아벨라워 SUTHAINN 700ml,아벨라워 SUTHAINN 700ml
싱글톤 가든스 오브 어번던스 - 이그저틱 스파이스 그로브 1000ml,1000,1000,,1000,82.8,8.28,,,95.4,9.54,신라,1.26,13.2,,,,,,,,,,싱글톤 가든스 오브 어번던스 - 이그저틱 스파이스 그로브 1000ml,,싱글톤 가든스 오브 어번던스 - 이그저틱 스파이스 그로브 1000ml
와일드터키 마스터스 킵 트라이엄프 750ml,750,,750,750,,,139.65,18.62,148.75,19.83,롯데,1.21,6.1,,,,,,,,,,,와일드터키 마스터스 킵 트라이엄프 750ml,와일드터키 마스터스 킵 트라이엄프 750ml
더 글렌그란트 15년 1000ml,1000,1000,1000,1000,61.44,6.14,67.96,6.8,73.47,7.35,신라,1.2,16.4,89400,12771,트레이더스,2026-06-30,9314,27.1,면세,신라,0.65,더 글렌그란트 15년 1000ml,더 글렌그란트 15년 1000ml,더 글렌그란트 15년 1000ml
글렌알라키 12년 (24RB) 700ml,700,700,700,700,53.66,7.67,45.26,6.47,53.55,7.65,롯데,1.2,15.7,89900,12843,데일리샷,2026-06-28,9814,23.6,면세,롯데,1.2,글렌알라키 12년 (24RB) 700ml,글렌알라키 12년 700ml,글렌알라키 12년 (24RB) 700mL
더 글렌그란트 13년 1000ml,1000,1000,1000,1000,48.0,4.8,49.68,4.97,60.0,6.0,신라,1.2,20.0,,,,,,,,신라,0.17,더 글렌그란트 13년 1000ml,더 글렌그란트 13년 1000ml,더 글렌그란트 13년 1000ml
오켄토션 24년 700ml,700,700,,700,139.1,19.87,,,147.38,21.05,신라,1.18,5.6,,,,,,,,,,오켄토션 24년 700ml,,오켄토션 24년 700ml
쿠라 8년 아와모리 700ml,700,700,700,,105.04,15.01,96.96,13.85,,,롯데,1.15,7.7,,,,,,,,롯데,1.15,쿠라 8년 아와모리 700ml,쿠라 8년 아와모리 700ml,
탈리스커 SR FY24 700ml(2023 Special Release),700,,700,700,,,78.33,11.19,86.4,12.34,롯데,1.15,9.3,,,,,,,,,,,탈리스커 SR FY24 700ml(2023 Special Release),탈리스커 SR FY24 700ml(2023 Special Release)
글렌알라키 17Y 미즈나라 700mL,700,700,,700,296.02,42.29,,,304.0,43.43,신라,1.14,2.6,,,,,,,,,,글렌알라키 17Y 미즈나라 700mL,,글렌알라키 17Y 미즈나라 700ml
잭다니엘 아메리칸 싱글몰트 1000ml,1000,1000,1000,1000,55.2,5.52,44.64,4.46,56.0,5.6,롯데,1.14,20.3,,,,,,,,롯데,1.06,잭다니엘 아메리칸 싱글몰트 1000ml,잭다니엘 아메리칸 싱글몰트 1000ml,잭다니엘 아메리칸 싱글몰트 1000ml
벤리악 30년 1994 캐스크 에디션 700ml,700,,700,700,,,666.9,95.27,674.5,96.36,롯데,1.09,1.1,1289000,184143,데일리샷,2026-06-28,144515,21.5,면세,,,,벤리악 30년 1994 캐스크 에디션 700ml,벤리악 30년 1994 캐스크 에디션 700ml
아벨라워 13년 700ml,700,,700,700,,,52.65,7.52,45.15,6.45,신세계,1.07,14.2,,,,,,,,,,,아벨라워 13년 700ml,아벨라워 13년 700ml
글렌모렌지 19년 700ml,700,,700,700,,,112.5,16.07,120.0,17.14,롯데,1.07,6.2,243000,34714,데일리샷,2026-06-28,24377,29.8,면세,,,,글렌모렌지 19년 700ml,글렌모렌지 19년 700ml
보모어 22년 700ml,700,700,,700,219.45,31.35,,,212.27,30.32,신세계,1.03,3.3,,,,,,,,,,보모어 22년 700ml,,보모어 22년 700ml
오켄토션 블러드 오크 1000ml,1000,1000,1000,1000,40.66,4.07,44.8,4.48,50.83,5.08,신라,1.02,20.0,,,,,,,,신라,0.41,오켄토션 블러드 오크 1000ml,오켄토션 블러드 오크  1000ml,오켄토션 블러드 오크 1000ml
조니워커 블랙 루비 1000ml,1000,1000,1000,1000,31.95,3.19,42.03,4.2,35.54,3.55,신라,1.01,24.0,45000,6429,데일리샷,2026-06-30,4839,24.7,면세,신라,1.01,조니워커 블랙 루비 1000ml,조니워커 블랙 루비 1000ml,조니워커 블랙 루비 1000ml
올트모어 23년 CS 한정판 (화이트포트) 700ml,700,700,,700,327.61,46.8,,,320.71,45.82,신세계,0.99,2.1,,,,,,,,,,올트모어 23년 CS 한정판 (화이트포트) 700ml,,올트모어 23년 CS 한정판 (화이트포트) 700ml
올트모어 19년 CS 한정판 (토니포트) 700ml,700,700,,700,198.36,28.34,,,205.2,29.31,신라,0.98,3.3,,,,,,,,,,올트모어 19년 CS 한정판 (토니포트) 700ml,,올트모어 19년 CS 한정판 (토니포트) 700ml
윌더니스 트레일 켄터키 스트레이트 하이 라이 버번 750ml,750,750,,750,24.2,3.23,,,31.57,4.21,신라,0.98,23.3,,,,,,,,,,윌더니스 트레일 켄터키 스트레이트 하이 라이 버번 750ml,,윌더니스 트레일 켄터키 스트레이트 하이 라이 버번 750ml
더 글렌리벳 트리플 캐스크 머추어드 1000ml,1000,1000,,1000,45.7,4.57,,,35.95,3.6,신세계,0.97,21.3,,,,,,,,,,더 글렌리벳 트리플 캐스크 머추어드 1000ml,,더 글렌리벳 트리플 캐스크 머추어드 1000ml
와일드터키 마스터스 킵 언포가튼 750ml,750,750,,750,126.0,16.8,,,119.0,15.87,신세계,0.93,5.6,,,,,,,,,,와일드터키 마스터스 킵 언포가튼 750ml,,와일드터키 마스터스 킵 언포가튼 750ml
탈리스커 다크 스톰 1000ml,1000,1000,,1000,57.15,5.71,,,66.29,6.63,신라,0.91,13.8,129000,12900,데일리샷,2026-06-28,8661,32.9,면세,,,탈리스커 다크 스톰 1000ml,,탈리스커 다크스톰 1000ml
달위니 15년 1000ml,1000,1000,1000,1000,65.15,6.52,60.96,6.1,69.85,6.98,롯데,0.89,12.7,109900,15700,데일리샷,2026-06-28,9253,41.1,면세,롯데,0.42,달위니 15년 1000ml,달위니 15년 1000ml,달위니 15년 1000ml
몰트락 네버바운드 700ml,700,700,,700,95.76,13.68,,,102.0,14.57,신라,0.89,6.1,240000,34286,데일리샷,2026-06-28,20751,39.5,면세,,,몰트락 네버바운드 700ml,,몰트락 네버바운드 700ml
윌더니스 트레일 켄터키 스트레이트 휘티드 버번 750ml,750,750,,750,22.0,2.93,,,28.7,3.83,신라,0.89,23.3,,,,,,,,,,윌더니스 트레일 켄터키 스트레이트 휘티드 버번 750ml,,윌더니스 트레일 켄터키 스트레이트 휘티드 버번 750ml
제임슨 트리플 트리플 1000ml,1000,1000,,1000,23.97,2.4,,,32.9,3.29,신라,0.89,27.1,26500,3786,데일리샷,2026-06-30,3641,3.8,면세,,,제임슨 트리플 트리플 1000ml,,제임슨 트리플 트리플 1000ml
패터캐른 17년 700ml,700,700,,700,68.2,9.74,,,62.0,8.86,신세계,0.89,9.1,,,,,,,,,,패터캐른 17년 700ml,,패터캐른 17년 700ml
더 글렌그란트 10년 1000ml,1000,1000,1000,1000,29.76,2.98,38.5,3.85,35.59,3.56,신라,0.87,22.7,69000,6900,데일리샷,2026-06-28,4520,34.5,면세,신라,0.87,더 글렌그란트 10년 1000ml,더 글렌그란트 10년 1000ml,더 글렌그란트 10년 1000ml
블라드녹 비나야 700ml,700,,700,700,,,32.91,4.7,39.0,5.57,롯데,0.87,15.6,88000,12571,데일리샷,2026-06-28,7129,43.3,면세,,,,블라드녹 비나야 700ml,블라드녹 비나야 700ml
더 글렌리벳 14년 1000ml,1000,1000,1000,1000,59.76,5.98,59.5,5.95,51.17,5.12,신세계,0.86,14.4,,,,,,,,롯데,0.03,더 글렌리벳 14년 1000ml,더 글렌리벳 14년 1000ml,더 글렌리벳 14년 1000ml
쿠라요시 레귤러 700ml,700,700,,700,50.76,7.25,,,56.73,8.1,신라,0.85,10.5,,,,,,,,,,쿠라요시 레귤러 700ml,,쿠라요시 레귤러 700ml
아드모어 트리플 우드 1000ml,1000,1000,,1000,58.8,5.88,,,50.4,5.04,신세계,0.84,14.3,,,,,,,,,,아드모어 트리플 우드 1000ml,,아드모어 트리플우드 1000ml
글렌드로낙 10년 1000ml,1000,1000,1000,1000,47.88,4.79,39.6,3.96,41.4,4.14,롯데,0.83,17.3,95000,9500,데일리샷,2026-06-28,6007,36.8,면세,롯데,0.83,글렌드로낙 10년 1000ml,글렌드로낙 10년 1000ml,글렌드로낙 10년 1000ml
롱몬23년 700ml,700,,700,700,,,208.8,29.83,203.0,29.0,신세계,0.83,2.8,,,,,,,,,,,롱몬 23년 700mL,롱몬23년 700ml
와일드터키 아메리칸 허니 1000ml,1000,,1000,1000,,,13.28,1.33,21.6,2.16,롯데,0.83,38.5,25000,3333,데일리샷,2026-06-28,2017,39.5,면세,,,,와일드터키 아메리칸 허니 1000ml,와일드터키 아메리칸 허니 1000ml
탈리스커 10년 1L,1000,1000,1000,1000,48.45,4.84,52.36,5.24,44.37,4.44,신세계,0.8,15.3,66800,9543,데일리샷,2026-06-30,6735,29.4,면세,신라,0.39,탈리스커 10년 1L,탈리스커 10년 1000ml,탈리스커 10년 1000ml
밀크앤허니 에이펙스 데킬라 캐스크 700ml,700,,700,700,,,82.9,11.84,88.2,12.6,롯데,0.76,6.0,,,,,,,,,,,밀크앤허니 에이펙스 데킬라 캐스크 700ml,밀크앤허니 에이펙스 데킬라 캐스크 700ml
조니워커 더블 블랙 1000ml,1000,1000,1000,1000,32.16,3.22,39.66,3.97,33.5,3.35,신라,0.75,18.9,44000,6286,데일리샷,2026-06-30,4884,22.3,면세,신라,0.75,조니워커 더블 블랙 1000ml,조니워커 더블 블랙 1000ml,조니워커 더블블랙 1000ml
와일드터키 켄터키 스피릿 1L,1000,1000,1000,1000,39.22,3.92,33.96,3.4,41.44,4.14,롯데,0.75,18.1,,,,,,,,롯데,0.53,와일드터키 켄터키 스피릿 1L,와일드터키 켄터키 스피릿 1000ml,와일드터키 켄터키 스피릿 1000ml
조니워커 블랙라벨 트리플캐스크 에디션 1000ml,1000,,1000,1000,,,38.8,3.88,31.5,3.15,신세계,0.73,18.8,39000,5571,데일리샷,2026-06-28,4778,14.2,면세,,,,조니워커 블랙 라벨 트리플 캐스크 에디션 1000ml,조니워커 블랙라벨 트리플캐스크 에디션 1000ml
조니워커 아일랜드 그린 1000ml,1000,1000,1000,1000,43.0,4.3,50.22,5.02,43.0,4.3,신라/신세계,0.72,14.4,,,,,,,,신라,0.72,조니워커 아일랜드 그린 1000ml,조니워커 아일랜드 그린 1000ml,조니워커 아일랜드 그린 1000ml
기원 달 기프트팩 700ml,700,700,700,700,43.55,6.22,38.59,5.51,43.55,6.22,롯데,0.71,11.4,,,,,,,,롯데,0.71,기원 달 기프트팩 700ml,기원 달 기프트팩 700ml,기원 달 기프트팩 700ml
와일드터키 롱브랜치 1000ml,1000,,1000,1000,,,27.66,2.77,34.8,3.48,롯데,0.71,20.5,,,,,,,,,,,와일드터키 롱브랜치 1000ml,와일드터키 롱브랜치 1000ml
카발란 올로로소 쉐리 오크 1000ml,1000,1000,1000,1000,103.2,10.32,96.32,9.63,103.2,10.32,롯데,0.69,6.7,,,,,,,,롯데,0.69,카발란 올로로소 쉐리 오크 1000ml,카발란 올로로소 쉐리오크 1000ml,카발란 올로로소 쉐리 오크 1000ml
싱글톤 가든스 오브 어번던스 - 래디언트 스프링 가든 1000ml,1000,1000,1000,1000,31.28,3.13,38.08,3.81,36.04,3.6,신라,0.68,17.9,,,,,,,,신라,0.68,싱글톤 가든스 오브 어번던스 - 래디언트 스프링 가든 1000ml,싱글톤 가든스 오브 어번던스 - 래디언트 스프링 가든 1000ml,싱글톤 가든스 오브 어번던스 - 래디언트 스프링 가든 1000ml
와일드터키 101 1000ml,1000,1000,1000,1000,24.96,2.5,22.03,2.2,28.8,2.88,롯데,0.68,23.5,,,,,,,,롯데,0.29,와일드터키 101 1000ml,와일드터키 101 1000ml,와일드터키101 1000ml
주라 더 팹스 700ml,700,700,,700,64.15,9.16,,,59.4,8.49,신세계,0.68,7.4,,,,,,,,,,주라 더 팹스 700ml,,주라 더 팹스 700ml
싱글톤 글렌듈란 14년 SR FY24 700ml(2023 Special Release),700,,700,700,,,88.48,12.64,83.74,11.96,신세계,0.68,5.4,,,,,,,,,,,싱글톤 글렌듈란 14년 SR FY24 700ml(2023 Special Release),싱글톤 글렌듈란 14년 SR FY24 700ml(2023 Special Release)
아드벡 우거다일 700ml,700,700,700,700,68.25,9.75,68.25,9.75,72.8,10.4,신라/롯데,0.65,6.3,134000,19143,데일리샷,2026-06-28,14790,22.7,면세,동일,0.0,아드벡 우거다일 700ml,아드벡 우거다일 700ml,아드벡 우거다일 700ml
제임슨 블랙배럴 1000ml,1000,1000,,1000,30.68,3.07,,,37.17,3.72,신라,0.65,17.5,36800,5257,데일리샷,2026-06-28,4657,11.4,면세,,,제임슨 블랙배럴 1000ml,,제임슨 블랙배럴 1000ml
카발란 EX 버번 솔리스트 1000ml,1000,,1000,1000,,,86.24,8.62,92.4,9.24,롯데,0.62,6.7,,,,,,,,,,,카발란 EX-버번 솔리스트 1000ml,카발란 EX 버번 솔리스트 1000ml
로얄브라클라 12년 1000ml,1000,1000,1000,1000,49.76,4.98,43.69,4.37,49.47,4.95,롯데,0.61,12.2,85000,12143,데일리샷,2026-06-30,6629,45.4,면세,롯데,0.61,로얄브라클라 12년 1000ml,로얄브라클라 12년 1000ml,로얄브라클라 12년 1000ml
듀어스 16년 1000ml,1000,1000,1000,1000,43.61,4.36,37.57,3.76,43.44,4.34,롯데,0.6,13.8,,,,,,,,롯데,0.6,듀어스 16년 1000ml,듀어스 16년 1000ml,듀어스 16년 1000ml
레드브레스트 15년 700ml,700,700,,700,75.58,10.8,,,71.4,10.2,신세계,0.6,5.5,135900,19414,데일리샷,2026-06-28,15472,20.3,면세,,,레드브레스트 15년 700ml,,레드브레스트 15년 700ml
더 디콘 1000ml,1000,,1000,1000,,,34.39,3.44,28.4,2.84,신세계,0.6,17.4,35900,3590,데일리샷,2026-06-28,4308,-20.0,국내,,,,더 디콘 1000ml,더 디콘 1000ml
글렌드로낙 16년 700ml,700,700,,700,103.95,14.85,,,108.0,15.43,신라,0.58,3.7,350000,50000,데일리샷,2026-06-28,22526,54.9,면세,,,글렌드로낙 16년 700ml,,글렌드로낙 16년 700ml
기원 달 700ml,700,700,700,700,35.75,5.11,31.68,4.53,33.0,4.71,롯데,0.58,11.4,,,,,,,,롯데,0.58,기원 달 700ml,기원 달 700ml,기원 달 700ml
오켄토션 다크 오크 1000ml,1000,1000,1000,1000,40.82,4.08,35.11,3.51,38.48,3.85,롯데,0.57,14.0,,,,,,,,롯데,0.57,오켄토션 다크 오크 1000ml,오켄토션 다크 오크 1000ml,오켄토션 다크 오크 1000ml
기원 해 700ml,700,700,700,700,39.65,5.66,35.71,5.1,37.2,5.31,롯데,0.56,9.9,,,,,,,,롯데,0.56,기원 해 700ml,기원 해 700ml,기원 해 700ml
스카라버스 10년 700ml,700,700,,700,42.8,6.11,,,46.75,6.68,신라,0.56,8.5,,,,,,,,,,스카라버스 10년 700ml,,스카라버스 10년 700ml
마르스 이와이 트레디션 750ml,750,750,,750,41.5,5.53,,,45.65,6.09,신라,0.55,9.1,75000,10714,데일리샷,2026-06-28,8388,21.7,면세,,,마르스 이와이 트레디션 750ml,,마르스 이와이 트레디션 750ml
글렌데브론 16년 1000ml,1000,1000,1000,1000,45.32,4.53,39.78,3.98,45.0,4.5,롯데,0.55,12.2,,,,,,,,롯데,0.55,글렌데브론 16년 1000ml,글렌데브론 16년 1000ml,글렌데브론 16년 1000ml
글렌모렌지 인피니타 18년 700ml,700,700,700,,90.0,12.86,86.25,12.32,,,롯데,0.54,4.2,,,,,,,,롯데,0.54,글렌모렌지 인피니타 18년 700ml,글렌모렌지 인피니타 18년 700ml,
쿠라 클래식 700ml,700,700,,700,65.0,9.29,,,68.75,9.82,신라,0.54,5.5,,,,,,,,,,쿠라 클래식 700ml,,쿠라 클래식 700ml
듀어스 더블더블 20년 500ml,500,500,,500,70.76,14.15,,,73.42,14.68,신라,0.53,3.6,,,,,,,,,,듀어스 더블더블 20년 500ml,,듀어스 더블더블 20년 500ml
글렌모레이 12년 1000ml,1000,1000,,1000,36.25,3.63,,,30.96,3.1,신세계,0.53,14.6,,,,,,,,,,글렌모레이 12년 1000ml,,글렌모레이 12년 1000ml
마르스 몰티지 코스모 700ml,700,700,,700,79.49,11.36,,,75.9,10.84,신세계,0.51,4.5,,,,,,,,,,마르스 몰티지 코스모 700ml,,마르스 몰티지 코스모 700ml
라프로익 12년 700ml,700,700,,700,42.0,6.0,,,38.5,5.5,신세계,0.5,8.3,,,,,,,,,,라프로익 12년 700ml,,라프로익 12년 700ml
NEW 올트모어 18년 (마데이라) 500ml,500,500,,500,67.69,13.54,,,65.31,13.06,신세계,0.48,3.5,178000,25429,데일리샷,2026-06-28,19811,22.1,면세,,,NEW 올트모어 18년 (마데이라) 500ml,,NEW 올트모어 18년 (마데이라) 500ml
카미키 사쿠라 750ml,750,750,,750,71.4,9.52,,,67.83,9.04,신세계,0.48,5.0,128000,18286,데일리샷,2026-06-28,13713,25.0,면세,,,카미키 사쿠라 750ml,,카미키 사쿠라 750ml
윌더니스 트레일 켄터키 스트레이트 라이 750ml,750,750,,750,25.18,3.36,,,28.7,3.83,신라,0.47,12.3,,,,,,,,,,윌더니스 트레일 켄터키 스트레이트 라이 750ml,,윌더니스 트레일 켄터키 스트레이트 라이 750ml
시바스리갈 12년 1000ml,1000,1000,,1000,33.61,3.36,,,28.9,2.89,신세계,0.47,14.0,49900,6653,데일리샷,2026-06-28,4384,34.1,면세,,,시바스리갈 12년 1000ml,,시바스리갈 12년 1000ml
아드벡 스모크트레일즈 배치3 1000ml,1000,1000,1000,1000,71.25,7.12,67.5,6.75,72.0,7.2,롯데,0.45,6.2,,,,,,,,롯데,0.37,아드벡 스모크트레일즈 배치3 1000ml,아드벡 스모크트레일즈 배치3 1000ml,아드벡 스모크트레일즈 배치3 1000ml
짐빔 싱글 배럴  750ml,750,750,,750,20.21,2.69,,,23.5,3.13,신라,0.44,14.0,,,,,,,,,,짐빔 싱글 배럴  750ml,,짐빔 싱글배럴 750ml
오켄토션 18년 700ml,700,700,,700,52.92,7.56,,,49.88,7.13,신세계,0.43,5.7,,,,,,,,,,오켄토션 18년 700ml,,오켄토션 18년 700ml
로얄브라클라 21년 700ml,700,700,700,700,160.08,22.87,162.86,23.27,160.78,22.97,신라,0.4,1.7,,,,,,,,신라,0.4,로얄브라클라 21년 700ml,로얄브라클라 21년 700ml,로얄브라클라 21년 700ml
러셀 리저브 라이 6년 750ml,750,750,,750,29.0,3.87,,,31.9,4.25,신라,0.39,9.1,55900,7986,데일리샷,2026-06-28,5870,26.5,면세,,,러셀 리저브 라이 6년 750ml,,러셀 리저브 라이 6년 750ml
듀어스 18년 1000ml,1000,1000,,1000,53.37,5.34,,,57.26,5.73,신라,0.39,6.8,99000,14143,데일리샷,2026-06-30,8100,42.7,면세,,,듀어스 18년 1000ml,,듀어스 18년 1000ml
우드포드 리저브 디스틸러 셀렉트 1000ml,1000,1000,,1000,25.65,2.57,,,29.4,2.94,신라,0.37,12.8,58000,8286,데일리샷,2026-06-30,3898,52.9,면세,,,우드포드 리저브 디스틸러 셀렉트 1000ml,,우드포드리저브 디스틸러 셀렉트 1000ml
싱글톤 가든스 오브 어번던스 - 골든 어텀 오차드 1000ml,1000,1000,1000,1000,51.73,5.17,55.44,5.54,52.47,5.25,신라,0.37,6.7,,,,,,,,신라,0.37,싱글톤 가든스 오브 어번던스 - 골든 어텀 오차드 1000ml,싱글톤 가든스 오브 어번던스 - 골든 어텀 오차드 1000ml,싱글톤 가든스 오브 어번던스 - 골든 어텀 오차드1000ml
레드브레스트 12년 700ml,700,700,,700,47.42,6.77,,,44.8,6.4,신세계,0.37,5.5,74800,10686,데일리샷,2026-06-28,9708,9.1,면세,,,레드브레스트 12년 700ml,,레드브레스트 12년 700ml
라가불린 16년 700ml,700,700,,700,70.7,10.1,,,73.2,10.46,신라,0.36,3.4,144000,19200,데일리샷,2026-06-28,15321,20.2,면세,,,라가불린 16년 700ml,,라가불린 16년 700ml
몽키숄더 1000ml,1000,1000,1000,1000,29.0,2.9,26.4,2.64,30.0,3.0,롯데,0.36,12.0,44000,6286,데일리샷,2026-06-30,4005,36.3,면세,롯데,0.26,몽키숄더 1000ml,몽키숄더 1000ml,몽키숄더 1000ml
잭다니엘 싱글배럴 100프루프 700ml,700,700,700,700,34.88,4.98,37.33,5.33,37.4,5.34,신라,0.36,6.7,,,,,,,,신라,0.35,잭다니엘 싱글배럴 100프루프 700ml,잭다니엘 싱글배럴 100 프루프 700ml,잭다니엘 싱글배럴 100프루프 700ml
아드벡 10년 1000ml,1000,1000,,1000,54.0,5.4,,,57.6,5.76,신라,0.36,6.2,114000,11400,데일리샷,2026-06-28,8191,28.1,면세,,,아드벡 10년 1000ml,,아드벡 10년 1000ml
더 글렌그란트 익스플로레이션 NO.1 700ml,700,,700,700,,,74.52,10.65,72.0,10.29,신세계,0.36,3.4,99800,14257,트레이더스,2026-05-27,15609,-9.5,국내,,,,더 글렌그란트 익스플로레이션 No.1 700ml,더 글렌그란트 익스플로레이션 NO.1 700ml
오켄토션 다크 오크 CNY 1000ml,1000,1000,,1000,33.11,3.31,,,36.58,3.66,신라,0.35,9.5,,,,,,,,,,오켄토션 다크 오크 CNY 1000ml,,오켄토션 다크오크 CNY 1000ml
주라 28년 700ml,700,700,,700,395.35,56.48,,,397.8,56.83,신라,0.35,0.6,,,,,,,,,,주라 28년 700ml,,주라 28년 700ml
토마틴 21년 700ml,700,700,,700,128.52,18.36,,,126.14,18.02,신세계,0.34,1.9,359000,51286,데일리샷,2026-06-28,27335,46.7,면세,,,토마틴 21년 700ml,,토마틴 21년 700ml
메이커스 마크 101 1000ml,1000,1000,,1000,37.26,3.73,,,40.7,4.07,신라,0.34,8.5,,,,,,,,,,메이커스 마크 101 1000ml,,메이커스 마크 101 1000ml
발렌타인 17년 700ml,700,,700,700,,,54.99,7.86,52.64,7.52,신세계,0.34,4.3,95000,13571,데일리샷,2026-06-30,11407,15.9,면세,,,,발렌타인 17년 700ml,발렌타인 17년 700ml
시바스리갈 얼티스 1000ml,1000,,1000,1000,,,144.76,14.48,141.47,14.15,신세계,0.33,2.3,,,,,,,,,,,시바스리갈 얼티스 1000ml,시바스리갈 얼티스 1000ml
틸링 싱글 그레인 1000ml,1000,,1000,1000,,,29.78,2.98,33.04,3.3,롯데,0.33,9.9,,,,,,,,,,,틸링 싱글 그레인 1000ml,틸링 싱글 그레인 1000ml
와일드터키101 라이 1000ml,1000,1000,,1000,20.7,2.07,,,23.92,2.39,신라,0.32,13.5,39900,5320,데일리샷,2026-06-28,3140,41.0,면세,,,와일드터키101 라이 1000ml,,와일드터키101 라이 1000ml
산토리 토키 블랙 1000ml,1000,1000,,1000,27.17,2.72,,,30.25,3.02,신라,0.31,10.2,,,,,,,,,,산토리 토키 블랙 1000ml,,산토리 토키 블랙 1000ml
엘리먼츠오브아일라 버번캐스크 700ml,700,700,,700,46.87,6.7,,,49.05,7.01,신라,0.31,4.4,127000,18143,데일리샷,2026-06-28,10163,44.0,면세,,,엘리먼츠오브아일라 버번캐스크 700ml,,엘리먼츠오브아일라 버번 캐스크 700ml
밀크앤허니 클래식 싱글몰트 700ml,700,700,,700,35.19,5.03,,,37.35,5.34,신라,0.31,5.8,84000,12000,데일리샷,2026-06-28,7630,36.4,면세,,,밀크앤허니 클래식 싱글몰트 700ml,,밀크앤허니 클래식 싱글몰트 700ml
시바스리갈 15년 1000ml,1000,,1000,1000,,,52.48,5.25,49.36,4.94,신세계,0.31,5.9,68000,9714,데일리샷,2026-06-28,7493,22.9,면세,,,,시바스리갈 15년 1000ml,시바스리갈 15년 1000ml
싱글톤 가든스 오브 어번던스 - 딥 포레스트 리치 700ml,700,700,700,700,146.3,20.9,147.84,21.12,148.4,21.2,신라,0.3,1.4,,,,,,,,신라,0.22,싱글톤 가든스 오브 어번던스 - 딥 포레스트 리치 700ml,싱글톤 가든스 오브 어번던스 - 딥 포레스트 리치 700ml,싱글톤 가든스 오브 어번던스 - 딥 포레스트 리치700ml
발렌타인 10년 1000ml,1000,1000,1000,1000,22.88,2.29,25.74,2.57,24.64,2.46,신라,0.29,11.1,31980,4569,트레이더스,2026-06-30,3474,24.0,면세,신라,0.29,발렌타인 10년 1000ml,발렌타인 10년 1L,발렌타인 10년 1000ml
롱몬 18년 700ml,700,,700,700,,,72.0,10.29,70.0,10.0,신세계,0.29,2.8,,,,,,,,,,,롱몬 18년 700mL,롱몬 18년 700ml
오켄토션 아메리칸 오크 1000ml,1000,1000,1000,1000,25.37,2.54,25.52,2.55,28.03,2.8,신라,0.27,9.5,,,,,,,,신라,0.02,오켄토션 아메리칸 오크 1000ml,오켄토션 아메리칸 오크 1000ml,오켄토션 아메리칸 오크 1000ml
더 글렌그란트 캐스크 헤이븐 1000ml,1000,1000,,1000,39.15,3.91,,,41.76,4.18,신라,0.26,6.3,,,,,,,,,,더 글렌그란트 캐스크 헤이븐 1000ml,,더 글렌그란트 캐스크 헤이븐 1000ml
미클토어 친커핀 700ml,700,700,,700,47.32,6.76,,,45.5,6.5,신세계,0.26,3.8,,,,,,,,,,미클토어 친커핀 700ml,,미클토어 친커핀 700ml
글렌피딕 벳 1 퍼페추얼 컬렉션 1000ml,1000,,1000,1000,,,39.31,3.93,36.69,3.67,신세계,0.26,6.7,,,,,,,,,,,글렌피딕 벳 1 퍼페추얼 컬렉션 1000ml,글렌피딕 벳 1 퍼페추얼 컬렉션 1000ml
우드포드 리저브 더블 오크 1000ml,1000,1000,1000,1000,42.04,4.2,44.55,4.46,44.1,4.41,신라,0.25,5.6,58000,8286,데일리샷,2026-06-30,6371,23.1,면세,신라,0.25,우드포드 리저브 더블 오크 1000ml,우드포드리저브 더블오크 1000ml,우드포드리저브 더블오크 1000ml
리젠트 버번 700ml,700,,700,700,,,33.25,4.75,35.0,5.0,롯데,0.25,5.0,,,,,,,,,,,리젠트 버번 700ml,리젠트 버번 700ml
더 글렌그란트 16년 1000ml,1000,1000,1000,1000,69.0,6.9,71.41,7.14,69.0,6.9,신라/신세계,0.24,3.4,,,,,,,,신라,0.24,더 글렌그란트 16년 1000ml,더 글렌그란트 16년 1000ml,더 글렌그란트 16년 1000ml
와일드 터키 레어브리드 1000ml,1000,1000,1000,1000,36.86,3.69,39.12,3.91,36.8,3.68,신세계,0.23,5.9,68900,9843,데일리샷,2026-06-30,5582,43.3,면세,신라,0.23,와일드 터키 레어브리드 1000ml,와일드터키 레어브리드 1000ml,와일드터키 레어브리드 1000ml
조니워커 블랙 1000ml,1000,1000,,1000,30.32,3.03,,,28.0,2.8,신세계,0.23,7.7,39000,5571,데일리샷,2026-06-28,4247,23.8,면세,,,조니워커 블랙 1000ml,,조니워커 블랙 1000ml
더 글렌그란트 12년 1000ml,1000,1000,1000,1000,36.66,3.67,35.1,3.51,37.44,3.74,롯데,0.23,6.3,57000,8143,데일리샷,2026-06-30,5324,34.6,면세,롯데,0.16,더 글렌그란트 12년 1000ml,더 글렌그란트 12년 1000ml,더 글렌그란트 12년 1000ml
글렌모렌지 14년 엘레멘타 1000ml,1000,1000,1000,1000,67.5,6.75,67.5,6.75,69.75,6.98,신라/롯데,0.23,3.2,,,,,,,,동일,0.0,글렌모렌지 14년 엘레멘타 1000ml,글렌모렌지 14년 엘레멘타 1000ml,글렌모렌지 14년 엘레멘타 1000ml
마르스 이와이 750ml,750,750,,750,37.44,4.99,,,35.75,4.77,신세계,0.23,4.5,,,,,,,,,,마르스 이와이 750ml,,마르스 이와이 750ml
글렌피딕 벳 2 퍼페추얼 컬렉션 1000ml,1000,,1000,1000,,,49.35,4.93,47.0,4.7,신세계,0.23,4.8,,,,,,,,,,,글렌피딕 벳 2 퍼페추얼 컬렉션 1000ml,글렌피딕 벳 2 퍼페추얼 컬렉션 1000ml
더 글렌그란트 오로라 1000ml,1000,1000,1000,1000,35.4,3.54,36.63,3.66,37.61,3.76,신라,0.22,5.9,,,,,,,,신라,0.12,더 글렌그란트 오로라 1000ml,더 글렌그란트 오로라 1000ml,더 글렌그란트 오로라 1000ml
글렌글라사 포트소이 700ml,700,700,,700,40.81,5.83,,,39.39,5.63,신세계,0.2,3.5,93000,13286,데일리샷,2026-06-28,8540,35.7,면세,,,글렌글라사 포트소이 700ml,,글렌글라사 포트소이 700ml
메이커스 마크 46 1000ml,1000,1000,,1000,33.73,3.37,,,35.71,3.57,신라,0.2,5.5,,,,,,,,,,메이커스 마크 46 1000ml,,메이커스 마크 46 1000ml
조니워커 레드 라벨 1000ml,1000,,1000,1000,,,13.92,1.39,15.95,1.59,롯데,0.2,12.7,21900,3129,데일리샷,2026-06-30,2108,32.6,면세,,,,조니워커 레드라벨 1L,조니워커 레드 라벨 1000ml
골드바 위스키 1000ml,1000,1000,,1000,29.9,2.99,,,27.95,2.79,신세계,0.19,6.5,,,,,,,,,,골드바 위스키 1000ml,,골드바 위스키 1000ml
쿠라 럼 캐스크 700ml,700,700,,700,75.6,10.8,,,74.25,10.61,신세계,0.19,1.8,,,,,,,,,,쿠라 럼 캐스크 700ml,,쿠라 럼 캐스크 700ml
로얄살루트 32년 500ml,500,500,500,500,312.97,62.59,313.79,62.76,312.9,62.58,신세계,0.18,0.3,650000,130000,데일리샷,2026-06-28,94928,27.0,면세,신라,0.16,로얄살루트 32년 500ml,로얄살루트 32년 500ml,로얄살루트 32년 500ml
올트모어 12년 1000ml,1000,1000,1000,,46.02,4.6,44.2,4.42,,,롯데,0.18,4.0,73500,10500,데일리샷,2026-06-28,6705,36.1,면세,롯데,0.18,올트모어 12년 1000ml,올트모어 12년 1000ml,
조니워커 18년 750ml,750,750,750,750,56.0,7.47,57.34,7.65,56.55,7.54,신라,0.18,2.3,169000,24143,데일리샷,2026-06-28,11331,53.1,면세,신라,0.18,조니워커 18년 750ml,조니워커 18년 750ml,조니워커 18년 750ml
라프로익 포오크 2023 1000ml,1000,1000,,1000,40.51,4.05,,,38.79,3.88,신세계,0.17,4.2,88000,8800,데일리샷,2026-06-28,5886,33.1,면세,,,라프로익 포오크 2023 1000ml,,라프로익 포오크 2023 1000ml
짐빔 화이트 1000ml,1000,1000,,1000,11.88,1.19,,,13.5,1.35,신라,0.16,12.0,19500,2600,데일리샷,2026-06-28,1805,30.6,면세,,,짐빔 화이트 1000ml,,짐빔 화이트 1000ml
듀어스 12년 1000ml,1000,1000,,1000,28.16,2.82,,,26.57,2.66,신세계,0.16,5.6,39000,5571,데일리샷,2026-06-30,4035,27.6,면세,,,듀어스 12년 1000ml,,듀어스 12년 1000ml
조니워커 엑스오디네어 750ml,750,750,750,750,169.25,22.57,169.77,22.64,170.3,22.71,신라,0.14,0.6,,,,,,,,신라,0.07,조니워커 엑스오디네어 750ml,조니워커 엑스오디네어 750ml,조니워커 엑스오디네어 750ml
듀어스 15년 (New Edition) 1000ml,1000,1000,,1000,33.44,3.34,,,32.0,3.2,신세계,0.14,4.3,59400,8486,트레이더스,2026-06-30,4854,42.8,면세,,,듀어스 15년 (New Edition) 1000ml,,듀어스 15년 뉴 에디션 1000ml
조니워커 블루라벨 500ml,500,500,500,500,103.36,20.67,103.68,20.74,104.0,20.8,신라,0.13,0.6,245000,32667,데일리샷,2026-06-28,31354,4.0,면세,신라,0.06,조니워커 블루라벨 500ml,조니워커 블루라벨 500ml,조니워커 블루라벨 500ml
글렌피딕 XX 700ml,700,700,,700,48.76,6.97,,,47.84,6.83,신세계,0.13,1.9,,,,,,,,,,글렌피딕 XX 700ml,,글렌피딕 XX 700ml
잭다니엘 젠틀맨 잭 1000ml,1000,1000,1000,1000,25.35,2.53,24.01,2.4,25.3,2.53,롯데,0.13,5.3,,,,,,,,롯데,0.13,잭다니엘 젠틀맨 잭 1000ml,잭다니엘 젠틀맨잭 1000ml,잭다니엘 젠틀맨 잭 1000ml
로얄살루트 21년 해리스 리드 에디션 700ml,700,700,700,700,160.33,22.9,161.21,23.03,160.3,22.9,신세계,0.13,0.6,344000,49143,데일리샷,2026-06-28,34737,29.3,면세,신라,0.13,로얄살루트 21년 해리스 리드 에디션 700ml,로얄살루트 21년 해리스 리드 에디션 700ml,로얄살루트 21년 해리스 리드 에디션 700ml
발렌타인 30년 700ml,700,,700,700,,,313.79,44.83,312.9,44.7,신세계,0.13,0.3,544000,72533,데일리샷,2026-06-28,67805,6.5,면세,,,,발렌타인 30년 700ml,발렌타인 30년 700ml
로얄살루트 21년 빈티지 블렌디드 스카치 위스키 700ml,700,700,700,,147.73,21.1,148.54,21.22,,,신라,0.12,0.5,185000,26429,데일리샷,2026-06-28,32007,-21.1,국내,신라,0.12,로얄살루트 21년 빈티지 블렌디드 스카치 위스키 700ml,로얄살루트 21년 빈티지 블렌디드 스카치 위스키 700ml,
조니워커 블루 750ml,750,750,750,750,146.64,19.55,147.09,19.61,147.55,19.67,신라,0.12,0.6,245000,32667,데일리샷,2026-06-28,29655,9.2,면세,신라,0.06,조니워커 블루 750ml,조니워커 블루 라벨 750ml,조니워커 블루라벨 750ml
조니워커 블루 1000ml,1000,1000,1000,1000,195.09,19.51,195.69,19.57,196.3,19.63,신라,0.12,0.6,245000,32667,데일리샷,2026-06-28,29595,9.4,면세,신라,0.06,조니워커 블루 1000ml,조니워커 블루 라벨 1000ml,조니워커 블루라벨 1000ml
뉴리프 싱글배럴 버번 750ml,750,750,,750,66.88,8.92,,,66.0,8.8,신세계,0.12,1.3,,,,,,,,,,뉴리프 싱글배럴 버번 750ml,,뉴리프 싱글배럴 버번 750ml
페이머스 그라우스 1000ml,1000,1000,,1000,15.0,1.5,,,13.75,1.38,신세계,0.12,8.3,24000,2400,데일리샷,2026-06-28,2093,12.8,면세,,,페이머스 그라우스 1000ml,,페이머스 그라우스 1L
패터캐른 14년 700ml,700,700,,700,38.18,5.45,,,37.35,5.34,신세계,0.12,2.2,,,,,,,,,,패터캐른 14년 700ml,,패터캐른 14년 700ml
폴 존 클래식 1000ml,1000,1000,1000,1000,39.9,3.99,40.18,4.02,38.95,3.9,신세계,0.12,3.1,,,,,,,,신라,0.03,폴 존 클래식 1000ml,폴존 클래식 1000ml,폴존 클래식 1000ml
글렌피딕 21년 700ml,700,700,,700,139.92,19.99,,,140.71,20.1,신라,0.11,0.6,289000,41286,데일리샷,2026-06-28,30323,26.6,면세,,,글렌피딕 21년 700ml,,글렌피딕 21년 700ml
메이커스 마크 1000ml,1000,1000,,1000,28.2,2.82,,,27.1,2.71,신세계,0.11,3.9,36990,4932,코스트코,2026-06-30,4111,16.7,면세,,,메이커스 마크 1000ml,,메이커스 마크 1000ml
짐빔 블랙 7년 1000ml,1000,1000,1000,1000,19.64,1.96,18.52,1.85,19.5,1.95,롯데,0.11,5.7,,,,,,,,롯데,0.11,짐빔 블랙 7년 1000ml,짐빔 블랙 7년 1000ml,짐빔 블랙 7년 1000ml
폴 존 피티드 1000ml,1000,1000,,1000,42.0,4.2,,,43.0,4.3,신라,0.1,2.3,,,,,,,,,,폴 존 피티드 1000ml,,폴존 피티드 1000ml
잭다니엘 본디드 1000ml,1000,1000,1000,1000,26.45,2.64,25.48,2.55,26.4,2.64,롯데,0.1,3.7,,,,,,,,롯데,0.1,잭다니엘 본디드 1000ml,잭다니엘 본디드 1000ml,잭다니엘 본디드 1000ml
엘리먼츠오브아일라 캐스크에디션 700ml,700,700,,700,36.26,5.18,,,35.55,5.08,신세계,0.1,2.0,,,,,,,,,,엘리먼츠오브아일라 캐스크에디션 700ml,,엘리먼츠오브아일라 캐스크 에디션 700ml
글렌글라사 샌드엔드 700ml,700,700,700,,35.91,5.13,35.28,5.04,,,롯데,0.09,1.8,79800,11400,트레이더스,2026-06-16,7645,32.9,면세,롯데,0.09,글렌글라사 샌드엔드 700ml,글렌글라사 샌드엔드 700ml,
짐빔 블랙 체커팩 1000ml,1000,1000,,1000,18.72,1.87,,,19.5,1.95,신라,0.08,4.0,,,,,,,,,,짐빔 블랙 체커팩 1000ml,,짐빔 블랙 체커팩 1000ml
시바스리갈 13년 럼 캐스크 1000ml,1000,,1000,1000,,,35.72,3.57,34.92,3.49,신세계,0.08,2.2,,,,,,,,,,,시바스리갈 13년 럼 캐스크 1000ml,시바스리갈 13년 럼 캐스크 1000ml
잭다니엘 블랙라벨 1000ml,1000,1000,,1000,18.62,1.86,,,17.9,1.79,신세계,0.07,3.9,,,,,,,,,,잭다니엘 블랙라벨 1000ml,,잭다니엘 블랙라벨 1000ml
산토리 토키 1000ml,1000,1000,1000,,25.19,2.52,24.48,2.45,,,롯데,0.07,2.8,,,,,,,,롯데,0.07,산토리 토키 1000ml,산토리 토키 1000ml,
발베니 클래식 VAP 700ml,700,700,,700,59.59,8.51,,,59.09,8.44,신세계,0.07,0.8,,,,,,,,,,발베니 클래식 VAP 700ml,,발베니 클래식 VAP 700ml
글렌글라사 12년 700ml,700,,700,700,,,31.75,4.54,32.22,4.6,롯데,0.07,1.5,79000,11286,데일리샷,2026-06-28,6887,39.0,면세,,,,글렌글라사 12년 700ml,글렌글라사 12년 700ml
더 글렌리벳 19년 700ml,700,700,700,700,91.39,13.06,91.0,13.0,91.0,13.0,롯데/신세계,0.06,0.4,339800,48543,데일리샷,2026-06-28,19720,59.4,면세,롯데,0.06,더 글렌리벳 19년 700ml,더 글렌리벳 19년 700ml,더 글렌리벳 19년 700ml
발렌타인 23년 700ml,700,,700,700,,,147.42,21.06,147.0,21.0,신세계,0.06,0.3,,,,,,,,,,,발렌타인 23년 700ml,발렌타인 23년 700ml
글렌피딕 19년 애스턴마틴 F1 700ml,700,,700,700,,,90.75,12.96,91.16,13.02,롯데,0.06,0.4,,,,,,,,,,,글렌피딕 19년 애스턴마틴 F1 700ml,글렌피딕 19년 애스턴마틴 F1 700ml
아벨라워 18년 700ml,700,,700,700,,,150.93,21.56,150.5,21.5,신세계,0.06,0.3,,,,,,,,,,,아벨라워 18년 700ml,아벨라워 18년 700ml
마츠이 미즈나라 캐스크 700ml,700,700,,700,57.0,8.14,,,57.33,8.19,신라,0.05,0.6,,,,,,,,,,마츠이 미즈나라 캐스크 700ml,,마츠이 미즈나라 캐스크 700ml
마츠이 사쿠라 캐스크 700ml,700,700,,700,57.0,8.14,,,57.33,8.19,신라,0.05,0.6,,,,,,,,,,마츠이 사쿠라 캐스크 700ml,,마츠이 사쿠라 캐스크 700ml
발렌타인 21년 700ml,700,,700,700,,,119.34,17.05,119.0,17.0,신세계,0.05,0.3,170000,24286,데일리샷,2026-06-30,25787,-6.2,국내,,,,발렌타인 21년 700ml,발렌타인 21년 700ml
잭다니엘 싱글배럴 배럴스트렝스 700ml,700,,700,700,,,80.37,11.48,80.75,11.54,롯데,0.05,0.5,,,,,,,,,,,잭다니엘 싱글배럴 배럴 스트렝스 700ml,잭다니엘 싱글배럴 배럴스트렝스 700ml
잭다니엘 허니 1000ml,1000,1000,1000,,19.95,1.99,19.53,1.95,,,롯데,0.04,2.1,57900,5790,코스트코,2026-06-30,2958,48.9,면세,롯데,0.04,잭다니엘 허니 1000ml,잭다니엘 허니 1000ml,
발렌타인 파이니스트 1000ml,1000,,1000,1000,,,14.62,1.46,15.05,1.51,롯데,0.04,2.9,26000,2600,데일리샷,2026-06-30,2215,14.8,면세,,,,발렌타인 파이니스트 1000ml,발렌타인 파이니스트 1000ml
타케츠루 퓨어 몰트 그란데 700ml,700,700,,700,87.78,12.54,,,88.0,12.57,신라,0.03,0.3,,,,,,,,,,타케츠루 퓨어 몰트 그란데 700ml,,타케츠루 퓨어 몰트 그란데 700ml
미야기쿄 싱글 몰트 그란데 700ml,700,700,,700,87.78,12.54,,,88.0,12.57,신라,0.03,0.3,,,,,,,,,,미야기쿄 싱글 몰트 그란데 700ml,,미야기쿄 싱글 몰트 그란데 700ml
듀어스 더블더블 30년 500ml,500,500,,500,177.65,35.53,,,177.48,35.5,신세계,0.03,0.1,,,,,,,,,,듀어스 더블더블 30년 500ml,,듀어스 더블더블 30년 500ml
요이치 싱글 몰트 그란데 700ml,700,700,,700,87.78,12.54,,,88.0,12.57,신라,0.03,0.3,,,,,,,,,,요이치 싱글 몰트 그란데 700ml,,요이치 싱글 몰트 그란데 700ml
뉴리프 8년 버번 750ml,750,750,,750,78.2,10.43,,,78.4,10.45,신라,0.03,0.3,,,,,,,,,,뉴리프 8년 버번 750ml,,뉴리프 8년 버번 750ml
아벨라워 아부나흐 700ml,700,700,700,700,80.5,11.5,80.73,11.53,80.5,11.5,신라/신세계,0.03,0.3,235800,33686,트레이더스,2026-05-27,17444,48.2,면세,신라,0.03,아벨라워 아부나흐 700ml,아벨라워 아부나흐 700ml,아벨라워 아부나흐 700ml
뉴리프 8년 라이 750ml,750,750,,750,78.2,10.43,,,78.4,10.45,신라,0.03,0.3,,,,,,,,,,뉴리프 8년 라이 750ml,,뉴리프 8년 라이 750ml
시바스리갈 18년 700ml,700,,700,700,,,52.8,7.54,52.98,7.57,롯데,0.03,0.3,99000,13200,데일리샷,2026-06-28,11437,13.4,면세,,,,시바스리갈 18년 700ml,시바스리갈 18년 700ml
캐나디언 클럽 12년 1000ml,1000,1000,,1000,23.66,2.37,,,23.5,2.35,신세계,0.02,0.7,,,,,,,,,,캐나디언 클럽 12년 1000ml,,캐나디언 클럽 12년 1000ml
짐빔 블랙 1000ml,1000,1000,,1000,19.64,1.96,,,19.5,1.95,신세계,0.01,0.7,38900,5557,데일리샷,2026-06-28,2958,46.8,면세,,,짐빔 블랙 1000ml,,짐빔 블랙 1000ml
시바스리갈 13년 셰리 캐스크 1000ml,1000,,1000,1000,,,34.8,3.48,34.92,3.49,롯데,0.01,0.3,,,,,,,,,,,시바스리갈 13년 셰리 캐스크 1000ml,시바스리갈 13년 셰리 캐스크 1000ml
카발란 비노바리끄 솔리스트 1000ml,1000,1000,1000,1000,138.0,13.8,138.0,13.8,138.0,13.8,신라/롯데/신세계,0.0,0.0,,,,,,,,동일,0.0,카발란 비노바리끄 솔리스트 1000ml,카발란 비노 바리끄 솔리스트 1000ml,카발란 비노바리끄 솔리스트 1000ml
로얄살루트 21년 700ml,700,700,,700,123.23,17.6,,,123.2,17.6,신세계,0.0,0.0,179800,25686,트레이더스,2026-06-30,26697,-3.9,국내,,,로얄살루트 21년 700ml,,로얄살루트 21년 700ml
브룩라디 블랙아트 사페로 700ml,700,700,700,700,238.0,34.0,238.0,34.0,238.0,34.0,신라/롯데/신세계,0.0,0.0,,,,,,,,동일,0.0,브룩라디 블랙아트 사페로 700ml,브룩라디 블랙아트 사페로 700ml,브룩라디 블랙아트 사페로 700ml
로얄살루트 21년 1000ml,1000,1000,,1000,175.74,17.57,,,175.7,17.57,신세계,0.0,0.0,179800,25686,트레이더스,2026-06-30,26652,-3.8,국내,,,로얄살루트 21년 1000ml,,로얄살루트 21년 1000ml
카발란 피노 솔리스트 1000ml,1000,1000,,1000,304.0,30.4,,,304.0,30.4,신라/신세계,0.0,0.0,,,,,,,,,,카발란 피노 솔리스트 1000ml,,카발란 피노 솔리스트 1000ml
카발란 클래식 1000ml,1000,1000,1000,1000,65.4,6.54,65.4,6.54,65.4,6.54,신라/롯데/신세계,0.0,0.0,,,,,,,,동일,0.0,카발란 클래식 1000ml,카발란 클래식 1000ml,카발란 클래식 1000ml
로얄 브라클라 25년 700ml,700,700,,700,540.0,77.14,,,540.0,77.14,신라/신세계,0.0,0.0,,,,,,,,,,로얄 브라클라 25년 700ml,,로얄브라클라 25년 700ml
발렌타인 21년 아티스트 에디션 5 700ml,700,700,,700,116.93,16.7,,,116.9,16.7,신세계,0.0,0.0,184000,26286,데일리샷,2026-06-28,25332,3.6,면세,,,발렌타인 21년 아티스트 에디션 5 700ml,,발렌타인 21년 아티스트 에디션 5 700ml
카발란 마스터 셀렉트 넘버 1 1000ml,1000,1000,,1000,81.0,8.1,,,81.0,8.1,신라/신세계,0.0,0.0,,,,,,,,,,카발란 마스터 셀렉트 넘버 1 1000ml,,카발란 마스터 셀렉트 넘버 1 1000ml
NEW 올트모어 25년 (1st Fill 올로로소 쉐리) 500ml,500,500,,500,231.47,46.29,,,231.47,46.29,신라,0.0,0.0,649000,92714,데일리샷,2026-06-28,70217,24.3,면세,,,NEW 올트모어 25년 (1st Fill 올로로소 쉐리) 500ml,,NEW 올트모어 25년 (1st fill 올로로소 쉐리) 500ml
아드벡 코리브레칸 700ml,700,700,700,700,83.25,11.89,83.25,11.89,83.25,11.89,신라/롯데/신세계,0.0,0.0,,,,,,,,동일,0.0,아드벡 코리브레칸 700ml,아드벡 코리브레칸 700ml,아드벡 코리브레칸 700ml
히비키 마스터즈 셀렉트 스페셜 에디션 700ml,700,700,700,700,238.0,34.0,238.0,34.0,238.0,34.0,신라/롯데/신세계,0.0,0.0,,,,,,,,동일,0.0,히비키 마스터즈 셀렉트 스페셜 에디션 700ml,히비키 마스터즈 셀렉트 스페셜 에디션 700ml,히비키 마스터즈 셀렉트 스페셜 에디션 700ml
산토리 야마자키 코게이 700ml,700,700,,700,230.0,32.86,,,230.0,32.86,신라/신세계,0.0,0.0,,,,,,,,,,산토리 야마자키 코게이 700ml,,산토리 야마자키 코게이 700ml
발렌타인 21년 500ml,500,500,,500,84.72,16.94,,,84.7,16.94,신세계,0.0,0.0,170000,24286,데일리샷,2026-06-30,25696,-5.8,국내,,,발렌타인 21년 500ml,,발렌타인 21년 500ml
달모어 12년 1000ml,1000,1000,,1000,111.15,11.12,,,111.15,11.12,신라/신세계,0.0,0.0,99000,14143,데일리샷,2026-06-30,16868,-19.3,국내,,,달모어 12년 1000ml,,달모어 12년 1000ml
카발란 콘서트마스터 1000ml,1000,1000,1000,1000,52.8,5.28,52.8,5.28,52.8,5.28,신라/롯데/신세계,0.0,0.0,,,,,,,,동일,0.0,카발란 콘서트마스터 1000ml,카발란 콘서트마스터 1000ml,카발란 콘서트마스터 1000ml
브룩라디 옥토모어 14.1 700ml,700,700,,700,163.0,23.29,,,163.0,23.29,신라/신세계,0.0,0.0,,,,,,,,,,브룩라디 옥토모어 14.1 700ml,,브룩라디 옥토모어14.1 700ml
카발란 마스터 셀렉트 넘버 2 1000ml,1000,1000,,1000,81.0,8.1,,,81.0,8.1,신라/신세계,0.0,0.0,,,,,,,,,,카발란 마스터 셀렉트 넘버 2 1000ml,,카발란 마스터 셀렉트 넘버 2 1000ml
NEW 올트모어 12년 (올로로소 쉐리) 500ml,500,500,,500,27.17,5.43,,,27.17,5.43,신라/신세계,0.0,0.0,73500,10500,데일리샷,2026-06-28,8237,21.6,면세,,,NEW 올트모어 12년 (올로로소 쉐리) 500ml,,NEW 올트모어 12년 (올로로소 쉐리) 500ml
뉴리프 바틀인본드 버번 750ml,750,750,,750,51.03,6.8,,,51.0,6.8,신세계,0.0,0.1,,,,,,,,,,뉴리프 바틀인본드 버번 750ml,,뉴리프 바틀인본드 버번 750ml
글렌데브론 20년 1000ml,1000,1000,,1000,63.5,6.35,,,63.5,6.35,신라/신세계,0.0,0.0,,,,,,,,,,글렌데브론 20년 1000ml,,글렌데브론 20년 1000ml
글렌모렌지 12년 어코드 1000ml,1000,1000,,1000,57.75,5.78,,,57.75,5.78,신라/신세계,0.0,0.0,66000,9429,데일리샷,2026-06-30,8768,7.0,면세,,,글렌모렌지 12년 어코드 1000ml,,글렌모렌지 12년 어코드 1000ml
부쉬밀 오리지널 아이리쉬 위스키 1000ml,1000,1000,1000,,13.5,1.35,13.5,1.35,,,신라/롯데,0.0,0.0,,,,,,,,동일,0.0,부쉬밀 오리지널 아이리쉬 위스키 1000ml,부쉬밀 오리지널 아이리쉬 위스키 1000ml,
로얄브라클라 24년 익셉셔널 캐스크 CS (올로로소) 700ml,700,700,,700,629.3,89.9,,,629.3,89.9,신라/신세계,0.0,0.0,,,,,,,,,,로얄브라클라 24년 익셉셔널 캐스크 CS (올로로소) 700ml,,로얄브라클라 24년 익셉셔널 캐스크 CS (올로로소) 700ml
NEW 올트모어 21년 (깔바도스) 500ml,500,500,,500,103.98,20.8,,,103.98,20.8,신라,0.0,0.0,242000,34571,데일리샷,2026-06-28,31552,8.7,면세,,,NEW 올트모어 21년 (깔바도스) 500ml,,NEW 올트모어 21년 (깔바도스) 500ml
달모어 40년 2024년 에디션 700ml,700,700,700,700,14440.0,2062.86,14440.0,2062.86,14440.0,2062.86,신라/롯데/신세계,0.0,0.0,,,,,,,,동일,0.0,달모어 40년 2024년 에디션 700ml,달모어 40년 700ml,달모어 40년 2024년 에디션 700ml
달모어 45년 700ml,700,700,700,700,23512.5,3358.93,23512.5,3358.93,23512.5,3358.93,신라/롯데/신세계,0.0,0.0,40000000,5714286,데일리샷,2026-06-28,5095161,10.8,면세,동일,0.0,달모어 45년 700ml,달모어 45년 700ml,달모어 45년 2024년 에디션 700ml
달모어 컨스텔레이션 1991 캐스크 27 700ml,700,700,,700,5633.5,804.79,,,5633.5,804.79,신라/신세계,0.0,0.0,,,,,,,,,,달모어 컨스텔레이션 1991 캐스크 27 700ml,,달모어 컨스텔레이션 1991 캐스크 27 700ml
달모어 20년 700ml,700,700,700,700,641.25,91.61,641.25,91.61,641.25,91.61,신라/롯데/신세계,0.0,0.0,789000,112714,데일리샷,2026-06-28,138963,-23.3,국내,동일,0.0,달모어 20년 700ml,달모어 20년 700ml,달모어 20년 700ml
달모어 28년 700ml,700,700,700,700,4322.5,617.5,4322.5,617.5,4322.5,617.5,신라/롯데/신세계,0.0,0.0,,,,,,,,동일,0.0,달모어 28년 700ml,달모어 28년 700ml,달모어 28년 700ml
달모어 루미너리 No.2 700ml,700,700,,700,332.5,47.5,,,332.5,47.5,신라/신세계,0.0,0.0,,,,,,,,,,달모어 루미너리 No.2 700ml,,달모어 루미나리 No.2 700ml
글렌모렌지 오리지널 1000ml,1000,1000,1000,1000,39.0,3.9,39.0,3.9,39.0,3.9,신라/롯데/신세계,0.0,0.0,,,,,,,,동일,0.0,글렌모렌지 오리지널 1000ml,글렌모렌지 오리지널 1000ml,글렌모렌지 오리지널 1000ml
달모어 18년 2024년 에디션 700ml,700,700,,700,332.5,47.5,,,332.5,47.5,신라/신세계,0.0,0.0,499000,71286,데일리샷,2026-06-28,72053,-1.1,국내,,,달모어 18년 2024년 에디션 700ml,,달모어 18년 2024년 에디션 700ml
달모어 콰르텟 1000ml,1000,1000,,1000,127.3,12.73,,,127.3,12.73,신라/신세계,0.0,0.0,,,,,,,,,,달모어 콰르텟 1000ml,,달모어 콰르텟 1000ml
니카 테일러드 700ml,700,700,,700,81.0,11.57,,,81.0,11.57,신라/신세계,0.0,0.0,,,,,,,,,,니카 테일러드 700ml,,니카 테일러드 700ml
달모어 2008 빈티지 700ml,700,700,,700,213.75,30.54,,,213.75,30.54,신라/신세계,0.0,0.0,,,,,,,,,,달모어 2008 빈티지 700ml,,달모어 2008 빈티지 700ml
달모어 40년 700ML,700,700,,700,14440.0,2062.86,,,14440.0,2062.86,신라/신세계,0.0,0.0,31500000,4500000,데일리샷,2026-06-28,3129152,30.5,면세,,,달모어 40년 700ML,,달모어 40년 700ml
달모어 트리오 1000ml,1000,1000,,1000,99.75,9.98,,,99.75,9.98,신라/신세계,0.0,0.0,205000,20500,데일리샷,2026-06-28,15139,26.2,면세,,,달모어 트리오 1000ml,,달모어 트리오 1000ml
달모어 시가 몰트 1000ml,1000,1000,,1000,173.85,17.39,,,173.85,17.39,신라/신세계,0.0,0.0,205000,29286,데일리샷,2026-06-28,26379,9.9,면세,,,달모어 시가 몰트 1000ml,,달모어 시가몰트 1000ml
달모어 15년 1000ml,1000,1000,1000,1000,174.8,17.48,174.8,17.48,174.8,17.48,신라/롯데/신세계,0.0,0.0,229000,32714,데일리샷,2026-06-28,26515,18.9,면세,동일,0.0,달모어 15년 1000ml,달모어 15년 1L,달모어 15년 1000ml
브룩라디 옥토모어 16.1 700ml,700,,700,700,,,167.0,23.86,167.0,23.86,롯데/신세계,0.0,0.0,,,,,,,,,,,브룩라디 옥토모어 16.1 700ML,브룩라디 옥토모어 16.1 700ml
발베니 21 포트우드 700ml,700,,700,700,,,288.0,41.14,288.0,41.14,롯데/신세계,0.0,0.0,,,,,,,,,,,발베니 21 포트우드 700ml,발베니 21 포트우드 700ml
브룩라디 옥토모어 15.2 700ml,700,,700,700,,,190.0,27.14,190.0,27.14,롯데/신세계,0.0,0.0,,,,,,,,,,,브룩라디 옥토모어 15.2 700ML,브룩라디 옥토모어 15.2 700ml
브룩라디 옥토모어 14.3 700ml,700,,700,700,,,230.0,32.86,230.0,32.86,롯데/신세계,0.0,0.0,,,,,,,,,,,브룩라디 옥토모어 14.3 700ML,브룩라디 옥토모어 14.3 700ml
브룩라디 옥토모어 16.3 700ml,700,,700,700,,,230.0,32.86,230.0,32.86,롯데/신세계,0.0,0.0,,,,,,,,,,,브룩라디 옥토모어 16.3 700ml,브룩라디 옥토모어 16.3 700ml
[면세한정] 달모어 19년 PX 쉐리캐스크 700ml,700,,700,700,,,332.5,47.5,332.5,47.5,롯데/신세계,0.0,0.0,,,,,,,,,,,[면세한정] 달모어 19년 PX 쉐리캐스크 700ml,[면세한정] 달모어 19년 PX 쉐리캐스크 700ml
[면세한정]달모어 16년 PX 쉐리캐스크 700ml,700,,700,700,,,156.75,22.39,156.75,22.39,롯데/신세계,0.0,0.0,,,,,,,,,,,[면세한정] 달모어 16년 PX 쉐리캐스크 700ml,[면세한정]달모어 16년 PX 쉐리캐스크 700ml
달모어 포트폴리오 시리즈2 2007 700ml,700,,700,700,,,883.5,126.21,883.5,126.21,롯데/신세계,0.0,0.0,,,,,,,,,,,달모어 포트폴리오 시리즈2 2007 700ml,달모어 포트폴리오 시리즈2 2007 700ml
달모어 킹 알렉산더 3세 TRX 700ml,700,,700,700,,,297.35,42.48,297.35,42.48,롯데/신세계,0.0,0.0,369000,52714,데일리샷,2026-06-28,64438,-22.2,국내,,,,달모어 킹알렉산더 3세 TRX 700ml,달모어 킹 알렉산더 3세 TRX 700ml
밀크앤허니 에이펙스 알바 캐스크 700ml,700,,700,700,,,88.2,12.6,88.2,12.6,롯데/신세계,0.0,0.0,,,,,,,,,,,밀크앤허니 에이펙스 알바 캐스크 700ml,밀크앤허니 에이펙스 알바 캐스크 700ml
달모어 포트폴리오 시리즈1 2015 700ml,700,,700,700,,,593.75,84.82,593.75,84.82,롯데/신세계,0.0,0.0,,,,,,,,,,,달모어 포트폴리오 시리즈1 2015 700ml,달모어 포트폴리오 시리즈1 2015 700ml
달모어 포트폴리오 시리즈3 2004 700ml,700,,700,700,,,1187.5,169.64,1187.5,169.64,롯데/신세계,0.0,0.0,,,,,,,,,,,달모어 포트폴리오 시리즈3 2004 700ml,달모어 포트폴리오 시리즈3 2004 700ml
웰러 18년 700ml,700,,700,700,,,750.0,107.14,750.0,107.14,롯데/신세계,0.0,0.0,,,,,,,,,,,웰러 18년 700ml,웰러 18년 700ml
[면세한정] 달모어 13년 PX 쉐리캐스크 700ml,700,,700,700,,,76.0,10.86,76.0,10.86,롯데/신세계,0.0,0.0,,,,,,,,,,,[면세한정] 달모어 13년 PX 쉐리캐스크 700ml,[면세한정] 달모어 13년 PX 쉐리캐스크 700ml
