위스키명,브랜드,할인가_USD,정상가_USD,할인율_%,누적판매,리뷰수,평점,재고,구매가능,소분류,상품코드,SKU,상품URL
발렌타인 30년 RESTAGE 700ml,발렌타인,424.65,447.0,5.0,4970,48,9.29166667,6,Y,1211:블렌디드 위스키,5086095,046131000048,https://www.shilladfs.com/estore/kr/ko/p/5086095
카발란 비노바리끄 솔리스트 1000ml,카발란,184.0,230.0,20.0,10088,49,9.67346939,6,Y,1220:싱글몰트 위스키,5101582,249031000005,https://www.shilladfs.com/estore/kr/ko/p/5101582
조니워커 블루 750ml,조니워커,215.65,227.0,5.0,7130,35,10.0,6,Y,1211:블렌디드 위스키,287148,046331000002,https://www.shilladfs.com/estore/kr/ko/p/287148
옥토모어 16.3 700ml,브룩라디,230.0,230.0,0.0,274,0,0.0,5,Y,1220:싱글몰트 위스키,5934209,085131000117,https://www.shilladfs.com/estore/kr/ko/p/5934209
옥토모어 14.3 700ml,브룩라디,230.0,230.0,0.0,472,0,0.0,6,Y,1220:싱글몰트 위스키,5900471,085131000113,https://www.shilladfs.com/estore/kr/ko/p/5900471
옥토모어 16.2 700ml,브룩라디,190.0,190.0,0.0,127,0,0.0,6,Y,1220:싱글몰트 위스키,5934208,085131000116,https://www.shilladfs.com/estore/kr/ko/p/5934208
발베니  Balvenie 40 Rare Marriages 700ml,발베니,5442.12,10078.0,46.0,137,0,0.0,2,Y,1220:싱글몰트 위스키,5108433,112231000028,https://www.shilladfs.com/estore/kr/ko/p/5108433
조니워커 블루 1000ml,조니워커,286.9,302.0,5.0,1831,8,8.75,6,Y,1211:블렌디드 위스키,287145,046331000001,https://www.shilladfs.com/estore/kr/ko/p/287145
로얄살루트 32년,로얄살루트,424.65,447.0,5.0,670,0,0.0,6,Y,1211:블렌디드 위스키,5546709,110231000041,https://www.shilladfs.com/estore/kr/ko/p/5546709
카발란 이엑스버번 솔리스트 1000ml,카발란,123.2,154.0,20.0,2635,13,10.0,6,Y,1220:싱글몰트 위스키,5101822,249031000003,https://www.shilladfs.com/estore/kr/ko/p/5101822
발베니 Balvenie 18년 Sherry Cask 700ml,발베니,155.12,277.0,44.0,5162,35,9.65714286,6,Y,1220:싱글몰트 위스키,5108210,112231000026,https://www.shilladfs.com/estore/kr/ko/p/5108210
글렌피딕 22년 그랑 코르테스 700ml,글렌피딕,182.9,310.0,41.0,2910,17,9.76470588,6,Y,1220:싱글몰트 위스키,5479260,082331000053,https://www.shilladfs.com/estore/kr/ko/p/5479260
로얄살루트 21년 700ml,로얄살루트,167.2,176.0,5.0,4522,31,9.48387097,6,Y,1211:블렌디드 위스키,5081230,110231000020,https://www.shilladfs.com/estore/kr/ko/p/5081230
발베니 Balvenie 15년 Madeira Cask 700ml,발베니,91.84,164.0,44.0,4023,15,9.86666667,6,Y,1220:싱글몰트 위스키,5108416,112231000025,https://www.shilladfs.com/estore/kr/ko/p/5108416
메이커스마크 셀러에이지드 2025 700ml,메이커스마크,160.0,160.0,0.0,387,0,0.0,6,Y,1211:블렌디드 위스키,5796325,109831000036,https://www.shilladfs.com/estore/kr/ko/p/5796325
발렌타인 40년 700ml,발렌타인,9236.5,13195.0,30.0,5,0,0.0,0,N,1211:블렌디드 위스키,5070260,046131000023,https://www.shilladfs.com/estore/kr/ko/p/5070260
옥토모어 16.1 700ml,브룩라디,167.0,167.0,0.0,348,0,0.0,6,Y,1220:싱글몰트 위스키,5900472,085131000115,https://www.shilladfs.com/estore/kr/ko/p/5900472
카발란 포트 솔리스트 1000ml,카발란,174.4,218.0,20.0,3368,10,10.0,6,Y,1220:싱글몰트 위스키,5101642,249031000006,https://www.shilladfs.com/estore/kr/ko/p/5101642
시그나토리 로얄브라클라 2008 캐스크 스트렝스 16년 #2 700ml,시그나토리 빈티지,175.75,185.0,5.0,264,1,10.0,6,Y,1220:싱글몰트 위스키,5895330,288631000009,https://www.shilladfs.com/estore/kr/ko/p/5895330
조니워커 블루라벨 200ml,조니워커,60.8,64.0,5.0,323,0,0.0,6,Y,1211:블렌디드 위스키,5855845,046331000089,https://www.shilladfs.com/estore/kr/ko/p/5855845
글렌알라키 15년 (24RB) 700ml,글렌알라키,143.65,169.0,15.0,2078,6,9.66666667,0,N,1220:싱글몰트 위스키,5463432,265631000010,https://www.shilladfs.com/estore/kr/ko/p/5463432
글렌피딕 18년 Vat4 Perpetual 700ml,글렌피딕,79.75,145.0,45.0,3641,12,9.16666667,6,Y,1220:싱글몰트 위스키,5105341,082331000042,https://www.shilladfs.com/estore/kr/ko/p/5105341
로얄살루트 25년 700ml,로얄살루트,250.8,264.0,5.0,596,2,10.0,6,Y,1211:블렌디드 위스키,4599460,110231000024,https://www.shilladfs.com/estore/kr/ko/p/4599460
발베니 12년 Golden Cask 700ml ,발베니,45.6,80.0,43.0,4068,10,10.0,6,Y,1220:싱글몰트 위스키,5516907,112231000040,https://www.shilladfs.com/estore/kr/ko/p/5516907
로얄브라클라 21년 700ml,로얄브라클라,330.6,348.0,5.0,1770,9,9.55555556,6,Y,1220:싱글몰트 위스키,5472422,113531000065,https://www.shilladfs.com/estore/kr/ko/p/5472422
조니워커 블루라벨 500ml,조니워커,152.0,160.0,5.0,261,1,10.0,6,Y,1211:블렌디드 위스키,5878261,046331000092,https://www.shilladfs.com/estore/kr/ko/p/5878261
발렌타인 21년 RESTAGE 700ml,발렌타인,161.5,170.0,5.0,2808,21,9.9047619,6,Y,1211:블렌디드 위스키,5068647,046131000043,https://www.shilladfs.com/estore/kr/ko/p/5068647
카발란 피노 솔리스트 1000ml,카발란,304.0,380.0,20.0,3162,11,9.81818182,6,Y,1220:싱글몰트 위스키,5101823,249031000008,https://www.shilladfs.com/estore/kr/ko/p/5101823
글렌드로낙 29년 1993 캐스크 에디션 #7103 700ml,글렌드로낙,700.0,1000.0,30.0,247,0,0.0,0,N,1220:싱글몰트 위스키,5803661,114931000052,https://www.shilladfs.com/estore/kr/ko/p/5803661
글렌알라키 2007 17년 올로로소 쉐리 펀천 싱글캐스크#2777 700ml,글렌알라키,318.25,335.0,5.0,404,2,10.0,6,Y,1220:싱글몰트 위스키,5818667,265631000019,https://www.shilladfs.com/estore/kr/ko/p/5818667
옥토모어 14.2 700ml,브룩라디,190.0,190.0,0.0,184,1,10.0,6,Y,1220:싱글몰트 위스키,5900470,085131000112,https://www.shilladfs.com/estore/kr/ko/p/5900470
글렌피딕 23년 Grand Cru 700ml,글렌피딕,194.15,353.0,45.0,1679,9,9.77777778,6,Y,1220:싱글몰트 위스키,4554223,082331000035,https://www.shilladfs.com/estore/kr/ko/p/4554223
발베니 25년 Rare Marrige 700ml ,발베니,578.84,998.0,42.0,429,4,10.0,6,Y,1220:싱글몰트 위스키,5188632,112231000031,https://www.shilladfs.com/estore/kr/ko/p/5188632
더 글렌그란트 18년 700ml,더 글렌그란트,127.8,142.0,10.0,473,0,0.0,6,Y,1220:싱글몰트 위스키,5817221,257131000011,https://www.shilladfs.com/estore/kr/ko/p/5817221
카발란 올로로소 쉐리 오크 1000ml,카발란,137.6,172.0,20.0,2027,3,10.0,6,Y,1220:싱글몰트 위스키,5101584,249031000011,https://www.shilladfs.com/estore/kr/ko/p/5101584
카발란 모스카텔 쉐리 솔리스트 750ml,카발란,272.0,320.0,15.0,2551,5,10.0,0,N,1220:싱글몰트 위스키,5101583,249031000007,https://www.shilladfs.com/estore/kr/ko/p/5101583
보모어 30년 700ml,보모어,1495.2,3115.0,52.0,48,0,0.0,2,Y,1220:싱글몰트 위스키,5298204,114231000046,https://www.shilladfs.com/estore/kr/ko/p/5298204
달모어 28년 700ml,달모어,4322.5,4550.0,5.0,28,0,0.0,6,Y,1220:싱글몰트 위스키,5464818,114431000093,https://www.shilladfs.com/estore/kr/ko/p/5464818
로얄살루트 21년 1000ml,로얄살루트,238.45,251.0,5.0,900,3,10.0,6,Y,1211:블렌디드 위스키,5170470,110231000019,https://www.shilladfs.com/estore/kr/ko/p/5170470
발렌타인 17년 RESTAGE 700ml,발렌타인,89.3,94.0,5.0,1504,16,9.75,6,Y,1211:블렌디드 위스키,5068792,046131000042,https://www.shilladfs.com/estore/kr/ko/p/5068792
조니워커 엑스오디네어 750ml,조니워커,248.9,262.0,5.0,480,2,10.0,6,Y,1211:블렌디드 위스키,5479001,046331000084,https://www.shilladfs.com/estore/kr/ko/p/5479001
듀어스 더블더블 30년 500ml,듀어스,323.0,340.0,5.0,370,4,10.0,6,Y,1211:블렌디드 위스키,5547656,113531000073,https://www.shilladfs.com/estore/kr/ko/p/5547656
발베니 Balvenie 19년 Week of Peat 700ml,발베니,173.25,315.0,45.0,1170,8,10.0,6,Y,1220:싱글몰트 위스키,5108417,112231000027,https://www.shilladfs.com/estore/kr/ko/p/5108417
글렌알라키 싱글캐스크 19Y 쉐리 벗 #901028 700ml,글렌알라키,437.0,460.0,5.0,365,1,8.0,6,Y,1220:싱글몰트 위스키,5818666,265631000020,https://www.shilladfs.com/estore/kr/ko/p/5818666
듀어스 DEWARS 18년 1000ml,듀어스,100.7,106.0,5.0,1126,7,9.42857143,6,Y,1211:블렌디드 위스키,5268156,113531000057,https://www.shilladfs.com/estore/kr/ko/p/5268156
조니워커 아일랜드 그린 1000ml,조니워커,77.4,86.0,10.0,921,6,10.0,6,Y,1211:블렌디드 위스키,5069964,046331000040,https://www.shilladfs.com/estore/kr/ko/p/5069964
조니워커 킹조지 5세 500ml,조니워커,418.0,440.0,5.0,186,0,0.0,6,Y,1211:블렌디드 위스키,3334610,046331000025,https://www.shilladfs.com/estore/kr/ko/p/3334610
패터캐른 23년 700ml,패터캐른,269.1,299.0,10.0,176,2,8.0,2,Y,1220:싱글몰트 위스키,5219288,114431000087,https://www.shilladfs.com/estore/kr/ko/p/5219288
GLENGOINE 15yo PX Edition 700ml,글렌고인,114.0,120.0,5.0,167,1,10.0,6,Y,1220:싱글몰트 위스키,5865405,294531000002,https://www.shilladfs.com/estore/kr/ko/p/5865405
글렌피딕 21년 700ml,글렌피딕,145.2,264.0,45.0,1691,6,10.0,6,Y,1220:Single Malt Whisky,275686,082331000013,https://www.shilladfs.com/estore/kr/ko/p/275686
글렌피딕 15년 Vat3 Perpetual 700ml,글렌피딕,51.48,99.0,48.0,1683,6,9.33333333,6,Y,1220:싱글몰트 위스키,5105342,082331000041,https://www.shilladfs.com/estore/kr/ko/p/5105342
벤로막 12년 캐스크스트렝스 700ml,와인나라,96.9,102.0,5.0,285,0,0.0,6,Y,1220:싱글몰트 위스키,5910120,274231000028,https://www.shilladfs.com/estore/kr/ko/p/5910120
Balblair 21 Years Old 700ml,발블레어,342.0,380.0,10.0,35,0,0.0,0,N,1220:싱글몰트 위스키,5865412,265731000008,https://www.shilladfs.com/estore/kr/ko/p/5865412
에드라두어 2001 CS 21년 700ml,에드라두어,567.0,630.0,10.0,51,0,0.0,6,Y,1220:싱글몰트 위스키,5936484,288631000011,https://www.shilladfs.com/estore/kr/ko/p/5936484
벤리악 트리플 디스틸드 25년 700ml,벤리악,361.0,380.0,5.0,802,2,10.0,6,Y,1220:싱글몰트 위스키,5429235,114931000057,https://www.shilladfs.com/estore/kr/ko/p/5429235
글렌피딕 30년 Time Series 700ml ,글렌피딕,780.0,1500.0,48.0,190,1,10.0,6,Y,1220:싱글몰트 위스키,5188729,082331000048,https://www.shilladfs.com/estore/kr/ko/p/5188729
보모어 타임리스 33년 700ml,보모어,1484.0,2800.0,47.0,93,0,0.0,3,Y,1220:싱글몰트 위스키,5265734,114231000041,https://www.shilladfs.com/estore/kr/ko/p/5265734
로얄브라클라 12년 1000ml,로얄브라클라,92.15,97.0,5.0,1976,9,10.0,6,Y,1220:싱글몰트 위스키,5472423,113531000076,https://www.shilladfs.com/estore/kr/ko/p/5472423
글렌알라키 35년 700mL,글렌알라키,1363.0,2900.0,53.0,65,0,0.0,0,N,1220:싱글몰트 위스키,5744680,265631000018,https://www.shilladfs.com/estore/kr/ko/p/5744680
카발란 만자니아 솔리스트 750ml,카발란,272.0,320.0,15.0,2060,3,9.33333333,0,N,1220:싱글몰트 위스키,5101824,249031000009,https://www.shilladfs.com/estore/kr/ko/p/5101824
발렌타인 18년 GLENBURGIE 700ml,발렌타인,69.43,131.0,47.0,315,1,10.0,6,Y,1220:싱글몰트 위스키,5524471,046131000057,https://www.shilladfs.com/estore/kr/ko/p/5524471
우드포드 리저브 더블 오크 1000ml,우드포드 리저브,71.25,75.0,5.0,1634,8,9.75,6,Y,1211:블렌디드 위스키,5088299,114931000024,https://www.shilladfs.com/estore/kr/ko/p/5088299
와일드 터키 레어브리드 1000ml,와일드터키,56.7,63.0,10.0,1335,4,10.0,6,Y,1211:블렌디드 위스키,5331751,257231000004,https://www.shilladfs.com/estore/kr/ko/p/5331751
조니워커 XR 21년 750ml,조니워커,133.0,140.0,5.0,164,0,0.0,6,Y,1211:Blended Whisky,287166,046331000024,https://www.shilladfs.com/estore/kr/ko/p/287166
브룩라디 블랙아트 사페로 700ml,브룩라디,238.0,238.0,0.0,168,0,0.0,6,Y,1220:싱글몰트 위스키,5884136,085131000114,https://www.shilladfs.com/estore/kr/ko/p/5884136
산토리 Chita 700ml,산토리,32.12,73.0,56.0,489,3,9.33333333,6,Y,1211:블렌디드 위스키,3740701,114131000009,https://www.shilladfs.com/estore/kr/ko/p/3740701
주라 28년 700ml,주라,581.4,612.0,5.0,93,0,0.0,0,N,1220:싱글몰트 위스키,5166849,114431000046,https://www.shilladfs.com/estore/kr/ko/p/5166849
라프로익 PX Cask 1000ml,라프로익,114.0,120.0,5.0,1240,2,10.0,6,Y,1220:싱글몰트 위스키,3333183,114131000003,https://www.shilladfs.com/estore/kr/ko/p/3333183
발렌타인 23년 AMERICAN OAK CASKS 700ml,발렌타인,224.2,236.0,5.0,670,3,10.0,6,Y,1211:블렌디드 위스키,4486823,046131000041,https://www.shilladfs.com/estore/kr/ko/p/4486823
글렌파클라스 30년 700ml,글렌파클라스,577.2,888.0,35.0,134,1,10.0,0,N,1220:싱글몰트 위스키,5345871,265931000009,https://www.shilladfs.com/estore/kr/ko/p/5345871
벤로막 21년 700ml,와인나라,222.3,234.0,5.0,431,2,9.0,6,Y,1220:싱글몰트 위스키,5828356,274231000027,https://www.shilladfs.com/estore/kr/ko/p/5828356
조니워커 블랙 1000ml,조니워커,53.2,56.0,5.0,936,8,10.0,6,Y,1211:블렌디드 위스키,26127,046331000006,https://www.shilladfs.com/estore/kr/ko/p/26127
글렌알라키 18Y(24RB) 700mL,글렌알라키,257.45,271.0,5.0,275,0,0.0,0,N,1220:싱글몰트 위스키,5691284,265631000015,https://www.shilladfs.com/estore/kr/ko/p/5691284
카발란 미니어처 기프트 세트 50ml*4,카발란,46.5,62.0,25.0,109,0,0.0,6,Y,1220:싱글몰트 위스키,5943035,249031000059,https://www.shilladfs.com/estore/kr/ko/p/5943035
시그나토리 글렌그란트 2000 캐스크 스트렝스 25년 #6 700ml,시그나토리 빈티지,503.5,530.0,5.0,190,3,10.0,0,N,1220:싱글몰트 위스키,5788001,288631000002,https://www.shilladfs.com/estore/kr/ko/p/5788001
로얄살루트 21년 루나 뉴이어 2026 700ml,로얄살루트,167.2,176.0,5.0,328,2,10.0,6,Y,1211:블렌디드 위스키,5848847,110231000044,https://www.shilladfs.com/estore/kr/ko/p/5848847
에버펠디 21년 마데이라 캐스크 700ml,에버펠디,235.6,248.0,5.0,272,1,10.0,6,Y,1220:싱글몰트 위스키,5316366,113531000030,https://www.shilladfs.com/estore/kr/ko/p/5316366
더 패밀리 캐스크스 2008_S24 700ml,글렌파클라스,246.76,398.0,38.0,97,0,0.0,6,Y,1220:싱글몰트 위스키,5548854,265931000011,https://www.shilladfs.com/estore/kr/ko/p/5548854
시그나토리 글렌리벳 2006 캐스크 스트렝스 18년 700ml,시그나토리 빈티지,228.95,241.0,5.0,426,17,9.88235294,0,N,1220:싱글몰트 위스키,5713581,288631000001,https://www.shilladfs.com/estore/kr/ko/p/5713581
더 글렌그란트 15년 1000ml,더 글렌그란트,61.44,128.0,52.0,930,1,10.0,6,Y,1220:싱글몰트 위스키,5173493,257131000002,https://www.shilladfs.com/estore/kr/ko/p/5173493
듀어스 더블더블 26년 500ml,듀어스,227.05,239.0,5.0,259,2,10.0,6,Y,1211:블렌디드 위스키,5547655,113531000072,https://www.shilladfs.com/estore/kr/ko/p/5547655
GLENGOYN 28yo Single Cask 700ml,글렌고인,1072.0,1600.0,33.0,76,0,0.0,0,N,1220:싱글몰트 위스키,5865407,294531000004,https://www.shilladfs.com/estore/kr/ko/p/5865407
발베니 21년 포트우드 700ml,발베니,288.0,360.0,20.0,47,0,0.0,6,Y,1220:싱글몰트 위스키,5479261,112231000037,https://www.shilladfs.com/estore/kr/ko/p/5479261
NEW 올트모어 25년 (1st Fill 올로로소 쉐리) 500ml,올트모어,420.85,443.0,5.0,138,2,10.0,6,Y,1220:싱글몰트 위스키,5560833,113531000085,https://www.shilladfs.com/estore/kr/ko/p/5560833
글렌알라키30년#4(면세) 700mL,글렌알라키,775.2,1520.0,49.0,88,0,0.0,0,N,1220:싱글몰트 위스키,5746526,265631000012,https://www.shilladfs.com/estore/kr/ko/p/5746526
로얄브라클라 18년 700ml,로얄브라클라,208.05,219.0,5.0,1728,4,10.0,6,Y,1220:싱글몰트 위스키,5268251,113531000063,https://www.shilladfs.com/estore/kr/ko/p/5268251
더 글렌그란트 21년 700ml,더 글렌그란트,272.0,340.0,20.0,880,5,10.0,6,Y,1220:싱글몰트 위스키,5300501,257131000006,https://www.shilladfs.com/estore/kr/ko/p/5300501
듀어스 더블더블 36년 500ml,듀어스,846.0,1800.0,53.0,53,0,0.0,2,Y,1220:싱글몰트 위스키,5268057,113531000060,https://www.shilladfs.com/estore/kr/ko/p/5268057
발렌타인 23년 GOLDEN HOUR 700ml,발렌타인,265.05,279.0,5.0,164,0,0.0,6,Y,1211:블렌디드 위스키,5284763,046131000053,https://www.shilladfs.com/estore/kr/ko/p/5284763
브룩라디 21년 700ml,브룩라디,261.25,275.0,5.0,557,0,0.0,6,Y,1220:싱글몰트 위스키,5386813,085131000083,https://www.shilladfs.com/estore/kr/ko/p/5386813
발베니 12년 몬틸라 700ml,발베니,48.4,88.0,45.0,332,1,10.0,0,N,1220:싱글몰트 위스키,5798333,112231000048,https://www.shilladfs.com/estore/kr/ko/p/5798333
더 글렌리벳 21년 700ml,글렌리벳,248.9,262.0,5.0,23,0,0.0,0,N,1220:싱글몰트 위스키,5948827,110431000029,https://www.shilladfs.com/estore/kr/ko/p/5948827
와일드무어 30년 트로피칼 코스트 700ml,와일드무어,368.6,388.0,5.0,91,0,0.0,6,Y,1211:블렌디드 위스키,5399822,279331000003,https://www.shilladfs.com/estore/kr/ko/p/5399822
글렌알라키 12년 (24RB) 700ml,글렌알라키,90.95,107.0,15.0,467,0,0.0,6,Y,1220:싱글몰트 위스키,5463343,265631000009,https://www.shilladfs.com/estore/kr/ko/p/5463343
TAMDHU Gran Reserva 700ml,탐두,180.23,269.0,33.0,237,1,10.0,6,Y,1220:싱글몰트 위스키,5865408,294531000007,https://www.shilladfs.com/estore/kr/ko/p/5865408
시바스리갈 18년산 700ml,시바스리갈,46.64,88.0,47.0,227,0,0.0,6,Y,1211:블렌디드 위스키,5573453,110331000034,https://www.shilladfs.com/estore/kr/ko/p/5573453
부쉬밀 18년 트리플 캐스크 700ml,부쉬밀,75.6,140.0,46.0,98,1,10.0,6,Y,1220:싱글몰트 위스키,5818225,130531000025,https://www.shilladfs.com/estore/kr/ko/p/5818225
더 패밀리 캐스크스 2000_S24 700ml,글렌파클라스,678.3,714.0,5.0,73,0,0.0,0,N,1220:싱글몰트 위스키,5548857,265931000015,https://www.shilladfs.com/estore/kr/ko/p/5548857
브룩라디 블랙아트 11 700ml,브룩라디,337.5,450.0,25.0,436,1,4.0,0,N,1220:싱글몰트 위스키,5610610,085131000085,https://www.shilladfs.com/estore/kr/ko/p/5610610
시바스리갈 25년 700ml,시바스리갈,369.55,389.0,5.0,152,3,10.0,6,Y,1211:블렌디드 위스키,5070398,110331000003,https://www.shilladfs.com/estore/kr/ko/p/5070398
아벨라워 아부나흐 700ml,발렌타인,80.5,115.0,30.0,163,0,0.0,6,Y,1220:싱글몰트 위스키,5887242,046131000068,https://www.shilladfs.com/estore/kr/ko/p/5887242
라프로익 33년 스트롱캐릭터즈 700ml,라프로익,626.4,1080.0,42.0,171,0,0.0,0,N,1220:싱글몰트 위스키,5513344,114131000040,https://www.shilladfs.com/estore/kr/ko/p/5513344
올트모어 25년 700ml,올트모어,622.25,655.0,5.0,220,0,0.0,0,N,1220:싱글몰트 위스키,5417209,113531000037,https://www.shilladfs.com/estore/kr/ko/p/5417209
BLADNOCH 16YO 700ml,블라드녹,123.95,185.0,33.0,140,2,10.0,6,Y,1220:싱글몰트 위스키,5834298,293331000001,https://www.shilladfs.com/estore/kr/ko/p/5834298
글렌알라키 21년 배치5 700mL,글렌알라키,610.85,643.0,5.0,302,0,0.0,0,N,1220:싱글몰트 위스키,5744499,265631000016,https://www.shilladfs.com/estore/kr/ko/p/5744499
시그나토리 쿨일라 2007 캐스크 스트렝스 17년 #3 700ml,시그나토리 빈티지,304.0,320.0,5.0,73,0,0.0,6,Y,1220:싱글몰트 위스키,5895329,288631000008,https://www.shilladfs.com/estore/kr/ko/p/5895329
글렌피딕 23년 그랑크뤼 슬림팩 700ml,글렌피딕,201.21,353.0,43.0,173,0,0.0,6,Y,1220:싱글몰트 위스키,5855038,082331000064,https://www.shilladfs.com/estore/kr/ko/p/5855038
NEW 올트모어 18년 (마데이라) 500ml,올트모어,118.75,125.0,5.0,263,2,9.0,6,Y,1220:싱글몰트 위스키,5560831,113531000087,https://www.shilladfs.com/estore/kr/ko/p/5560831
에버펠디 16년 마데이라 700ml,에버펠디,118.75,125.0,5.0,245,0,0.0,6,Y,1220:싱글몰트 위스키,5336801,113531000080,https://www.shilladfs.com/estore/kr/ko/p/5336801
올트모어 23년 CS 한정판 (화이트포트) 700ml,올트모어,574.75,605.0,5.0,189,1,10.0,2,Y,1220:싱글몰트 위스키,5337038,113531000078,https://www.shilladfs.com/estore/kr/ko/p/5337038
싱글톤 더프타운 25년 700ml,싱글톤,570.0,600.0,5.0,79,0,0.0,6,Y,1220:싱글몰트 위스키,5704240,111231000048,https://www.shilladfs.com/estore/kr/ko/p/5704240
글렌카담 25년 700ml,글렌카담,663.1,698.0,5.0,208,4,10.0,0,N,1220:싱글몰트 위스키,5358801,276531000004,https://www.shilladfs.com/estore/kr/ko/p/5358801
싱글톤 더프타운 21년 700ml,싱글톤,272.65,287.0,5.0,453,3,10.0,6,Y,1220:싱글몰트 위스키,5417832,111231000040,https://www.shilladfs.com/estore/kr/ko/p/5417832
로얄 브라클라 25년 700ml,로얄브라클라,540.0,900.0,40.0,435,1,10.0,6,Y,1220:싱글몰트 위스키,5560830,113531000081,https://www.shilladfs.com/estore/kr/ko/p/5560830
싱글톤 가든스 오브 어번던스 - 딥 포레스트 리치 700ml,싱글톤,266.0,280.0,5.0,109,1,10.0,6,Y,1220:싱글몰트 위스키,5479002,111231000047,https://www.shilladfs.com/estore/kr/ko/p/5479002
시그나토리 글렌로티스 1995 캐스크 스트렝스 30년 #6980 700ml,시그나토리 빈티지,532.0,560.0,5.0,135,1,10.0,0,N,1220:싱글몰트 위스키,5895331,288631000010,https://www.shilladfs.com/estore/kr/ko/p/5895331
카발란 올로로소 쉐리 솔리스트 1000ml,카발란,171.0,190.0,10.0,2435,3,9.33333333,0,N,1220:싱글몰트 위스키,5101467,249031000004,https://www.shilladfs.com/estore/kr/ko/p/5101467
시그나토리 글렌그란트 1995 CS 30년 #88231 700ml,시그나토리 빈티지,504.0,560.0,10.0,59,0,0.0,6,Y,1220:Single Malt Whisky,5958380,288631000013,https://www.shilladfs.com/estore/kr/ko/p/5958380
Old Pulteney 25 Years Old 700ml,올드풀트니,546.0,840.0,35.0,31,0,0.0,6,Y,1220:싱글몰트 위스키,5866020,265831000011,https://www.shilladfs.com/estore/kr/ko/p/5866020
로얄살루트 21년 LNY25 700ml,로얄살루트,167.2,176.0,5.0,25,0,0.0,6,Y,1211:블렌디드 위스키,5661900,110231000037,https://www.shilladfs.com/estore/kr/ko/p/5661900
잭다니엘 Tennessee Apple 1000ml,잭다니엘,33.25,35.0,5.0,531,14,9.14285714,6,Y,1211:블렌디드 위스키,5303578,114931000044,https://www.shilladfs.com/estore/kr/ko/p/5303578
벤리악 30년 700ml,벤리악,492.0,820.0,40.0,159,0,0.0,6,Y,1220:싱글몰트 위스키,5719581,114931000050,https://www.shilladfs.com/estore/kr/ko/p/5719581
더 패밀리 캐스크스 2007_S23 700ml,글렌파클라스,245.52,396.0,38.0,109,0,0.0,6,Y,1220:싱글몰트 위스키,5548860,265931000010,https://www.shilladfs.com/estore/kr/ko/p/5548860
산토리 토키 1000ml,산토리,48.45,51.0,5.0,122,0,0.0,6,Y,1211:블렌디드 위스키,5549144,114131000044,https://www.shilladfs.com/estore/kr/ko/p/5549144
더 패밀리 캐스크스 2004_S24 700ml,글렌파클라스,478.8,504.0,5.0,254,0,0.0,0,N,1220:싱글몰트 위스키,5548856,265931000013,https://www.shilladfs.com/estore/kr/ko/p/5548856
보모어 25년 700ml,보모어,476.0,560.0,15.0,67,0,0.0,0,N,1220:싱글몰트 위스키,5221773,114231000037,https://www.shilladfs.com/estore/kr/ko/p/5221773
올트모어 21년 (COLHEITA)700ml,올트모어,475.0,500.0,5.0,124,1,10.0,0,N,1220:싱글몰트 위스키,5460669,113531000069,https://www.shilladfs.com/estore/kr/ko/p/5460669
라프로익 포오크 2023 1000ml,라프로익,77.9,82.0,5.0,113,1,10.0,6,Y,1220:싱글몰트 위스키,5368246,114131000037,https://www.shilladfs.com/estore/kr/ko/p/5368246
라가불린 16년 700ml,라가불린,115.9,122.0,5.0,175,1,10.0,0,N,1220:싱글몰트 위스키,5932287,111131000004,https://www.shilladfs.com/estore/kr/ko/p/5932287
발렌타인 21년 500ml,발렌타인,114.95,121.0,5.0,102,0,0.0,6,Y,1211:블렌디드 위스키,5900540,046131000065,https://www.shilladfs.com/estore/kr/ko/p/5900540
글렌피딕 26년 GC 700ml,글렌피딕,458.9,706.0,35.0,1026,8,10.0,6,Y,1220:싱글몰트 위스키,5105340,082331000038,https://www.shilladfs.com/estore/kr/ko/p/5105340
시그나토리 글렌리벳 2006 캐스크 스트렝스 18년 #901031 700ml,시그나토리 빈티지,228.95,241.0,5.0,482,2,10.0,0,N,1220:싱글몰트 위스키,5819168,288631000005,https://www.shilladfs.com/estore/kr/ko/p/5819168
시그나토리 글렌기어리 2011 12년 스몰배치 #14 700ml,시그나토리 빈티지,64.26,119.0,46.0,191,3,10.0,6,Y,1220:싱글몰트 위스키,5788002,288631000004,https://www.shilladfs.com/estore/kr/ko/p/5788002
고든앤맥패일 코노세어초이스 하이랜드 파크 1998 25년 700ml,고든 앤 맥패일,449.35,473.0,5.0,208,0,0.0,0,N,1220:싱글몰트 위스키,5677224,115431000188,https://www.shilladfs.com/estore/kr/ko/p/5677224
발베니 11년 헝가리안 캐스크 700ml,발베니,63.8,110.0,42.0,639,3,9.33333333,6,Y,1220:싱글몰트 위스키,5526820,112231000036,https://www.shilladfs.com/estore/kr/ko/p/5526820
몰트락 16년 750ml,몰트락,122.55,129.0,5.0,244,0,0.0,0,N,1220:싱글몰트 위스키,5082282,111231000018,https://www.shilladfs.com/estore/kr/ko/p/5082282
로얄살루트 21년 해리스 리드 에디션 700ml,로얄살루트,217.55,229.0,5.0,93,0,0.0,6,Y,1211:블렌디드 위스키,5804217,110231000043,https://www.shilladfs.com/estore/kr/ko/p/5804217
카발란 마스터 셀렉트 넘버 1 1000ml,카발란,108.0,135.0,20.0,203,0,0.0,6,Y,1220:싱글몰트 위스키,5707271,249031000047,https://www.shilladfs.com/estore/kr/ko/p/5707271
우드포드 리저브 디스틸러 셀렉트 1000ml,우드포드 리저브,47.5,50.0,5.0,581,1,10.0,6,Y,1211:블렌디드 위스키,5070939,114931000004,https://www.shilladfs.com/estore/kr/ko/p/5070939
더 패밀리 캐스크스 2006_S24 700ml,글렌파클라스,423.7,446.0,5.0,118,0,0.0,0,N,1220:싱글몰트 위스키,5548855,265931000012,https://www.shilladfs.com/estore/kr/ko/p/5548855
카발란 클래식 1000ml,카발란,87.2,109.0,20.0,729,2,10.0,6,Y,1220:싱글몰트 위스키,5101821,249031000002,https://www.shilladfs.com/estore/kr/ko/p/5101821
잭다니엘 블랙라벨 1000ml,잭다니엘,33.25,35.0,5.0,663,9,9.55555556,6,Y,1211:블렌디드 위스키,5070932,114931000001,https://www.shilladfs.com/estore/kr/ko/p/5070932
뉴리프 8년 라이 750ml,뉴리프,98.0,98.0,0.0,77,0,0.0,0,N,1211:블렌디드 위스키,5917042,295531000002,https://www.shilladfs.com/estore/kr/ko/p/5917042
몽키숄더 1000ml,발베니,30.0,50.0,40.0,609,3,10.0,6,Y,1211:블렌디드 위스키,2011674,112231000006,https://www.shilladfs.com/estore/kr/ko/p/2011674
글렌드로낙 16년 700ml,글렌드로낙,128.25,135.0,5.0,2309,9,9.77777778,6,Y,1220:싱글몰트 위스키,4391067,114931000034,https://www.shilladfs.com/estore/kr/ko/p/4391067
메이커스 마크 케스크 스트랭스 700ml,메이커스마크,83.6,88.0,5.0,421,0,0.0,6,Y,1211:블렌디드 위스키,5125106,109831000025,https://www.shilladfs.com/estore/kr/ko/p/5125106
페넬로페 리오 750ml,페닐로페,183.6,204.0,10.0,97,0,0.0,6,Y,1220:싱글몰트 위스키,5905723,287531000012,https://www.shilladfs.com/estore/kr/ko/p/5905723
기원 해 700ml,기원 위스키,60.8,64.0,5.0,79,0,0.0,6,Y,1220:싱글몰트 위스키,5757507,922031000006,https://www.shilladfs.com/estore/kr/ko/p/5757507
글렌알라키 17Y 미즈나라 700mL,글렌알라키,361.0,380.0,5.0,862,11,9.63636364,0,N,1220:싱글몰트 위스키,5744591,265631000017,https://www.shilladfs.com/estore/kr/ko/p/5744591
시크릿 스페이사이드 Glen Keith 25년 700ml,글렌리벳,361.0,380.0,5.0,345,6,10.0,0,N,1220:싱글몰트 위스키,5065831,110431000025,https://www.shilladfs.com/estore/kr/ko/p/5065831
고든앤맥패일 디스틸러리 링크우드 25년 700ml,고든 앤 맥패일,359.1,378.0,5.0,73,0,0.0,0,N,1220:싱글몰트 위스키,5677238,115431000187,https://www.shilladfs.com/estore/kr/ko/p/5677238
발렌타인 21년 GLENBURGIE 700ml,발렌타인,175.0,250.0,30.0,50,0,0.0,6,Y,1220:싱글몰트 위스키,5885750,046131000070,https://www.shilladfs.com/estore/kr/ko/p/5885750
레드브레스트 18년 700ml,제임슨,190.0,200.0,5.0,114,0,0.0,6,Y,1211:블렌디드 위스키,5769824,110531000008,https://www.shilladfs.com/estore/kr/ko/p/5769824
브룩라디 옥토모어 15.1 700ml,브룩라디,167.0,167.0,0.0,741,2,10.0,6,Y,1220:싱글몰트 위스키,5611045,085131000102,https://www.shilladfs.com/estore/kr/ko/p/5611045
우드포드 리저브 Double XO 700ml,우드포드 리저브,166.25,175.0,5.0,558,2,10.0,6,Y,1211:블렌디드 위스키,5251910,114931000045,https://www.shilladfs.com/estore/kr/ko/p/5251910
와일드터키 마스터스 킵 보야지 750ml,와일드터키,165.3,174.0,5.0,369,2,9.0,0,N,1211:블렌디드 위스키,5605211,257231000008,https://www.shilladfs.com/estore/kr/ko/p/5605211
잭다니엘 싱글배럴 100프루프 700ml,잭다니엘,64.6,68.0,5.0,481,0,0.0,6,Y,1211:블렌디드 위스키,5429236,114931000058,https://www.shilladfs.com/estore/kr/ko/p/5429236
조니워커 더블 블랙 1000ml,조니워커,32.16,67.0,52.0,530,3,9.33333333,6,Y,1211:블렌디드 위스키,3625938,046331000029,https://www.shilladfs.com/estore/kr/ko/p/3625938
이에이치 테일러 스몰배치 750ml,버팔로 트레이스,79.8,84.0,5.0,643,1,2.0,0,N,1211:블렌디드 위스키,5399401,258231000007,https://www.shilladfs.com/estore/kr/ko/p/5399401
카발란 페드로히메네즈 솔리스트 750ml,카발란,319.2,399.0,20.0,2908,5,10.0,0,N,1220:싱글몰트 위스키,5101643,249031000010,https://www.shilladfs.com/estore/kr/ko/p/5101643
더 글렌그란트 2006 프라이빗 캐스크 700ml,더 글렌그란트,159.2,199.0,20.0,182,0,0.0,0,N,1220:싱글몰트 위스키,5764516,257131000009,https://www.shilladfs.com/estore/kr/ko/p/5764516
조니워커 골드 리저브 1000ml,조니워커,79.2,88.0,10.0,100,2,9.0,6,Y,1211:블렌디드 위스키,5667234,046331000062,https://www.shilladfs.com/estore/kr/ko/p/5667234
보모어 24년 프랭크 콰이어틀리 4 700ml,보모어,295.8,510.0,42.0,669,6,10.0,6,Y,1220:싱글몰트 위스키,5489102,114231000048,https://www.shilladfs.com/estore/kr/ko/p/5489102
뉴리프 8년 버번 750ml,뉴리프,98.0,98.0,0.0,124,1,10.0,6,Y,1211:블렌디드 위스키,5917129,295531000003,https://www.shilladfs.com/estore/kr/ko/p/5917129
글렌피딕 Vat 2 Perpetual Collection1000ML,글렌피딕,47.94,94.0,49.0,388,0,0.0,6,Y,1220:싱글몰트 위스키,5105344,082331000044,https://www.shilladfs.com/estore/kr/ko/p/5105344
시크릿 스페이사이드 Longmorn 18년 700ml,글렌리벳,95.0,100.0,5.0,435,3,7.33333333,6,Y,1220:싱글몰트 위스키,5065830,110431000022,https://www.shilladfs.com/estore/kr/ko/p/5065830
시그나토리 오크니(HP) 2005 캐스크 스트렝스 19년 #31 700ml,시그나토리 빈티지,285.0,300.0,5.0,163,2,10.0,0,N,1220:싱글몰트 위스키,5819169,288631000006,https://www.shilladfs.com/estore/kr/ko/p/5819169
싱글톤 가든스 오브 어번던스 - 골든 어텀 오차드 1000ml,싱글톤,94.05,99.0,5.0,72,1,10.0,6,Y,1220:싱글몰트 위스키,5478855,111231000045,https://www.shilladfs.com/estore/kr/ko/p/5478855
카발란 콘서트마스터 1000ml,카발란,70.4,88.0,20.0,282,0,0.0,6,Y,1220:싱글몰트 위스키,5101466,249031000001,https://www.shilladfs.com/estore/kr/ko/p/5101466
시크릿 스페이사이드 Caperdonich 21년 Peated 700ml,글렌리벳,275.5,290.0,5.0,57,1,2.0,6,Y,1220:싱글몰트 위스키,5065826,110431000021,https://www.shilladfs.com/estore/kr/ko/p/5065826
PAUL JOHN PEATED 올로로소 700ml,폴 존,261.25,275.0,5.0,37,0,0.0,6,Y,1220:싱글몰트 위스키,5461900,249031000057,https://www.shilladfs.com/estore/kr/ko/p/5461900
시크릿 스페이사이드 Caperdonich 18년 Peated 700ml,글렌리벳,63.7,130.0,51.0,131,0,0.0,6,Y,1220:싱글몰트 위스키,5065829,110431000020,https://www.shilladfs.com/estore/kr/ko/p/5065829
듀어스 더블더블 20년 500ml,듀어스,126.35,133.0,5.0,709,5,10.0,0,N,1211:블렌디드 위스키,5268250,113531000068,https://www.shilladfs.com/estore/kr/ko/p/5268250
아케시 리슌 700ml,아케시,479.75,505.0,5.0,132,0,0.0,6,Y,1220:싱글몰트 위스키,5513163,276131000004,https://www.shilladfs.com/estore/kr/ko/p/5513163
라프로익 12년 700ml,라프로익,42.0,70.0,40.0,35,0,0.0,6,Y,1220:싱글몰트 위스키,5917035,114131000053,https://www.shilladfs.com/estore/kr/ko/p/5917035
오켄토션 24년 700ml,오켄토션,248.4,276.0,10.0,89,0,0.0,0,N,1220:싱글몰트 위스키,5489101,114231000051,https://www.shilladfs.com/estore/kr/ko/p/5489101
더 글렌리벳 16년 1000ml,글렌리벳,60.95,115.0,47.0,90,0,0.0,6,Y,1220:싱글몰트 위스키,5828029,110431000036,https://www.shilladfs.com/estore/kr/ko/p/5828029
더 글렌리벳 12년 1000ml,글렌리벳,40.5,75.0,46.0,95,0,0.0,6,Y,1220:싱글몰트 위스키,5615979,110431000015,https://www.shilladfs.com/estore/kr/ko/p/5615979
탈리스커 10년 1L ,탈리스커,80.75,85.0,5.0,322,0,0.0,6,Y,1220:싱글몰트 위스키,5604485,111131000024,https://www.shilladfs.com/estore/kr/ko/p/5604485
히비키 마스터즈 셀렉트 스페셜 에디션 700ml,산토리,238.0,238.0,0.0,677,0,0.0,0,N,1211:블렌디드 위스키,5166675,114131000018,https://www.shilladfs.com/estore/kr/ko/p/5166675
산토리 하쿠슈 DR 700ml,산토리,117.0,117.0,0.0,335,0,0.0,6,Y,1211:블렌디드 위스키,5828882,114131000030,https://www.shilladfs.com/estore/kr/ko/p/5828882
잭다니엘 허니 1000ml,잭다니엘,33.25,35.0,5.0,315,4,9.5,6,Y,1211:Blended Whisky,3299108,114931000005,https://www.shilladfs.com/estore/kr/ko/p/3299108
산토리 야마자키 코게이 700ml,산토리,230.0,230.0,0.0,4611,19,9.15789474,0,N,1220:싱글몰트 위스키,5368247,114131000038,https://www.shilladfs.com/estore/kr/ko/p/5368247
글렌파클라스 25년 700ml,글렌파클라스,226.8,378.0,40.0,430,0,0.0,6,Y,1220:싱글몰트 위스키,5226626,265931000005,https://www.shilladfs.com/estore/kr/ko/p/5226626
부나하벤 크루아모나 1000ml,부나하벤,86.4,96.0,10.0,228,1,8.0,6,Y,1220:싱글몰트 위스키,5229281,265331000002,https://www.shilladfs.com/estore/kr/ko/p/5229281
시바스리갈 Ultis XX 1000ml,시바스리갈,223.25,235.0,5.0,48,2,5.0,6,Y,1211:블렌디드 위스키,3755407,110331000017,https://www.shilladfs.com/estore/kr/ko/p/3755407
시바스리갈 13년 Sherry Cask 1000ml,시바스리갈,27.84,58.0,52.0,47,0,0.0,0,N,1211:블렌디드 위스키,5075894,110331000029,https://www.shilladfs.com/estore/kr/ko/p/5075894
고든앤맥패일 코노세어초이스 스트라스밀 2009 14년 700ml,고든 앤 맥패일,221.35,233.0,5.0,26,0,0.0,0,N,1220:싱글몰트 위스키,5724904,115431000192,https://www.shilladfs.com/estore/kr/ko/p/5724904
PAUL JOHN UNPEATED 올로로소 700ml,폴 존,218.5,230.0,5.0,58,0,0.0,6,Y,1220:싱글몰트 위스키,5461899,249031000056,https://www.shilladfs.com/estore/kr/ko/p/5461899
시그나토리 글렌알라키 2009 캐스크 스트렝스 15년 #900863 700ml,시그나토리 빈티지,214.7,226.0,5.0,197,0,0.0,0,N,1220:싱글몰트 위스키,5895328,288631000007,https://www.shilladfs.com/estore/kr/ko/p/5895328
토마틴 21년 700ml,토마틴,214.2,238.0,10.0,260,2,10.0,0,N,1220:싱글몰트 위스키,5310055,270131000002,https://www.shilladfs.com/estore/kr/ko/p/5310055
짐빔 화이트 1000ml,짐빔,11.88,27.0,56.0,264,6,9.33333333,6,Y,1211:블렌디드 위스키,5070546,109831000008,https://www.shilladfs.com/estore/kr/ko/p/5070546
싱글톤 가든스 오브 어번던스 - 래디언트 스프링 가든 1000ml,싱글톤,47.6,68.0,30.0,79,0,0.0,6,Y,1220:싱글몰트 위스키,5478854,111231000044,https://www.shilladfs.com/estore/kr/ko/p/5478854
로얄살루트 마이애미 폴로 에디션 700ml,로얄살루트,200.45,211.0,5.0,354,1,10.0,6,Y,1211:블렌디드 위스키,5563230,110231000040,https://www.shilladfs.com/estore/kr/ko/p/5563230
로얄살루트 21년 빈티지 블렌디드 스카치 위스키 700ml,로얄살루트,200.45,211.0,5.0,163,0,0.0,6,Y,1211:블렌디드 위스키,5563229,110231000035,https://www.shilladfs.com/estore/kr/ko/p/5563229
하이랜드 파크 EAGLE 16년 700ml,하이랜드 파크,100.0,125.0,20.0,153,0,0.0,0,N,1220:싱글몰트 위스키,5145173,112031000020,https://www.shilladfs.com/estore/kr/ko/p/5145173
글렌글라사 샌드엔드 700ml,GLENGLASSAUGH,66.5,70.0,5.0,285,1,8.0,6,Y,1220:싱글몰트 위스키,5534637,114931000062,https://www.shilladfs.com/estore/kr/ko/p/5534637
폴 존 올로로소 쉐리 700ml,폴 존,99.75,105.0,5.0,165,0,0.0,0,N,1220:싱글몰트 위스키,5312120,249031000024,https://www.shilladfs.com/estore/kr/ko/p/5312120
고든앤맥패일 코노세어초이스 글렌토커스 2007 15년 700ml,고든 앤 맥패일,196.65,207.0,5.0,75,0,0.0,0,N,1220:싱글몰트 위스키,5677232,115431000183,https://www.shilladfs.com/estore/kr/ko/p/5677232
로얄살루트 21년 Peated Blend 700ml,로얄살루트,190.0,200.0,5.0,484,3,10.0,6,Y,1211:블렌디드 위스키,5081231,110231000021,https://www.shilladfs.com/estore/kr/ko/p/5081231
NEW 올트모어 21년 (깔바도스) 500ml,올트모어,189.05,199.0,5.0,226,0,0.0,0,N,1220:싱글몰트 위스키,5560834,113531000086,https://www.shilladfs.com/estore/kr/ko/p/5560834
라가불린 16년 700ml,라가불린,115.9,122.0,5.0,2022,3,10.0,0,N,1220:싱글몰트 위스키,5358630,111131000020,https://www.shilladfs.com/estore/kr/ko/p/5358630
발베니 13년 리필 포트캐스크 700ml,발베니,60.0,100.0,40.0,339,1,10.0,0,N,1220:싱글몰트 위스키,5834859,112231000050,https://www.shilladfs.com/estore/kr/ko/p/5834859
글렌모렌지 인피니타 18년 700ml,글렌모렌지,90.0,120.0,25.0,536,1,6.0,0,N,1220:싱글몰트 위스키,5713332,108631000047,https://www.shilladfs.com/estore/kr/ko/p/5713332
싱글톤 가든스 오브 어번던스 - 이그저틱 스파이스 그로브 1000ml,싱글톤,171.0,180.0,5.0,40,0,0.0,6,Y,1220:싱글몰트 위스키,5478785,111231000046,https://www.shilladfs.com/estore/kr/ko/p/5478785
시크릿 스페이사이드 Glen Keith 21년 700ml,글렌리벳,171.0,180.0,5.0,269,2,7.0,6,Y,1220:싱글몰트 위스키,5065828,110431000024,https://www.shilladfs.com/estore/kr/ko/p/5065828
글렌스코시아 Campbeltown 1832 1000ml,글렌 스코시아,56.7,63.0,10.0,212,1,8.0,6,Y,1220:싱글몰트 위스키,5267812,265131000001,https://www.shilladfs.com/estore/kr/ko/p/5267812
뉴리프 싱글배럴 버번 750ml,뉴리프,83.6,88.0,5.0,50,0,0.0,6,Y,1211:블렌디드 위스키,5917130,295531000004,https://www.shilladfs.com/estore/kr/ko/p/5917130
라프로익 포트우드 2023 700ml,라프로익,167.2,176.0,5.0,325,1,10.0,6,Y,1220:싱글몰트 위스키,5298064,114131000036,https://www.shilladfs.com/estore/kr/ko/p/5298064
버팔로 트레이스 이글레어 10년 버번 위스키 750ml,버팔로 트레이스,33.06,58.0,43.0,408,0,0.0,6,Y,1211:블렌디드 위스키,5474380,258231000009,https://www.shilladfs.com/estore/kr/ko/p/5474380
암룻 PEATED CASK STRENGTH 700ml,암룻,54.72,114.0,52.0,88,0,0.0,6,Y,1220:싱글몰트 위스키,5337845,275031000005,https://www.shilladfs.com/estore/kr/ko/p/5337845
미클토어 친커핀 700ml,미클토어,81.9,91.0,10.0,18,0,0.0,6,Y,1220:싱글몰트 위스키,5372472,275831000001,https://www.shilladfs.com/estore/kr/ko/p/5372472
조니워커 18년 750ml,조니워커,56.0,112.0,50.0,1108,7,9.71428571,1,Y,1211:블렌디드 위스키,3651371,046331000045,https://www.shilladfs.com/estore/kr/ko/p/3651371
잭다니엘 시나트라 셀렉트 1000ml,잭다니엘,161.5,170.0,5.0,136,1,10.0,5,Y,1211:Blended Whisky,5070944,114931000006,https://www.shilladfs.com/estore/kr/ko/p/5070944
Balblair 17 Years Old 700ml,발블레어,160.2,178.0,10.0,19,0,0.0,6,Y,1220:싱글몰트 위스키,5865411,265731000007,https://www.shilladfs.com/estore/kr/ko/p/5865411
ABERLOUR 16년 700ml,발렌타인,78.0,130.0,40.0,49,0,0.0,6,Y,1220:싱글몰트 위스키,5837405,046131000061,https://www.shilladfs.com/estore/kr/ko/p/5837405
부쉬밀 마르사라 캐스크 21년 700ml,부쉬밀,153.7,265.0,42.0,258,2,10.0,3,Y,1220:싱글몰트 위스키,5200760,130531000021,https://www.shilladfs.com/estore/kr/ko/p/5200760
듀어스 15년 (New Edition) 1000ml ,듀어스,60.8,64.0,5.0,147,0,0.0,6,Y,1211:블렌디드 위스키,5575518,113531000089,https://www.shilladfs.com/estore/kr/ko/p/5575518
듀어스 16년 1000ml,듀어스,80.75,85.0,5.0,161,0,0.0,6,Y,1211:블렌디드 위스키,5102016,113531000056,https://www.shilladfs.com/estore/kr/ko/p/5102016
ABERLOUR 18년 700ml,발렌타인,150.5,215.0,30.0,89,0,0.0,6,Y,1220:싱글몰트 위스키,5837406,046131000062,https://www.shilladfs.com/estore/kr/ko/p/5837406
NEW 올트모어 12년 (올로로소 쉐리) 500ml,올트모어,49.4,52.0,5.0,165,1,10.0,6,Y,1220:싱글몰트 위스키,5560832,113531000084,https://www.shilladfs.com/estore/kr/ko/p/5560832
글렌피딕 18년 벳4 퍼페츄얼 IGL CNY 700ml,글렌피딕,73.95,145.0,49.0,75,0,0.0,0,N,1220:싱글몰트 위스키,5904120,082331000062,https://www.shilladfs.com/estore/kr/ko/p/5904120
카이요 Japanese Mizunara Cask Strength 700ml,카이요 위스키,73.35,163.0,55.0,153,1,10.0,6,Y,1220:싱글몰트 위스키,5437281,276631000005,https://www.shilladfs.com/estore/kr/ko/p/5437281
글렌피딕 Vat 1 Perpetual Collection 1000ml,글렌피딕,36.66,78.0,53.0,540,4,9.0,6,Y,1220:싱글몰트 위스키,5105343,082331000043,https://www.shilladfs.com/estore/kr/ko/p/5105343
글렌파클라스 15년 700ml,글렌파클라스,72.9,135.0,46.0,525,0,0.0,6,Y,1220:싱글몰트 위스키,5226623,265931000004,https://www.shilladfs.com/estore/kr/ko/p/5226623
더글라스랭 OP BLAIR ATHOL 12년 700ml,더글라스랭,145.35,153.0,5.0,48,0,0.0,6,Y,1220:싱글몰트 위스키,5228866,265431000009,https://www.shilladfs.com/estore/kr/ko/p/5228866
더글라스랭 OP GLENBURGIE 15년 700ml,더글라스랭,145.35,153.0,5.0,51,0,0.0,6,Y,1220:싱글몰트 위스키,5228859,265431000004,https://www.shilladfs.com/estore/kr/ko/p/5228859
보모어 19년 700ml,보모어,142.8,204.0,30.0,219,0,0.0,6,Y,1220:Single Malt Whisky,5524533,114231000054,https://www.shilladfs.com/estore/kr/ko/p/5524533
조니워커 블랙 루비 1000ml,조니워커,35.5,71.0,50.0,99,0,0.0,6,Y,1211:블렌디드 위스키,5624247,046331000088,https://www.shilladfs.com/estore/kr/ko/p/5624247
폴존 미투나 750ml,폴 존,138.0,230.0,40.0,19,0,0.0,6,Y,1220:싱글몰트 위스키,5461894,249031000055,https://www.shilladfs.com/estore/kr/ko/p/5461894
폴 존 피엑스 쉐리 700ml,폴 존,45.15,105.0,57.0,162,0,0.0,0,N,1220:싱글몰트 위스키,5312121,249031000025,https://www.shilladfs.com/estore/kr/ko/p/5312121
글렌피딕 21년 CNY 2026 리미티드 에디션 700ml,글렌피딕,134.64,264.0,49.0,67,0,0.0,0,N,1220:싱글몰트 위스키,5904121,082331000063,https://www.shilladfs.com/estore/kr/ko/p/5904121
글렌모레이 럼 아그리꼴 700ml,글렌모레이,132.05,139.0,5.0,2,0,0.0,6,Y,1220:싱글몰트 위스키,5707055,249031000012,https://www.shilladfs.com/estore/kr/ko/p/5707055
라프로익 레거시 에디션 700ml,라프로익,65.7,146.0,55.0,309,1,10.0,6,Y,1220:싱글몰트 위스키,3612827,114131000014,https://www.shilladfs.com/estore/kr/ko/p/3612827
폴존 미니어처 세트 50ml*5,폴 존,31.5,35.0,10.0,36,0,0.0,0,N,1220:싱글몰트 위스키,5885820,287531000011,https://www.shilladfs.com/estore/kr/ko/p/5885820
조니워커 블랙 트리플 캐스크 1000ml,조니워커,31.5,63.0,50.0,319,0,0.0,6,Y,1211:블렌디드 위스키,5082567,046331000049,https://www.shilladfs.com/estore/kr/ko/p/5082567
에버펠디 12년 마데이라 캐스크 700ml,에버펠디,62.7,66.0,5.0,114,0,0.0,6,Y,1220:싱글몰트 위스키,5490012,113531000083,https://www.shilladfs.com/estore/kr/ko/p/5490012
펄킨위스키 49 TULLIBARDINE OA 700ml,펄킨 위스키,124.2,138.0,10.0,33,0,0.0,6,Y,1220:싱글몰트 위스키,5228761,263131000003,https://www.shilladfs.com/estore/kr/ko/p/5228761
더 글렌리벳 19년 700ml,글렌리벳,123.5,130.0,5.0,270,0,0.0,0,N,1220:싱글몰트 위스키,5828030,110431000037,https://www.shilladfs.com/estore/kr/ko/p/5828030
러셀 리저브 라이 6년 750ml,와일드터키,30.74,58.0,47.0,66,0,0.0,6,Y,1211:블렌디드 위스키,5789382,257231000010,https://www.shilladfs.com/estore/kr/ko/p/5789382
달위니 15년 1000ml,달위니,120.65,127.0,5.0,531,0,0.0,6,Y,1220:싱글몰트 위스키,5082286,111231000021,https://www.shilladfs.com/estore/kr/ko/p/5082286
글렌글라사 12yo 700ml,GLENGLASSAUGH,59.85,63.0,5.0,62,0,0.0,6,Y,1220:싱글몰트 위스키,5534638,114931000061,https://www.shilladfs.com/estore/kr/ko/p/5534638
글렌파클라스 105 1000ml,글렌파클라스,119.7,126.0,5.0,640,0,0.0,6,Y,1220:싱글몰트 위스키,5226622,265931000001,https://www.shilladfs.com/estore/kr/ko/p/5226622
발베니 클래식 VAP 700ml,발베니,59.59,101.0,41.0,163,1,10.0,6,Y,1220:싱글몰트 위스키,5516906,112231000039,https://www.shilladfs.com/estore/kr/ko/p/5516906
주라 더 팹스 700ml,주라,118.8,132.0,10.0,89,1,10.0,6,Y,1220:싱글몰트 위스키,5166844,114431000041,https://www.shilladfs.com/estore/kr/ko/p/5166844
우드포드 리저브 Kentucky Derby 적마 에디션 1000ml,우드포드 리저브,57.0,60.0,5.0,154,0,0.0,6,Y,1211:블렌디드 위스키,5070956,114931000012,https://www.shilladfs.com/estore/kr/ko/p/5070956
Old Pulteney 16 Years Old 700ml,올드풀트니,114.0,120.0,5.0,36,0,0.0,6,Y,1220:싱글몰트 위스키,5865719,265831000010,https://www.shilladfs.com/estore/kr/ko/p/5865719
몰트락 네버바운드 700ml,몰트락,114.0,120.0,5.0,39,0,0.0,6,Y,1220:싱글몰트 위스키,5845281,111231000053,https://www.shilladfs.com/estore/kr/ko/p/5845281
로크로몬드 8년 Madeira 1000ml,로크 로몬드,23.4,52.0,55.0,104,2,10.0,6,Y,1220:싱글몰트 위스키,5267810,268831000002,https://www.shilladfs.com/estore/kr/ko/p/5267810
Balblair 15 Years Old 1000ml,발블레어,112.5,125.0,10.0,15,0,0.0,6,Y,1220:싱글몰트 위스키,5865409,265731000006,https://www.shilladfs.com/estore/kr/ko/p/5865409
GLENSCOT LIQU 2016 Exclusive Cask 700ml,글렌 스코시아,112.5,125.0,10.0,173,3,10.0,0,N,1220:싱글몰트 위스키,5712162,265131000005,https://www.shilladfs.com/estore/kr/ko/p/5712162
패터캐른 17년 700ml,패터캐른,111.6,124.0,10.0,65,0,0.0,6,Y,1220:싱글몰트 위스키,5401205,114431000108,https://www.shilladfs.com/estore/kr/ko/p/5401205
기원 달 700ml,기원 위스키,54.15,57.0,5.0,72,0,0.0,6,Y,1220:싱글몰트 위스키,5757509,922031000007,https://www.shilladfs.com/estore/kr/ko/p/5757509
카발란 마스터 셀렉트 넘버 2 1000ml,카발란,108.0,135.0,20.0,116,0,0.0,6,Y,1220:싱글몰트 위스키,5706812,249031000048,https://www.shilladfs.com/estore/kr/ko/p/5706812
메이커스 마크 1000ml,메이커스마크,53.2,56.0,5.0,524,3,10.0,6,Y,1211:블렌디드 위스키,5070543,109831000005,https://www.shilladfs.com/estore/kr/ko/p/5070543
요이치 싱글 몰트 그란데 700ml,닛카 위스키,104.5,110.0,5.0,218,1,10.0,6,Y,1220:싱글몰트 위스키,5804866,292531000002,https://www.shilladfs.com/estore/kr/ko/p/5804866
미야기쿄 싱글 몰트 그란데 700ml,닛카 위스키,104.5,110.0,5.0,132,2,10.0,6,Y,1220:싱글몰트 위스키,5804865,292531000001,https://www.shilladfs.com/estore/kr/ko/p/5804865
잭다니엘 골드 700ml,잭다니엘,51.48,99.0,48.0,92,0,0.0,6,Y,1211:Blended Whisky,3331541,114931000007,https://www.shilladfs.com/estore/kr/ko/p/3331541
글렌피딕 XX 700ml,글렌피딕,50.6,92.0,45.0,237,2,9.0,6,Y,1220:싱글몰트 위스키,5437409,082331000052,https://www.shilladfs.com/estore/kr/ko/p/5437409
부쉬밀 쉐리 캐스크 10년 1000ml,부쉬밀,33.6,70.0,52.0,149,0,0.0,6,Y,1220:싱글몰트 위스키,5200752,130531000019,https://www.shilladfs.com/estore/kr/ko/p/5200752
탐나불린 SB 1000ml,탐나불린,50.4,56.0,10.0,100,2,9.0,6,Y,1220:싱글몰트 위스키,5462651,114431000096,https://www.shilladfs.com/estore/kr/ko/p/5462651
탐나불린 1000ml,탐나불린,50.4,56.0,10.0,121,0,0.0,6,Y,1220:싱글몰트 위스키,5166845,114431000042,https://www.shilladfs.com/estore/kr/ko/p/5166845
아녹 12년 700ml,아녹,31.95,71.0,55.0,134,1,10.0,6,Y,1220:싱글몰트 위스키,5248782,266431000001,https://www.shilladfs.com/estore/kr/ko/p/5248782
글렌알라키 9년 도우로밸리 700ml,글렌알라키,97.2,108.0,10.0,253,1,10.0,2,Y,1220:싱글몰트 위스키,5330414,265631000004,https://www.shilladfs.com/estore/kr/ko/p/5330414
레드브레스트 15년 700ml,제임슨,96.9,102.0,5.0,66,0,0.0,0,N,1211:블렌디드 위스키,5769829,110531000007,https://www.shilladfs.com/estore/kr/ko/p/5769829
하이랜드 파크 WOLF 14년 1000ml ,하이랜드 파크,90.0,100.0,10.0,180,0,0.0,6,Y,1220:싱글몰트 위스키,5145172,112031000019,https://www.shilladfs.com/estore/kr/ko/p/5145172
카미키 사쿠라 500ml,카미키,44.52,84.0,47.0,15,0,0.0,6,Y,1211:블렌디드 위스키,5696485,254631000027,https://www.shilladfs.com/estore/kr/ko/p/5696485
웰러 스페셜 리저브 375ml,버팔로 트레이스,28.8,48.0,40.0,25,0,0.0,6,Y,1211:블렌디드 위스키,5898263,258231000027,https://www.shilladfs.com/estore/kr/ko/p/5898263
TAMDHU 14yo Ambar Vintage 2009 700ml,탐두,86.18,139.0,38.0,51,0,0.0,6,Y,1220:싱글몰트 위스키,5865403,294531000006,https://www.shilladfs.com/estore/kr/ko/p/5865403
폴 존 피티드 1000ml,폴 존,43.0,100.0,57.0,64,0,0.0,6,Y,1220:싱글몰트 위스키,5311922,249031000023,https://www.shilladfs.com/estore/kr/ko/p/5311922
부쉬밀 버번 캐스크 15년 700ml,부쉬밀,85.5,90.0,5.0,195,2,10.0,6,Y,1220:싱글몰트 위스키,5200759,130531000020,https://www.shilladfs.com/estore/kr/ko/p/5200759
니카 더 세션 700ml,니카,42.35,77.0,45.0,24,0,0.0,6,Y,1211:블렌디드 위스키,5157340,254631000024,https://www.shilladfs.com/estore/kr/ko/p/5157340
발렌타인 10년 1000ml,발렌타인,41.8,44.0,5.0,64,0,0.0,6,Y,1211:블렌디드 위스키,5269996,046131000052,https://www.shilladfs.com/estore/kr/ko/p/5269996
폴 존 클래식 1000ml,폴 존,41.8,95.0,56.0,27,0,0.0,6,Y,1220:싱글몰트 위스키,5311851,249031000022,https://www.shilladfs.com/estore/kr/ko/p/5311851
Old Pulteney 13 Years Old 1000ml,올드풀트니,82.65,87.0,5.0,16,0,0.0,6,Y,1220:싱글몰트 위스키,5865718,265831000009,https://www.shilladfs.com/estore/kr/ko/p/5865718
타케츠루 퓨어 몰트 그란데 700ml,닛카 위스키,104.5,110.0,5.0,202,3,9.33333333,1,Y,1211:블렌디드 위스키,5804867,292531000003,https://www.shilladfs.com/estore/kr/ko/p/5804867
달모어 12년 1000ml,달모어,81.9,117.0,30.0,637,9,9.77777778,0,N,1220:싱글몰트 위스키,3612922,114431000003,https://www.shilladfs.com/estore/kr/ko/p/3612922
와일드터키 켄터키 스피릿 1L,와일드터키,40.7,74.0,45.0,160,0,0.0,6,Y,1211:블렌디드 위스키,5408280,257231000005,https://www.shilladfs.com/estore/kr/ko/p/5408280
잭다니엘 젠틀맨 잭 200ml,잭다니엘,13.5,15.0,10.0,74,0,0.0,6,Y,1211:블렌디드 위스키,5088301,114931000030,https://www.shilladfs.com/estore/kr/ko/p/5088301
브룩라디 Sherry Cask_700ml,브룩라디,34.5,69.0,50.0,181,0,0.0,6,Y,1220:싱글몰트 위스키,5386814,085131000084,https://www.shilladfs.com/estore/kr/ko/p/5386814
토마틴 16년 700ml,토마틴,39.9,95.0,58.0,124,0,0.0,6,Y,1220:싱글몰트 위스키,5310222,270131000003,https://www.shilladfs.com/estore/kr/ko/p/5310222
크라이겔라키 13년 1000ml,크라이겔라키,79.8,84.0,5.0,48,1,10.0,6,Y,1220:싱글몰트 위스키,5560825,113531000021,https://www.shilladfs.com/estore/kr/ko/p/5560825
와일드터키 101 1000ml,와일드터키,26.4,48.0,45.0,404,3,10.0,6,Y,1211:블렌디드 위스키,5173368,257231000002,https://www.shilladfs.com/estore/kr/ko/p/5173368
고든앤맥패일 디스커버리 글렌로티스 11년 700ml,고든 앤 맥패일,78.85,83.0,5.0,28,0,0.0,0,N,1220:싱글몰트 위스키,5677225,115431000172,https://www.shilladfs.com/estore/kr/ko/p/5677225
보모어 16년 700ml,보모어,77.0,110.0,30.0,374,1,10.0,6,Y,1220:싱글몰트 위스키,5524532,114231000053,https://www.shilladfs.com/estore/kr/ko/p/5524532
잭다니엘 아메리칸 싱글몰트 1000ml,잭다니엘,76.0,80.0,5.0,183,0,0.0,6,Y,1220:싱글몰트 위스키,5316476,114931000047,https://www.shilladfs.com/estore/kr/ko/p/5316476
마츠이 사쿠라 캐스크 700ml,마츠이,76.0,95.0,20.0,38,0,0.0,6,Y,1220:싱글몰트 위스키,5157338,254631000019,https://www.shilladfs.com/estore/kr/ko/p/5157338
글렌드로낙 10년 1000ml,글렌드로낙,76.0,80.0,5.0,550,1,10.0,6,Y,1220:싱글몰트 위스키,5088303,114931000033,https://www.shilladfs.com/estore/kr/ko/p/5088303
페넬로페 프로젝트 X 메이플 브륄레 750ml,페닐로페,75.65,89.0,15.0,56,0,0.0,6,Y,1220:싱글몰트 위스키,5916221,287531000014,https://www.shilladfs.com/estore/kr/ko/p/5916221
부나하벤 에리 1000ml,부나하벤,74.7,83.0,10.0,216,2,10.0,0,N,1220:싱글몰트 위스키,5229282,265331000001,https://www.shilladfs.com/estore/kr/ko/p/5229282
시바스리갈 18년 200ml,시바스리갈,24.7,26.0,5.0,177,3,10.0,6,Y,1211:블렌디드 위스키,5075893,110331000024,https://www.shilladfs.com/estore/kr/ko/p/5075893
짐빔 블랙 체커팩 1000ml,짐빔,37.05,39.0,5.0,3,0,0.0,6,Y,1211:블렌디드 위스키,5394250,109831000032,https://www.shilladfs.com/estore/kr/ko/p/5394250
짐빔 블랙 1000ml,짐빔,37.05,39.0,5.0,159,0,0.0,5,Y,1211:블렌디드 위스키,5070542,109831000003,https://www.shilladfs.com/estore/kr/ko/p/5070542
글렌글라사 포트소이 700ml,GLENGLASSAUGH,73.15,77.0,5.0,51,0,0.0,6,Y,1220:싱글몰트 위스키,5534639,114931000063,https://www.shilladfs.com/estore/kr/ko/p/5534639
벤리악 Triple Distilled 10년 1000ml,벤리악,73.15,77.0,5.0,126,0,0.0,6,Y,1220:싱글몰트 위스키,5303576,114931000042,https://www.shilladfs.com/estore/kr/ko/p/5303576
페넬로페 프로젝트 X 스페니시 브랜디 750ml,페닐로페,75.65,89.0,15.0,46,0,0.0,6,Y,1220:싱글몰트 위스키,5916422,287531000015,https://www.shilladfs.com/estore/kr/ko/p/5916422
더글라스랭 OP ARDMORE 15년 700ml,더글라스랭,70.03,149.0,53.0,33,0,0.0,6,Y,1220:싱글몰트 위스키,5228865,265431000005,https://www.shilladfs.com/estore/kr/ko/p/5228865
브룩라디 Port Charlotte 10년 1000ml,브룩라디,109.25,115.0,5.0,195,0,0.0,1,Y,1220:싱글몰트 위스키,5208379,085131000069,https://www.shilladfs.com/estore/kr/ko/p/5208379
발렌타인 FINEST 1000ml,발렌타인,13.5,25.0,46.0,194,5,9.6,6,Y,1211:블렌디드 위스키,5070257,046131000011,https://www.shilladfs.com/estore/kr/ko/p/5070257
글렌알라키 8년 700ml,글렌알라키,67.34,91.0,26.0,133,0,0.0,6,Y,1220:싱글몰트 위스키,5249072,265631000001,https://www.shilladfs.com/estore/kr/ko/p/5249072
아드벡 언 오 1000ml,아드벡,65.6,82.0,20.0,109,0,0.0,6,Y,1220:싱글몰트 위스키,5388184,108631000023,https://www.shilladfs.com/estore/kr/ko/p/5388184
뉴리프 바틀인본드 버번 750ml,뉴리프,64.6,68.0,5.0,32,0,0.0,6,Y,1211:블렌디드 위스키,5916570,295531000001,https://www.shilladfs.com/estore/kr/ko/p/5916570
맥탈라 올드퍼스 케스크 스트랭스 700ml,맥탈라,64.6,68.0,5.0,44,0,0.0,6,Y,1220:싱글몰트 위스키,5311921,249031000020,https://www.shilladfs.com/estore/kr/ko/p/5311921
더글라스랭 TIMOROUS BESTIE 10년 700ml,더글라스랭,63.65,67.0,5.0,23,0,0.0,4,Y,1220:싱글몰트 위스키,5228858,265431000002,https://www.shilladfs.com/estore/kr/ko/p/5228858
탈리스커 다크 스톰 1000ml,탈리스커,120.65,127.0,5.0,198,1,10.0,6,Y,1220:싱글몰트 위스키,5070436,111131000001,https://www.shilladfs.com/estore/kr/ko/p/5070436
와일드터키101 라이 1000ml,와일드터키,21.16,46.0,54.0,44,0,0.0,6,Y,1211:블렌디드 위스키,5690489,257231000009,https://www.shilladfs.com/estore/kr/ko/p/5690489
짐빔 리젠트 버번 700ml,짐빔,31.5,70.0,55.0,30,0,0.0,6,Y,1211:블렌디드 위스키,5264871,109831000031,https://www.shilladfs.com/estore/kr/ko/p/5264871
글렌모레이 슈냉 블랑 700ml,글렌모레이,62.55,139.0,55.0,7,0,0.0,6,Y,1220:싱글몰트 위스키,5707056,249031000013,https://www.shilladfs.com/estore/kr/ko/p/5707056
주라 IE 3 1000ml,주라,62.1,69.0,10.0,25,0,0.0,6,Y,1220:싱글몰트 위스키,5462592,114431000095,https://www.shilladfs.com/estore/kr/ko/p/5462592
하이랜드 파크 BEAR 1000ml,하이랜드 파크,30.87,63.0,51.0,41,0,0.0,6,Y,1220:싱글몰트 위스키,5145171,112031000018,https://www.shilladfs.com/estore/kr/ko/p/5145171
발베니 Stories Creation Classic 700ml,발베니,60.6,101.0,40.0,1397,3,10.0,6,Y,1220:싱글몰트 위스키,5108415,112231000023,https://www.shilladfs.com/estore/kr/ko/p/5108415
버팔로 트레이스 버번 위스키 1000ml,버팔로 트레이스,28.5,30.0,5.0,472,1,10.0,6,Y,1211:블렌디드 위스키,5310223,258231000003,https://www.shilladfs.com/estore/kr/ko/p/5310223
시바스리갈 13년 Rum Cask 1000ml,시바스리갈,29.0,58.0,50.0,54,1,10.0,6,Y,1211:블렌디드 위스키,5075762,110331000028,https://www.shilladfs.com/estore/kr/ko/p/5075762
웰러 스페셜 리저브 750ml,버팔로 트레이스,57.6,96.0,40.0,88,0,0.0,6,Y,1211:블렌디드 위스키,5676433,258231000022,https://www.shilladfs.com/estore/kr/ko/p/5676433
우드포드 리저브 홀리데이 에디션 1L,우드포드 리저브,57.0,60.0,5.0,90,1,10.0,6,Y,1211:블렌디드 위스키,5429234,114931000056,https://www.shilladfs.com/estore/kr/ko/p/5429234
로크로몬드 12년 Perfectly Balanced 1000ml ,로크 로몬드,53.1,59.0,10.0,174,2,10.0,1,Y,1220:싱글몰트 위스키,5267807,268831000003,https://www.shilladfs.com/estore/kr/ko/p/5267807
산토리 토키 블랙 1000ml,산토리,52.25,55.0,5.0,35,0,0.0,0,N,1211:블렌디드 위스키,5746023,114131000045,https://www.shilladfs.com/estore/kr/ko/p/5746023
스카라버스 배치 스트랭스 700ml,스카라버스,26.0,65.0,60.0,38,0,0.0,6,Y,1220:싱글몰트 위스키,5304437,249031000033,https://www.shilladfs.com/estore/kr/ko/p/5304437
카이요 Japanese Mizunara Signature 700ml,카이요 위스키,57.5,115.0,50.0,47,0,0.0,6,Y,1220:싱글몰트 위스키,5437282,276631000004,https://www.shilladfs.com/estore/kr/ko/p/5437282
짐빔 놉크릭 700ml,짐빔,50.35,53.0,5.0,241,0,0.0,6,Y,1211:블렌디드 위스키,5166851,109831000017,https://www.shilladfs.com/estore/kr/ko/p/5166851
듀어스 12년 1000ml,듀어스,49.4,52.0,5.0,179,0,0.0,6,Y,1211:블렌디드 위스키,5070785,113531000001,https://www.shilladfs.com/estore/kr/ko/p/5070785
GLENGOINE 12yo First-Fill Edition 1000ml,글렌고인,48.98,79.0,38.0,24,0,0.0,6,Y,1220:싱글몰트 위스키,5865404,294531000001,https://www.shilladfs.com/estore/kr/ko/p/5865404
부쉬밀 블랙부쉬 80/20 PX 1000ml,부쉬밀,24.0,50.0,52.0,63,0,0.0,6,Y,1211:블렌디드 위스키,5200758,130531000018,https://www.shilladfs.com/estore/kr/ko/p/5200758
히노토리 골드오락(그랜다이저) 피트 위스키 700ml,히노토리,47.25,105.0,55.0,52,0,0.0,6,Y,1211:블렌디드 위스키,5392882,273831000001,https://www.shilladfs.com/estore/kr/ko/p/5392882
히노토리 골드오락(그랜다이저) 골드 위스키 700ml,히노토리,47.25,105.0,55.0,30,0,0.0,6,Y,1211:블렌디드 위스키,5392958,273831000005,https://www.shilladfs.com/estore/kr/ko/p/5392958
타운브랜치 트루 케스크 버번 750ml,타운브랜치,46.9,67.0,30.0,40,0,0.0,2,Y,1211:블렌디드 위스키,5219706,262731000003,https://www.shilladfs.com/estore/kr/ko/p/5219706
시바스리갈 12년 1000ml,시바스리갈,45.6,48.0,5.0,129,0,0.0,6,Y,1211:블렌디드 위스키,5070399,110331000004,https://www.shilladfs.com/estore/kr/ko/p/5070399
짐빔 베이커스 BBN 750ml,짐빔,85.5,90.0,5.0,92,0,0.0,6,Y,1211:블렌디드 위스키,5221867,109831000029,https://www.shilladfs.com/estore/kr/ko/p/5221867
잭다니엘 젠틀맨 잭 1000ml,잭다니엘,43.7,46.0,5.0,122,0,0.0,6,Y,1211:블렌디드 위스키,5070934,114931000002,https://www.shilladfs.com/estore/kr/ko/p/5070934
"웰러SR, 버팔로트레이스 듀오팩 (375ml X 2)",버팔로 트레이스,42.92,74.0,42.0,56,0,0.0,6,Y,1211:블렌디드 위스키,5762840,258231000025,https://www.shilladfs.com/estore/kr/ko/p/5762840
오켄토션 블러드 오크 1000ml,오켄토션,42.8,107.0,60.0,31,0,0.0,6,Y,1220:싱글몰트 위스키,5109734,114231000030,https://www.shilladfs.com/estore/kr/ko/p/5109734
ABERLOUR 13년 700ml,발렌타인,42.0,75.0,44.0,52,0,0.0,6,Y,1220:싱글몰트 위스키,5663013,046131000060,https://www.shilladfs.com/estore/kr/ko/p/5663013
더 글렌그란트 캐스크 헤이븐 1000ml,더 글렌그란트,40.89,87.0,53.0,54,0,0.0,6,Y,1220:싱글몰트 위스키,5173367,257131000001,https://www.shilladfs.com/estore/kr/ko/p/5173367
보모어 14년 700ml,보모어,47.6,68.0,30.0,144,0,0.0,6,Y,1220:싱글몰트 위스키,5524536,114231000052,https://www.shilladfs.com/estore/kr/ko/p/5524536
시바스리갈 12년 200ml,시바스리갈,10.45,11.0,5.0,68,0,0.0,6,Y,1211:블렌디드 위스키,5070401,110331000006,https://www.shilladfs.com/estore/kr/ko/p/5070401
더 글렌그란트 12년 1000ml,더 글렌그란트,39.0,78.0,50.0,261,0,0.0,6,Y,1220:싱글몰트 위스키,5224926,257131000005,https://www.shilladfs.com/estore/kr/ko/p/5224926
Jerez Sherry Cask 1000ml,스페이번,37.44,72.0,48.0,5,0,0.0,6,Y,1220:싱글몰트 위스키,5866023,266531000007,https://www.shilladfs.com/estore/kr/ko/p/5866023
더 아일라 보이즈 베어렉스 배틀 엑스 아일라 700ml,더 아일라 보이즈,35.1,78.0,55.0,17,0,0.0,6,Y,1220:싱글몰트 위스키,5232740,263431000001,https://www.shilladfs.com/estore/kr/ko/p/5232740
브룩라디 THE LADDIE 8 700ml,브룩라디,33.5,67.0,50.0,92,0,0.0,6,Y,1220:싱글몰트 위스키,5100236,085131000028,https://www.shilladfs.com/estore/kr/ko/p/5100236
시바스리갈 엑스트라 셰리 캐스크 셀렉션 1000ml,시바스리갈,32.48,58.0,44.0,5,0,0.0,6,Y,1211:블렌디드 위스키,5828032,110331000036,https://www.shilladfs.com/estore/kr/ko/p/5828032
엔젤스 엔비 플래그십 700ml,듀어스,32.34,49.0,34.0,23,0,0.0,6,Y,1211:블렌디드 위스키,5791017,113531000091,https://www.shilladfs.com/estore/kr/ko/p/5791017
잭다니엘 FOB Set 250ml,잭다니엘,32.3,34.0,5.0,180,0,0.0,6,Y,1211:블렌디드 위스키,5657679,114931000066,https://www.shilladfs.com/estore/kr/ko/p/5657679
골드바 위스키 1000ml,골드바 위스키,30.55,65.0,53.0,41,0,0.0,6,Y,1211:블렌디드 위스키,5304449,249031000042,https://www.shilladfs.com/estore/kr/ko/p/5304449
딘스톤 10년 700ml,딘스톤,28.98,63.0,54.0,35,0,0.0,6,Y,1220:싱글몰트 위스키,5228672,264431000002,https://www.shilladfs.com/estore/kr/ko/p/5228672
헤븐스도어 Double Barrel Whiskey 750ml,헤븐스도어,27.6,60.0,54.0,21,0,0.0,6,Y,1211:블렌디드 위스키,5284792,270331000002,https://www.shilladfs.com/estore/kr/ko/p/5284792
페이머스 그라우스 1000ml,발베니,13.75,25.0,45.0,4,0,0.0,0,N,1211:블렌디드 위스키,5957381,112231000051,https://www.shilladfs.com/estore/kr/ko/p/5957381
맥탈라 올드퍼스 더 오리지널 700ml,맥탈라,24.75,55.0,55.0,22,0,0.0,6,Y,1220:싱글몰트 위스키,5311849,249031000019,https://www.shilladfs.com/estore/kr/ko/p/5311849
윌더니스 트레일 켄터키 스트레이트 휘티드 버번 750ml,WILDERNESS TRAIL,23.0,50.0,54.0,11,0,0.0,6,Y,1211:블렌디드 위스키,5690487,256731000010,https://www.shilladfs.com/estore/kr/ko/p/5690487
딘스톤 버진 오크 700ml,딘스톤,23.0,50.0,54.0,24,0,0.0,6,Y,1220:싱글몰트 위스키,5228673,264431000001,https://www.shilladfs.com/estore/kr/ko/p/5228673
잭다니엘 테네시 허니 200ml,잭다니엘,11.4,12.0,5.0,80,0,0.0,6,Y,1211:블렌디드 위스키,5088306,114931000031,https://www.shilladfs.com/estore/kr/ko/p/5088306
사제락 라이 위스키 750ml,버팔로 트레이스,22.54,46.0,51.0,89,0,0.0,6,Y,1211:블렌디드 위스키,5310162,258231000001,https://www.shilladfs.com/estore/kr/ko/p/5310162
글렌모레이 커티 샥 프라히비션 1000ml,글렌모레이,22.0,50.0,56.0,68,0,0.0,6,Y,1211:블렌디드 위스키,5312123,249031000027,https://www.shilladfs.com/estore/kr/ko/p/5312123
잭다니엘 블랙 맥라렌 에디션 1000ml,잭다니엘,21.84,42.0,48.0,103,0,0.0,6,Y,1211:블렌디드 위스키,5334658,114931000048,https://www.shilladfs.com/estore/kr/ko/p/5334658
짐빔 싱글 배럴  750ml,짐빔,21.15,47.0,55.0,72,0,0.0,6,Y,1211:블렌디드 위스키,5303267,109831000018,https://www.shilladfs.com/estore/kr/ko/p/5303267
잭다니엘 Black Label Tin 1000ml,잭다니엘,21.0,35.0,40.0,22,0,0.0,6,Y,1211:블렌디드 위스키,5303971,114931000046,https://www.shilladfs.com/estore/kr/ko/p/5303971
파이어볼 시나몬 위스키 1000ml,버팔로 트레이스,19.95,21.0,5.0,59,2,7.0,6,Y,1211:블렌디드 위스키,5302184,258231000006,https://www.shilladfs.com/estore/kr/ko/p/5302184
부쉬밀 오리지널 아이리쉬 위스키 1000ml,부쉬밀,14.4,30.0,52.0,38,0,0.0,6,Y,1211:블렌디드 위스키,5200751,130531000017,https://www.shilladfs.com/estore/kr/ko/p/5200751
잭다니엘 블랙 라벨 200ml,잭다니엘,11.4,12.0,5.0,27,0,0.0,6,Y,1211:블렌디드 위스키,5657680,114931000065,https://www.shilladfs.com/estore/kr/ko/p/5657680
페넬로페 하바나 750ml,페닐로페,183.6,204.0,10.0,17,0,0.0,6,Y,1211:블렌디드 위스키,5970311,287531000016,https://www.shilladfs.com/estore/kr/ko/p/5970311
메이커스마크 할리데이 에디션 1000ml,메이커스마크,36.4,56.0,35.0,2,0,0.0,6,Y,1211:블렌디드 위스키,5809826,109831000037,https://www.shilladfs.com/estore/kr/ko/p/5809826
짐빔 블랙 7년 1000ml,짐빔,37.05,39.0,5.0,1,0,0.0,6,Y,1211:블렌디드 위스키,5833135,109831000038,https://www.shilladfs.com/estore/kr/ko/p/5833135
네이키드 몰트 1000ml,발베니,24.75,45.0,45.0,11,0,0.0,0,N,1211:블렌디드 위스키,5957380,112231000053,https://www.shilladfs.com/estore/kr/ko/p/5957380
페이머스 그라우스 쉐리 1000ml,발베니,15.4,28.0,45.0,5,0,0.0,0,N,1211:블렌디드 위스키,5957379,112231000052,https://www.shilladfs.com/estore/kr/ko/p/5957379
더 글렌리벳 40년 700ml,글렌리벳,2860.0,5500.0,48.0,2,0,0.0,0,N,1220:싱글몰트 위스키,5954010,110431000035,https://www.shilladfs.com/estore/kr/ko/p/5954010
퍼컬렌 18년 700ml,퍼컬렌,109.9,157.0,30.0,59,0,0.0,4,Y,1220:싱글몰트 위스키,5304448,249031000039,https://www.shilladfs.com/estore/kr/ko/p/5304448
커티삭 센테너리 700ml,글렌모레이,1092.0,1560.0,30.0,3,0,0.0,0,N,1211:블렌디드 위스키,5304443,249031000046,https://www.shilladfs.com/estore/kr/ko/p/5304443
로얄살루트 55년 타임시리즈 700ml,로얄살루트,35525.0,50750.0,30.0,8,0,0.0,1,Y,1211:블렌디드 위스키,5948828,110231000042,https://www.shilladfs.com/estore/kr/ko/p/5948828
로얄살루트 52년 700ml,로얄살루트,21315.0,30450.0,30.0,3,0,0.0,0,N,1211:블렌디드 위스키,5081235,110231000026,https://www.shilladfs.com/estore/kr/ko/p/5081235
로얄살루트 찰스 3세 대관식 에디션 700ml,로얄살루트,17762.5,25375.0,30.0,4,0,0.0,3,Y,1211:블렌디드 위스키,5948826,110231000030,https://www.shilladfs.com/estore/kr/ko/p/5948826
더 글렌리벳 트리플 캐스크 머추어드 1000ml,글렌리벳,61.75,65.0,5.0,6,0,0.0,6,Y,1220:싱글몰트 위스키,5948829,110431000039,https://www.shilladfs.com/estore/kr/ko/p/5948829
벤리악 50년 1966 700ml,벤리악,20988.0,31800.0,34.0,4,0,0.0,1,Y,1220:싱글몰트 위스키,5948006,114931000060,https://www.shilladfs.com/estore/kr/ko/p/5948006
발렌타인 21년 아티스트 에디션 5 700ml,발렌타인,158.65,167.0,5.0,7,0,0.0,6,Y,1211:블렌디드 위스키,5945876,046131000067,https://www.shilladfs.com/estore/kr/ko/p/5945876
발렌타인 40년 마스터 콜렉션 챕터 2 700ml,발렌타인,9236.5,13195.0,30.0,3,0,0.0,1,Y,1211:블렌디드 위스키,5945875,046131000055,https://www.shilladfs.com/estore/kr/ko/p/5945875
발렌타인 17년 500ml,발렌타인,63.65,67.0,5.0,70,0,0.0,0,N,1211:블렌디드 위스키,5900539,046131000066,https://www.shilladfs.com/estore/kr/ko/p/5900539
Bordeaux Red Wine Cask 1000ml,스페이번,53.1,59.0,10.0,2,0,0.0,6,Y,1220:싱글몰트 위스키,5866022,266531000006,https://www.shilladfs.com/estore/kr/ko/p/5866022
Kentucky Bourbon Cask 1000ml,스페이번,27.04,52.0,48.0,3,0,0.0,6,Y,1220:싱글몰트 위스키,5866024,266531000005,https://www.shilladfs.com/estore/kr/ko/p/5866024
Balblair 12 Years Old 1000ml,발블레어,41.6,80.0,48.0,5,0,0.0,6,Y,1220:싱글몰트 위스키,5865410,265731000005,https://www.shilladfs.com/estore/kr/ko/p/5865410
시바스리갈 엑스트라 럼 캐스크 셀렉션 1000ml,시바스리갈,55.1,58.0,5.0,3,0,0.0,6,Y,1211:블렌디드 위스키,5897717,110331000037,https://www.shilladfs.com/estore/kr/ko/p/5897717
Old Pulteney 10 Years Old 1000ml,올드풀트니,56.05,59.0,5.0,4,0,0.0,6,Y,1220:싱글몰트 위스키,5866021,265831000008,https://www.shilladfs.com/estore/kr/ko/p/5866021
TAMDHU Cuatro Reserva 700ml,탐두,60.14,97.0,38.0,32,0,0.0,6,Y,1220:싱글몰트 위스키,5865402,294531000005,https://www.shilladfs.com/estore/kr/ko/p/5865402
발렌타인 25년 GLENBURGIE 700ml,발렌타인,279.3,399.0,30.0,68,0,0.0,6,Y,1220:싱글몰트 위스키,5885749,046131000069,https://www.shilladfs.com/estore/kr/ko/p/5885749
보모어 11년 700ml,보모어,38.5,55.0,30.0,12,0,0.0,6,Y,1220:싱글몰트 위스키,5833044,114231000059,https://www.shilladfs.com/estore/kr/ko/p/5833044
글렌모렌지 12년 어코드 1000ml,글렌모렌지,57.75,77.0,25.0,25,0,0.0,0,N,1220:싱글몰트 위스키,5868420,108631000067,https://www.shilladfs.com/estore/kr/ko/p/5868420
아드벡 스모크트레일즈 배치3 1000ml,아드벡,71.25,95.0,25.0,40,0,0.0,0,N,1220:싱글몰트 위스키,5867964,108631000065,https://www.shilladfs.com/estore/kr/ko/p/5867964
아드벡 10년 1000ml,아드벡,54.0,72.0,25.0,92,0,0.0,0,N,1220:싱글몰트 위스키,5070389,108631000004,https://www.shilladfs.com/estore/kr/ko/p/5070389
BLADNOCH 19YO 700ml,블라드녹,227.2,284.0,20.0,190,4,9.5,0,N,1220:싱글몰트 위스키,5834297,293331000002,https://www.shilladfs.com/estore/kr/ko/p/5834297
글렌모렌지 16년 트리뷰트 1000ml,글렌모렌지,74.25,99.0,25.0,51,0,0.0,0,N,1220:싱글몰트 위스키,5843623,108631000069,https://www.shilladfs.com/estore/kr/ko/p/5843623
글렌모렌지 14년 엘레멘타 1000ml,글렌모렌지,67.5,90.0,25.0,35,0,0.0,0,N,1220:싱글몰트 위스키,5843622,108631000068,https://www.shilladfs.com/estore/kr/ko/p/5843622
글렌모렌지 시그넷 700ml,글렌모렌지,178.2,198.0,10.0,664,1,10.0,0,N,1220:싱글몰트 위스키,5843621,108631000063,https://www.shilladfs.com/estore/kr/ko/p/5843621
발베니12년 골든캐스크 IGL 700ml,발베니,48.0,80.0,40.0,162,0,0.0,0,N,1220:싱글몰트 위스키,5815472,112231000049,https://www.shilladfs.com/estore/kr/ko/p/5815472
벤리악 25년 1997 캐스크 에디션 700ml,벤리악,456.0,480.0,5.0,791,14,9.71428571,0,N,1220:싱글몰트 위스키,5337400,114931000049,https://www.shilladfs.com/estore/kr/ko/p/5337400
더 글렌리벳 14년 1000ml,글렌리벳,80.75,85.0,5.0,42,0,0.0,6,Y,1220:싱글몰트 위스키,5828031,110431000038,https://www.shilladfs.com/estore/kr/ko/p/5828031
GF LIQU GF19 Aston Martin F1 700ml,글렌피딕,95.7,165.0,42.0,229,0,0.0,0,N,1220:싱글몰트 위스키,5798745,082331000060,https://www.shilladfs.com/estore/kr/ko/p/5798745
GF LIQU GF18 Vat 4 IGL Festive 700ml,글렌피딕,94.25,145.0,35.0,141,0,0.0,0,N,1220:싱글몰트 위스키,5798744,082331000059,https://www.shilladfs.com/estore/kr/ko/p/5798744
조니워커 레드 1L,조니워커,27.55,29.0,5.0,20,0,0.0,6,Y,1211:블렌디드 위스키,5817684,046331000090,https://www.shilladfs.com/estore/kr/ko/p/5817684
카미키 인텐스 500ml,카미키,67.2,84.0,20.0,4,0,0.0,6,Y,1211:블렌디드 위스키,5696486,254631000026,https://www.shilladfs.com/estore/kr/ko/p/5696486
시그나토리 글렌알라키 2009 캐스크 스트렝스 15년 #900864 700ml,시그나토리 빈티지,214.7,226.0,5.0,184,3,8.66666667,0,N,1220:싱글몰트 위스키,5788000,288631000003,https://www.shilladfs.com/estore/kr/ko/p/5788000
The Deacon 1L,발렌타인,29.4,49.0,40.0,2,0,0.0,6,Y,1211:블렌디드 위스키,5796123,046131000063,https://www.shilladfs.com/estore/kr/ko/p/5796123
엔젤스 엔비 스몰 700ml,듀어스,64.68,98.0,34.0,28,0,0.0,6,Y,1211:블렌디드 위스키,5791018,113531000092,https://www.shilladfs.com/estore/kr/ko/p/5791018
로얄브라클라 24년 익셉셔널 캐스크 CS (올로로소) 700ml,로얄브라클라,629.3,899.0,30.0,157,0,0.0,0,N,1220:싱글몰트 위스키,5791016,113531000088,https://www.shilladfs.com/estore/kr/ko/p/5791016
아드벡 코리브레칸 700ml,아드벡,83.25,111.0,25.0,227,0,0.0,0,N,1220:싱글몰트 위스키,5786504,108631000057,https://www.shilladfs.com/estore/kr/ko/p/5786504
더 글렌그란트 30년 700ml,더 글렌그란트,1800.0,2000.0,10.0,15,0,0.0,0,N,1220:싱글몰트 위스키,5783250,257131000010,https://www.shilladfs.com/estore/kr/ko/p/5783250
잭다니엘 본디드 라이 1000ml,잭다니엘,45.6,48.0,5.0,25,0,0.0,6,Y,1211:블렌디드 위스키,5712651,114931000067,https://www.shilladfs.com/estore/kr/ko/p/5712651
잭다니엘 본디드 1000ml,잭다니엘,45.6,48.0,5.0,49,0,0.0,6,Y,1211:블렌디드 위스키,5712650,114931000068,https://www.shilladfs.com/estore/kr/ko/p/5712650
레드브레스트 12년 700ml,제임슨,60.8,64.0,5.0,37,0,0.0,6,Y,1211:블렌디드 위스키,5769830,110531000009,https://www.shilladfs.com/estore/kr/ko/p/5769830
DALMORE LIQU Fettercairn 50YO 70cl,패터캐른,26235.0,29150.0,10.0,1,0,0.0,1,Y,1220:싱글몰트 위스키,5219287,114431000090,https://www.shilladfs.com/estore/kr/ko/p/5219287
고든앤맥패일 프라이빗컬렉션 링크우드 1981 40년 700ml,고든 앤 맥패일,2009.15,3653.0,45.0,22,0,0.0,1,Y,1220:싱글몰트 위스키,5747995,115431000205,https://www.shilladfs.com/estore/kr/ko/p/5747995
고든앤맥패일 코노세어초이스 스트라스아일라 1985 38년 700ml,고든 앤 맥패일,1943.15,3533.0,45.0,11,0,0.0,1,Y,1220:싱글몰트 위스키,5747994,115431000204,https://www.shilladfs.com/estore/kr/ko/p/5747994
고든앤맥패일 프라이빗컬렉션 스페이번 1977 44년 700ml,고든 앤 맥패일,2773.65,5043.0,45.0,8,0,0.0,0,N,1220:싱글몰트 위스키,5747993,115431000203,https://www.shilladfs.com/estore/kr/ko/p/5747993
고든앤맥패일 코노세어초이스 글렌로지 1988 32년 700ml,고든 앤 맥패일,1434.4,2608.0,45.0,8,0,0.0,1,Y,1220:싱글몰트 위스키,5747992,115431000202,https://www.shilladfs.com/estore/kr/ko/p/5747992
고든앤맥패일 코노세어초이스 하이랜드파크 1987 35년 700ml,고든 앤 맥패일,1437.15,2613.0,45.0,22,0,0.0,1,Y,1220:싱글몰트 위스키,5747991,115431000201,https://www.shilladfs.com/estore/kr/ko/p/5747991
벤리악 40년 700ml,벤리악,3038.0,4900.0,38.0,4,0,0.0,6,Y,1220:싱글몰트 위스키,5757662,114931000051,https://www.shilladfs.com/estore/kr/ko/p/5757662
GF LIQU Glenfiddich 50 Time Series 700ml,글렌피딕,37097.5,52250.0,29.0,9,0,0.0,0,N,1220:싱글몰트 위스키,5188730,082331000050,https://www.shilladfs.com/estore/kr/ko/p/5188730
GF LIQU Glenfiddich 40 700ml,글렌피딕,2907.58,5486.0,47.0,20,0,0.0,1,Y,1220:싱글몰트 위스키,5757402,082331000047,https://www.shilladfs.com/estore/kr/ko/p/5757402
BALVENIE LIQU Balvenie 40 Y3 700ml,발베니,7054.6,10078.0,30.0,33,0,0.0,2,Y,1220:싱글몰트 위스키,5753467,112231000041,https://www.shilladfs.com/estore/kr/ko/p/5753467
윌더니스 트레일 켄터키 스트레이트 하이 라이 버번 750ml,WILDERNESS TRAIL,24.75,55.0,55.0,9,0,0.0,6,Y,1211:블렌디드 위스키,5690486,256731000009,https://www.shilladfs.com/estore/kr/ko/p/5690486
윌더니스 트레일 켄터키 스트레이트 라이 750ml,WILDERNESS TRAIL,47.5,50.0,5.0,3,0,0.0,6,Y,1211:블렌디드 위스키,5690488,256731000011,https://www.shilladfs.com/estore/kr/ko/p/5690488
고든앤맥패일 코노세어초이스 토민타울 2001 22년 700ml,고든 앤 맥패일,349.6,368.0,5.0,21,0,0.0,0,N,1220:싱글몰트 위스키,5724903,115431000190,https://www.shilladfs.com/estore/kr/ko/p/5724903
고든앤맥패일 코노세어초이스 스트라스밀 2008 14년 700ml,고든 앤 맥패일,226.1,238.0,5.0,31,0,0.0,0,N,1220:싱글몰트 위스키,5724902,115431000194,https://www.shilladfs.com/estore/kr/ko/p/5724902
고든앤맥패일 코노세어초이스 글렌버기 1995 27년 700ml,고든 앤 맥패일,553.85,583.0,5.0,51,0,0.0,0,N,1220:싱글몰트 위스키,5724907,115431000196,https://www.shilladfs.com/estore/kr/ko/p/5724907
로얄살루트 62년 건 살루트 컬렉선 더 오리지널 리저브 700ml,로얄살루트,2106.3,3009.0,30.0,48,0,0.0,6,Y,1211:블렌디드 위스키,5739769,110231000036,https://www.shilladfs.com/estore/kr/ko/p/5739769
로얄살루트 62년 건 살루트 컬렉션 더 피티드 리저브 700ml,로얄살루트,2340.8,3344.0,30.0,34,0,0.0,2,Y,1211:블렌디드 위스키,5739770,110231000038,https://www.shilladfs.com/estore/kr/ko/p/5739770
GF LIQU Glenfiddich 39 1985 Cask 700ml,글렌피딕,3465.0,4950.0,30.0,54,1,8.0,6,Y,1220:싱글몰트 위스키,5717430,082331000057,https://www.shilladfs.com/estore/kr/ko/p/5717430
The Lakes Equinox 700ml,더 레이크,112.1,118.0,5.0,13,0,0.0,6,Y,1220:싱글몰트 위스키,5690687,268331000069,https://www.shilladfs.com/estore/kr/ko/p/5690687
The Lakes Kairos 700ml,더 레이크,104.5,110.0,5.0,10,0,0.0,6,Y,1220:싱글몰트 위스키,5690686,268331000068,https://www.shilladfs.com/estore/kr/ko/p/5690686
The Lakes Resfeber 700ml,더 레이크,104.5,110.0,5.0,10,0,0.0,6,Y,1220:싱글몰트 위스키,5690684,268331000067,https://www.shilladfs.com/estore/kr/ko/p/5690684
The Lakes Reserve No.7 700ml,더 레이크,107.35,113.0,5.0,28,0,0.0,0,N,1220:싱글몰트 위스키,5690685,268331000066,https://www.shilladfs.com/estore/kr/ko/p/5690685
The Lakes Reserve No.6 700ml,더 레이크,107.35,113.0,5.0,25,0,0.0,4,Y,1220:싱글몰트 위스키,5690683,268331000065,https://www.shilladfs.com/estore/kr/ko/p/5690683
아드벡 우거다일 700ml,아드벡,68.25,91.0,25.0,293,0,0.0,0,N,1220:싱글몰트 위스키,5713333,108631000058,https://www.shilladfs.com/estore/kr/ko/p/5713333
몰트락 26년(Special Releas) 700ml,몰트락,1228.5,1890.0,35.0,24,0,0.0,0,N,1220:싱글몰트 위스키,5704239,111231000022,https://www.shilladfs.com/estore/kr/ko/p/5704239
라가불린 10년 700ml,라가불린,86.45,91.0,5.0,37,0,0.0,0,N,1220:싱글몰트 위스키,5704238,111131000033,https://www.shilladfs.com/estore/kr/ko/p/5704238
아드모어 트리플 우드 1000ml,아드모어,58.8,84.0,30.0,7,0,0.0,6,Y,1220:싱글몰트 위스키,5642385,114231000058,https://www.shilladfs.com/estore/kr/ko/p/5642385
고든앤맥패일 코노세어초이스 쿨일라 2006 17년 700ml,고든 앤 맥패일,216.0,270.0,20.0,51,0,0.0,0,N,1220:싱글몰트 위스키,5677236,115431000186,https://www.shilladfs.com/estore/kr/ko/p/5677236
고든앤맥패일 코노세어초이스 탐나불린 2007 14년 700ml,고든 앤 맥패일,196.65,207.0,5.0,43,0,0.0,0,N,1220:싱글몰트 위스키,5677234,115431000185,https://www.shilladfs.com/estore/kr/ko/p/5677234
고든앤맥패일 코노세어초이스 쿨일라 사시까이아 2010 12년 700ml,고든 앤 맥패일,194.75,205.0,5.0,111,0,0.0,0,N,1220:싱글몰트 위스키,5677233,115431000184,https://www.shilladfs.com/estore/kr/ko/p/5677233
고든앤맥패일 코노세어초이스 올트모어 세인트조셉 2009 13년 700ml,고든 앤 맥패일,122.85,189.0,35.0,29,1,10.0,0,N,1220:싱글몰트 위스키,5677223,115431000182,https://www.shilladfs.com/estore/kr/ko/p/5677223
고든앤맥패일 디스틸러리 몰트락 15년 700ml,고든 앤 맥패일,141.55,149.0,5.0,35,0,0.0,0,N,1220:싱글몰트 위스키,5677231,115431000181,https://www.shilladfs.com/estore/kr/ko/p/5677231
고든앤맥패일 디스커버리 오크로이스크 10년 700ml,고든 앤 맥패일,78.85,83.0,5.0,18,0,0.0,6,Y,1220:싱글몰트 위스키,5677221,115431000176,https://www.shilladfs.com/estore/kr/ko/p/5677221
고든앤맥패일 디스커버리 토마틴 2011 12년 700ml,고든 앤 맥패일,78.85,83.0,5.0,19,0,0.0,0,N,1220:싱글몰트 위스키,5677226,115431000174,https://www.shilladfs.com/estore/kr/ko/p/5677226
메이커스 마크 101 1000ml,메이커스마크,70.3,74.0,5.0,255,0,0.0,6,Y,1211:블렌디드 위스키,5285854,109831000020,https://www.shilladfs.com/estore/kr/ko/p/5285854
메이커스 마크 46 1000ml,메이커스마크,63.65,67.0,5.0,61,0,0.0,0,N,1220:싱글몰트 위스키,5592649,109831000035,https://www.shilladfs.com/estore/kr/ko/p/5592649
ABERLOUR SUTHAINN 700ml,발렌타인,63.0,90.0,30.0,30,0,0.0,6,Y,1220:싱글몰트 위스키,5663570,046131000059,https://www.shilladfs.com/estore/kr/ko/p/5663570
달모어 컨스텔레이션 1976년 700ml,달모어,20995.0,22100.0,5.0,26,0,0.0,1,Y,1220:싱글몰트 위스키,5653826,114431000031,https://www.shilladfs.com/estore/kr/ko/p/5653826
달모어 캐스크 큐레이션 시리즈 – 포트 에디션 700ml * 3,달모어,42227.5,44450.0,5.0,14,0,0.0,1,Y,1220:싱글몰트 위스키,5652877,114431000115,https://www.shilladfs.com/estore/kr/ko/p/5652877
시바스 리갈 18년 포이약 와인 캐스크 피니시 700ml,시바스리갈,145.35,153.0,5.0,50,0,0.0,6,Y,1211:블렌디드 위스키,5616056,110331000035,https://www.shilladfs.com/estore/kr/ko/p/5616056
더 글렌리벳 Grounbreaker Collection 700ml,글렌리벳,95.0,100.0,5.0,23,0,0.0,6,Y,1220:싱글몰트 위스키,5615677,110431000031,https://www.shilladfs.com/estore/kr/ko/p/5615677
더 글렌리벳 Caskmakers 700ml,글렌리벳,94.05,99.0,5.0,23,0,0.0,0,N,1220:싱글몰트 위스키,5615676,110431000030,https://www.shilladfs.com/estore/kr/ko/p/5615676
브렌 10YO 700ml,와인나라,112.5,125.0,10.0,2,0,0.0,5,Y,1220:싱글몰트 위스키,5591605,274231000010,https://www.shilladfs.com/estore/kr/ko/p/5591605
와일드터키 마스터스 킵 언포가튼 750ml,와일드터키,126.0,140.0,10.0,367,1,10.0,0,N,1211:블렌디드 위스키,5605263,257231000007,https://www.shilladfs.com/estore/kr/ko/p/5605263
보모어 22년 700ml,보모어,279.3,399.0,30.0,218,0,0.0,6,Y,1220:싱글몰트 위스키,5524534,114231000055,https://www.shilladfs.com/estore/kr/ko/p/5524534
와일드무어 23년 웨이킹 포레스트 700ml,와일드무어,178.6,188.0,5.0,123,0,0.0,6,Y,1211:블렌디드 위스키,5399821,279331000002,https://www.shilladfs.com/estore/kr/ko/p/5399821
와일드무어 40년 블랙 마운틴 700ml,와일드무어,648.0,900.0,28.0,66,0,0.0,6,Y,1211:블렌디드 위스키,5582447,279331000001,https://www.shilladfs.com/estore/kr/ko/p/5582447
더 글렌그란트 익스플로레이션 700ml,더 글렌그란트,60.0,120.0,50.0,89,0,0.0,6,Y,1220:싱글몰트 위스키,5569745,257131000008,https://www.shilladfs.com/estore/kr/ko/p/5569745
듀어스 25년 750ml,듀어스,303.45,357.0,15.0,115,1,10.0,0,N,1211:블렌디드 위스키,5268253,113531000022,https://www.shilladfs.com/estore/kr/ko/p/5268253
크라이겔라키 33년 700ml,듀어스,1262.4,3156.0,60.0,5,0,0.0,0,N,1220:싱글몰트 위스키,5560827,113531000036,https://www.shilladfs.com/estore/kr/ko/p/5560827
발렌타인 15년 GLENBURGIE 700ml,발렌타인,56.7,81.0,30.0,274,0,0.0,6,Y,1220:싱글몰트 위스키,5499394,046131000056,https://www.shilladfs.com/estore/kr/ko/p/5499394
글렌피딕 XX 700ml ,글렌피딕,49.68,92.0,46.0,131,0,0.0,0,N,1220:싱글몰트 위스키,5544313,082331000030,https://www.shilladfs.com/estore/kr/ko/p/5544313
올트모어 19년 CS 한정판 (토니포트) 700ml,올트모어,342.0,360.0,5.0,156,0,0.0,0,N,1220:싱글몰트 위스키,5541881,113531000079,https://www.shilladfs.com/estore/kr/ko/p/5541881
맥캘란 레어 캐스크 블랙 700ml,맥캘란,548.15,577.0,5.0,130,0,0.0,0,N,1220:싱글몰트 위스키,5145168,081831000023,https://www.shilladfs.com/estore/kr/ko/p/5145168
맥캘란 하모니 컬렉션 700ml,맥캘란,175.75,185.0,5.0,116,1,10.0,0,N,1220:싱글몰트 위스키,5532321,081831000063,https://www.shilladfs.com/estore/kr/ko/p/5532321
달모어 포트폴리오 시리즈 2015년 700ml,달모어,593.75,625.0,5.0,42,0,0.0,0,N,1220:싱글몰트 위스키,5524985,114431000112,https://www.shilladfs.com/estore/kr/ko/p/5524985
달모어 포트폴리오 시리즈 2007년 700ml,달모어,883.5,930.0,5.0,24,0,0.0,2,Y,1220:싱글몰트 위스키,5524986,114431000113,https://www.shilladfs.com/estore/kr/ko/p/5524986
보모어 34년 프랭크 콰이어틀리 4 700ml,보모어,2090.0,3800.0,45.0,3,0,0.0,1,Y,1220:싱글몰트 위스키,5489103,114231000049,https://www.shilladfs.com/estore/kr/ko/p/5489103
패터캐른 40년 700ml,패터캐른,3816.0,4770.0,20.0,11,0,0.0,1,Y,1220:싱글몰트 위스키,5219289,114431000089,https://www.shilladfs.com/estore/kr/ko/p/5219289
딩글 캐스크 스트렝스 배치6 700ml,딩글,174.6,291.0,40.0,40,0,0.0,0,N,1220:싱글몰트 위스키,5512993,266631000004,https://www.shilladfs.com/estore/kr/ko/p/5512993
오켄토션 18년 700ml,오켄토션,94.5,105.0,10.0,47,0,0.0,3,Y,1220:싱글몰트 위스키,5489104,114231000050,https://www.shilladfs.com/estore/kr/ko/p/5489104
달모어 40년 2024년 에디션 700ml,달모어,14440.0,15200.0,5.0,14,0,0.0,4,Y,1220:싱글몰트 위스키,5358027,114431000102,https://www.shilladfs.com/estore/kr/ko/p/5358027
달모어 45년 700ml,달모어,23512.5,24750.0,5.0,11,0,0.0,4,Y,1220:싱글몰트 위스키,5501933,114431000082,https://www.shilladfs.com/estore/kr/ko/p/5501933
달모어 컨스텔레이션 1991 캐스크 27 700ml,달모어,5633.5,5930.0,5.0,11,0,0.0,1,Y,1220:싱글몰트 위스키,5360845,114431000105,https://www.shilladfs.com/estore/kr/ko/p/5360845
달모어 20년 700ml,달모어,641.25,675.0,5.0,251,1,10.0,0,N,1220:싱글몰트 위스키,5358025,114431000101,https://www.shilladfs.com/estore/kr/ko/p/5358025
듀어스 더블더블 21년 스톤 토스티드 1.5L (아메리칸 오크 & 프렌치 오크),듀어스,361.0,380.0,5.0,140,0,0.0,0,N,1211:블렌디드 위스키,5460670,113531000082,https://www.shilladfs.com/estore/kr/ko/p/5460670
달모어 King Alexander III TRX 700ml,달모어,281.7,313.0,10.0,681,7,10.0,0,N,1220:싱글몰트 위스키,5125887,114431000079,https://www.shilladfs.com/estore/kr/ko/p/5125887
에버펠디 25년 700ml,에버펠디,522.5,550.0,5.0,169,0,0.0,4,Y,1220:싱글몰트 위스키,5460729,113531000077,https://www.shilladfs.com/estore/kr/ko/p/5460729
달모어 루미너리 No.2 700ml,달모어,332.5,350.0,5.0,142,2,10.0,0,N,1220:싱글몰트 위스키,5462755,114431000094,https://www.shilladfs.com/estore/kr/ko/p/5462755
패터캐른 25년 700ml,패터캐른,449.1,499.0,10.0,39,0,0.0,6,Y,1220:싱글몰트 위스키,5401203,114431000109,https://www.shilladfs.com/estore/kr/ko/p/5401203
패터캐른 14년 700ml,패터캐른,39.01,83.0,53.0,36,0,0.0,6,Y,1220:싱글몰트 위스키,5401202,114431000107,https://www.shilladfs.com/estore/kr/ko/p/5401202
몰트락 SR FY24 700ml (2023 Special Release),몰트락,285.0,300.0,5.0,62,0,0.0,6,Y,1220:싱글몰트 위스키,5420938,111231000042,https://www.shilladfs.com/estore/kr/ko/p/5420938
로즈아일 12년 SR FY24 700ml (2023 Special Release),탈리스커,100.8,144.0,30.0,76,0,0.0,1,Y,1220:싱글몰트 위스키,5420685,111131000032,https://www.shilladfs.com/estore/kr/ko/p/5420685
글렌킨치 27년 SR FY24 700ml(2023 Special Release),탈리스커,387.6,408.0,5.0,232,0,0.0,0,N,1220:싱글몰트 위스키,5420824,111131000031,https://www.shilladfs.com/estore/kr/ko/p/5420824
클라이넬리시 10년 SR FY24 700ml (2023 Special Release),탈리스커,188.1,198.0,5.0,187,0,0.0,6,Y,1220:싱글몰트 위스키,5420684,111131000030,https://www.shilladfs.com/estore/kr/ko/p/5420684
오반 11년 SR FY24 700ml (2023 Special Release),탈리스커,159.6,168.0,5.0,69,0,0.0,0,N,1220:싱글몰트 위스키,5420683,111131000029,https://www.shilladfs.com/estore/kr/ko/p/5420683
탈리스커 SR FY24 700ml (2023 Special Release),탈리스커,136.8,144.0,5.0,81,0,0.0,0,N,1220:싱글몰트 위스키,5420586,111131000026,https://www.shilladfs.com/estore/kr/ko/p/5420586
맥캘란 GTR18년 700ml,맥캘란,335.35,353.0,5.0,411,1,8.0,0,N,1220:싱글몰트 위스키,5430959,081831000053,https://www.shilladfs.com/estore/kr/ko/p/5430959
맥캘란 GTR15년 700ml,맥캘란,159.6,168.0,5.0,336,1,10.0,0,N,1220:싱글몰트 위스키,5430961,081831000054,https://www.shilladfs.com/estore/kr/ko/p/5430961
맥캘란 GTR12년 700ml,맥캘란,78.85,83.0,5.0,571,2,10.0,0,N,1220:싱글몰트 위스키,5430962,081831000056,https://www.shilladfs.com/estore/kr/ko/p/5430962
턴테이블 스모킨 리프 700ml,턴테이블,84.6,94.0,10.0,8,0,0.0,6,Y,1211:블렌디드 위스키,5408660,280431000002,https://www.shilladfs.com/estore/kr/ko/p/5408660
턴테이블 비터스윗 심포니 700ml,턴테이블,84.6,94.0,10.0,6,0,0.0,6,Y,1211:블렌디드 위스키,5408661,280431000001,https://www.shilladfs.com/estore/kr/ko/p/5408661
글렌알라키 10년 배치11 700ml,글렌알라키,110.4,138.0,20.0,722,2,10.0,0,N,1220:싱글몰트 위스키,5420588,265631000007,https://www.shilladfs.com/estore/kr/ko/p/5420588
미클토어 오리지널 700ml,미클토어,78.2,92.0,15.0,16,0,0.0,6,Y,1220:싱글몰트 위스키,5418558,275831000003,https://www.shilladfs.com/estore/kr/ko/p/5418558
미클토어 쉐리 700ml,미클토어,81.9,91.0,10.0,22,0,0.0,0,N,1220:싱글몰트 위스키,5418557,275831000002,https://www.shilladfs.com/estore/kr/ko/p/5418557
턴테이블 파라다이스 펑크 700ml,턴테이블,84.6,94.0,10.0,5,0,0.0,6,Y,1211:블렌디드 위스키,5408662,280431000003,https://www.shilladfs.com/estore/kr/ko/p/5408662
퍼컬렌 15년 700ml,퍼컬렌,41.8,95.0,56.0,25,0,0.0,6,Y,1220:싱글몰트 위스키,5304447,249031000038,https://www.shilladfs.com/estore/kr/ko/p/5304447
퍼컬렌 21년 700ml,퍼컬렌,251.75,265.0,5.0,144,1,10.0,0,N,1220:싱글몰트 위스키,5304440,249031000040,https://www.shilladfs.com/estore/kr/ko/p/5304440
엘리먼츠오브아일라 쉐리캐스크 700ml,엘리먼츠 오브 아일라,107.1,119.0,10.0,40,0,0.0,0,N,1211:블렌디드 위스키,5372479,276331000004,https://www.shilladfs.com/estore/kr/ko/p/5372479
엘리먼츠오브아일라 캐스크에디션 700ml,엘리먼츠 오브 아일라,71.1,79.0,10.0,16,0,0.0,6,Y,1211:블렌디드 위스키,5372477,276331000003,https://www.shilladfs.com/estore/kr/ko/p/5372477
엘리먼츠오브아일라 버번캐스크 700ml,엘리먼츠 오브 아일라,46.87,109.0,57.0,18,0,0.0,6,Y,1211:블렌디드 위스키,5372478,276331000002,https://www.shilladfs.com/estore/kr/ko/p/5372478
엘리먼츠오브아일라 아이러브아일라 500ml,엘리먼츠 오브 아일라,33.63,59.0,43.0,16,0,0.0,6,Y,1211:블렌디드 위스키,5372476,276331000001,https://www.shilladfs.com/estore/kr/ko/p/5372476
아케시 하쿠로 700ml,아케시,479.75,505.0,5.0,143,0,0.0,6,Y,1220:싱글몰트 위스키,5372473,276131000003,https://www.shilladfs.com/estore/kr/ko/p/5372473
아케시 쇼만 700ml,아케시,320.15,337.0,5.0,104,1,10.0,6,Y,1211:블렌디드 위스키,5372475,276131000002,https://www.shilladfs.com/estore/kr/ko/p/5372475
아케시 케이칫수 700ml,아케시,454.5,505.0,10.0,149,0,0.0,1,Y,1220:싱글몰트 위스키,5372474,276131000001,https://www.shilladfs.com/estore/kr/ko/p/5372474
화이트헤더 21년 700ml,화이트헤더,222.4,278.0,20.0,59,0,0.0,0,N,1211:블렌디드 위스키,5372581,276031000002,https://www.shilladfs.com/estore/kr/ko/p/5372581
화이트헤더 15년 700ml,화이트헤더,55.44,126.0,56.0,24,0,0.0,6,Y,1211:블렌디드 위스키,5372580,276031000001,https://www.shilladfs.com/estore/kr/ko/p/5372580
맥네어스 럼릭 21년 700ml,맥네어스,285.3,317.0,10.0,30,0,0.0,0,N,1211:블렌디드 위스키,5372299,275931000002,https://www.shilladfs.com/estore/kr/ko/p/5372299
맥네어스 럼릭 12년 700ml,맥네어스,95.4,106.0,10.0,14,0,0.0,6,Y,1211:블렌디드 위스키,5372298,275931000001,https://www.shilladfs.com/estore/kr/ko/p/5372298
토마틴 12년 1000ml,토마틴,52.2,58.0,10.0,46,0,0.0,0,N,1220:싱글몰트 위스키,5310054,270131000001,https://www.shilladfs.com/estore/kr/ko/p/5310054
글렌카담 10년 700ml,글렌카담,58.9,62.0,5.0,40,0,0.0,0,N,1220:싱글몰트 위스키,5358799,276531000001,https://www.shilladfs.com/estore/kr/ko/p/5358799
글렌카담 13년 700ml,글렌카담,90.25,95.0,5.0,44,0,0.0,0,N,1220:싱글몰트 위스키,5358800,276531000002,https://www.shilladfs.com/estore/kr/ko/p/5358800
글렌카담 아메리칸 오크 리저브 700ml,글렌카담,42.75,45.0,5.0,17,0,0.0,0,N,1220:싱글몰트 위스키,5358802,276531000005,https://www.shilladfs.com/estore/kr/ko/p/5358802
씨앤씨 뀌베 캐스크 750ml,씨앤씨,87.5,125.0,30.0,10,0,0.0,6,Y,1220:싱글몰트 위스키,5359024,276831000001,https://www.shilladfs.com/estore/kr/ko/p/5359024
씨앤씨 버지니아 하이랜드 위스키 포트 캐스크 피니시 750ml,씨앤씨,51.8,74.0,30.0,16,0,0.0,6,Y,1220:싱글몰트 위스키,5359021,276831000002,https://www.shilladfs.com/estore/kr/ko/p/5359021
씨앤씨 아메리칸 싱글 몰트 750ml,씨앤씨,69.3,99.0,30.0,2,0,0.0,6,Y,1220:싱글몰트 위스키,5359022,276831000003,https://www.shilladfs.com/estore/kr/ko/p/5359022
씨앤씨 버번 캐스크 750ml,씨앤씨,78.4,112.0,30.0,4,0,0.0,6,Y,1220:싱글몰트 위스키,5359025,276831000004,https://www.shilladfs.com/estore/kr/ko/p/5359025
씨앤씨 쉐리 캐스크 750ml,씨앤씨,78.4,112.0,30.0,7,0,0.0,6,Y,1220:싱글몰트 위스키,5359023,276831000005,https://www.shilladfs.com/estore/kr/ko/p/5359023
인드리 700ml,인드리,27.5,55.0,50.0,22,0,0.0,6,Y,1220:싱글몰트 위스키,5360892,276731000001,https://www.shilladfs.com/estore/kr/ko/p/5360892
교토위스키 아카 오비 700ml,교토 위스키,35.0,70.0,50.0,44,0,0.0,1,Y,1211:블렌디드 위스키,5358989,276631000001,https://www.shilladfs.com/estore/kr/ko/p/5358989
사가모어 Cask Strength Whiskey 750ml,사가모어,44.65,95.0,53.0,111,2,10.0,6,Y,1211:블렌디드 위스키,5285449,270431000003,https://www.shilladfs.com/estore/kr/ko/p/5285449
사가모어 Double Oak Whiskey 750ml,사가모어,39.95,85.0,53.0,67,0,0.0,6,Y,1211:블렌디드 위스키,5285451,270431000002,https://www.shilladfs.com/estore/kr/ko/p/5285451
사가모어 Rye Whiskey 750ml,사가모어,55.25,65.0,15.0,31,0,0.0,6,Y,1211:블렌디드 위스키,5285450,270431000001,https://www.shilladfs.com/estore/kr/ko/p/5285450
글렌모렌지 오리지널 1000ml,글렌모렌지,39.0,60.0,35.0,145,0,0.0,0,N,1220:싱글몰트 위스키,5070387,108631000001,https://www.shilladfs.com/estore/kr/ko/p/5070387
달모어 18년 2024년 에디션 700ml,달모어,332.5,350.0,5.0,601,15,10.0,0,N,1220:싱글몰트 위스키,5358024,114431000100,https://www.shilladfs.com/estore/kr/ko/p/5358024
글렌모레이 21년 포트우드 700ml,글렌모레이,251.75,265.0,5.0,119,0,0.0,0,N,1220:싱글몰트 위스키,5304451,249031000045,https://www.shilladfs.com/estore/kr/ko/p/5304451
헤븐스도어 Straight Rye Whiskey 750ml,헤븐스도어,76.0,80.0,5.0,17,0,0.0,6,Y,1211:블렌디드 위스키,5284790,270331000003,https://www.shilladfs.com/estore/kr/ko/p/5284790
헤븐스도어 Straight Bourbon Whiskey 750ml,헤븐스도어,27.6,60.0,54.0,16,0,0.0,6,Y,1211:블렌디드 위스키,5284791,270331000001,https://www.shilladfs.com/estore/kr/ko/p/5284791
젠틀맨스 컷 버번 750ml,젠틀맨스 컷,173.85,183.0,5.0,77,0,0.0,6,Y,1211:블렌디드 위스키,5345783,268331000018,https://www.shilladfs.com/estore/kr/ko/p/5345783
로크로몬드 Original 1000ml,로크 로몬드,33.3,37.0,10.0,96,1,10.0,6,Y,1220:싱글몰트 위스키,5267809,268831000001,https://www.shilladfs.com/estore/kr/ko/p/5267809
위도우 제인 AMERICAN RYE 750ml,위도우 제인,128.7,143.0,10.0,20,0,0.0,6,Y,1211:블렌디드 위스키,5337202,274231000003,https://www.shilladfs.com/estore/kr/ko/p/5337202
위도우 제인 APPLEWOOD & RYE 750ml,위도우 제인,128.7,143.0,10.0,28,0,0.0,0,N,1211:블렌디드 위스키,5337201,274231000002,https://www.shilladfs.com/estore/kr/ko/p/5337201
로크로몬드 14년 Inchmoan 1000ml,로크 로몬드,73.8,82.0,10.0,115,1,10.0,0,N,1220:싱글몰트 위스키,5267808,268831000004,https://www.shilladfs.com/estore/kr/ko/p/5267808
글렌스코시아 48년 700ml,글렌 스코시아,7207.2,13860.0,48.0,38,0,0.0,3,Y,1220:싱글몰트 위스키,5300688,265131000004,https://www.shilladfs.com/estore/kr/ko/p/5300688
글렌스코시아 Crosshill Loch 1000ml,글렌 스코시아,85.5,95.0,10.0,220,4,9.5,0,N,1220:싱글몰트 위스키,5267814,265131000002,https://www.shilladfs.com/estore/kr/ko/p/5267814
글렌스코시아 32년 Limted edition 700ml,글렌 스코시아,1111.95,1765.0,37.0,42,0,0.0,1,Y,1220:싱글몰트 위스키,5267813,265131000003,https://www.shilladfs.com/estore/kr/ko/p/5267813
암룻 INDIAN 700ml,암룻,61.75,65.0,5.0,11,0,0.0,0,N,1220:싱글몰트 위스키,5337843,275031000001,https://www.shilladfs.com/estore/kr/ko/p/5337843
암룻 INDIAN CASK STRENGTH 700ml,암룻,95.0,100.0,5.0,40,0,0.0,0,N,1220:싱글몰트 위스키,5337844,275031000002,https://www.shilladfs.com/estore/kr/ko/p/5337844
암룻 FUSION 700ml,암룻,82.65,87.0,5.0,67,1,10.0,0,N,1220:싱글몰트 위스키,5337846,275031000003,https://www.shilladfs.com/estore/kr/ko/p/5337846
암룻 PEATED 700ml,암룻,75.05,79.0,5.0,26,0,0.0,6,Y,1220:싱글몰트 위스키,5337847,275031000004,https://www.shilladfs.com/estore/kr/ko/p/5337847
브룩라디 옥토모어 14.1 700ml,브룩라디,163.0,163.0,0.0,1890,6,10.0,0,N,1220:싱글몰트 위스키,5310713,085131000076,https://www.shilladfs.com/estore/kr/ko/p/5310713
보모어 36년 FQ 2023 700ml,보모어,2200.0,4000.0,45.0,36,0,0.0,6,Y,1220:싱글몰트 위스키,5221776,114231000038,https://www.shilladfs.com/estore/kr/ko/p/5221776
벤리악 Quarter Cask Classic 1000ml,벤리악,66.5,70.0,5.0,90,0,0.0,6,Y,1220:싱글몰트 위스키,5303577,114931000043,https://www.shilladfs.com/estore/kr/ko/p/5303577
올트모어 18년 700ml,듀어스,161.5,170.0,5.0,134,1,10.0,0,N,1220:싱글몰트 위스키,3333181,113531000019,https://www.shilladfs.com/estore/kr/ko/p/3333181
큐로 몰트 500ml,큐로,107.1,119.0,10.0,27,0,0.0,6,Y,1220:싱글몰트 위스키,5302698,272331000001,https://www.shilladfs.com/estore/kr/ko/p/5302698
스카라버스 히브리디언 저니 블렌디드 몰트 스카치 700ml,스카라버스,24.2,55.0,56.0,12,0,0.0,6,Y,1220:싱글몰트 위스키,5304446,249031000037,https://www.shilladfs.com/estore/kr/ko/p/5304446
스카라버스 하이랜드 저니 블렌디드 몰트 스카치 700ml,스카라버스,52.25,55.0,5.0,13,0,0.0,6,Y,1220:싱글몰트 위스키,5304439,249031000036,https://www.shilladfs.com/estore/kr/ko/p/5304439
스카라버스 아일레이 저니 블렌디드 몰트 스카치 700ml,스카라버스,24.2,55.0,56.0,12,0,0.0,6,Y,1220:싱글몰트 위스키,5304445,249031000035,https://www.shilladfs.com/estore/kr/ko/p/5304445
스카라버스 10년 700ml,스카라버스,80.75,85.0,5.0,14,0,0.0,6,Y,1220:싱글몰트 위스키,5304438,249031000034,https://www.shilladfs.com/estore/kr/ko/p/5304438
스카라버스 아일레이 싱글몰트 700ml,스카라버스,24.0,60.0,60.0,16,0,0.0,6,Y,1220:싱글몰트 위스키,5304444,249031000032,https://www.shilladfs.com/estore/kr/ko/p/5304444
글렌모레이 12년 1000ml,글렌모레이,68.4,72.0,5.0,34,0,0.0,5,Y,1220:싱글몰트 위스키,5313551,249031000014,https://www.shilladfs.com/estore/kr/ko/p/5313551
글렌모레이 커티 샥 스카치 위스키 1000ml,글렌모레이,21.85,23.0,5.0,26,0,0.0,0,N,1211:블렌디드 위스키,5312122,249031000026,https://www.shilladfs.com/estore/kr/ko/p/5312122
맥탈라 올드퍼스 쉐리 케스크 12년 700ml,맥탈라,75.05,79.0,5.0,39,0,0.0,6,Y,1220:싱글몰트 위스키,5311850,249031000021,https://www.shilladfs.com/estore/kr/ko/p/5311850
맥탈라 스타라타 15년 700ml,맥탈라,107.35,113.0,5.0,31,0,0.0,6,Y,1220:싱글몰트 위스키,5311848,249031000018,https://www.shilladfs.com/estore/kr/ko/p/5311848
맥탈라 마라 700ml,맥탈라,78.85,83.0,5.0,33,0,0.0,4,Y,1220:싱글몰트 위스키,5312020,249031000017,https://www.shilladfs.com/estore/kr/ko/p/5312020
맥탈라 테라 700ml,맥탈라,30.66,73.0,58.0,18,0,0.0,6,Y,1220:싱글몰트 위스키,5311920,249031000016,https://www.shilladfs.com/estore/kr/ko/p/5311920
글렌모레이 15년 1000ml,글렌모레이,87.4,92.0,5.0,57,2,9.0,0,N,1220:싱글몰트 위스키,5311847,249031000015,https://www.shilladfs.com/estore/kr/ko/p/5311847
달모어 퀸텟 700ml ,달모어,104.3,149.0,30.0,266,1,10.0,0,N,1220:싱글몰트 위스키,5311398,114431000065,https://www.shilladfs.com/estore/kr/ko/p/5311398
달모어 콰르텟 1000ml,달모어,127.3,134.0,5.0,202,0,0.0,0,N,1220:싱글몰트 위스키,5311282,114431000064,https://www.shilladfs.com/estore/kr/ko/p/5311282
우드포드 리저브 Baccarat Edition 700ml,우드포드 리저브,1054.0,1700.0,38.0,22,0,0.0,0,N,1211:블렌디드 위스키,5088307,114931000035,https://www.shilladfs.com/estore/kr/ko/p/5088307
벤리악 Quarter Cask Peated 1000ml,벤리악,66.5,70.0,5.0,65,0,0.0,6,Y,1220:싱글몰트 위스키,5303575,114931000041,https://www.shilladfs.com/estore/kr/ko/p/5303575
오켄토션 다크 오크 CNY 1000ml,오켄토션,34.65,77.0,55.0,15,0,0.0,6,Y,1220:싱글몰트 위스키,5303265,114231000040,https://www.shilladfs.com/estore/kr/ko/p/5303265
로크로몬드 45년 700ml,로크 로몬드,2608.2,4347.0,40.0,10,0,0.0,0,N,1220:싱글몰트 위스키,5300690,268831000006,https://www.shilladfs.com/estore/kr/ko/p/5300690
로크로몬드 47년 700ml,로크 로몬드,6520.5,7245.0,10.0,20,0,0.0,0,N,1220:싱글몰트 위스키,5300689,268831000007,https://www.shilladfs.com/estore/kr/ko/p/5300689
에반 윌리엄스 싱글 배럴 750ml,신세계 L&B,31.11,61.0,49.0,57,0,0.0,6,Y,1211:블렌디드 위스키,5290609,115331000190,https://www.shilladfs.com/estore/kr/ko/p/5290609
듀어스 더블더블 27년 500ml,듀어스,285.0,300.0,5.0,208,0,0.0,0,N,1211:블렌디드 위스키,5267970,113531000058,https://www.shilladfs.com/estore/kr/ko/p/5267970
글렌데브론 40년 700ml,글렌데브론,2695.0,4900.0,45.0,19,0,0.0,1,Y,1220:싱글몰트 위스키,5268155,113531000066,https://www.shilladfs.com/estore/kr/ko/p/5268155
듀어스 더블더블 21년 미즈나라캐스크 500ml,듀어스,165.3,174.0,5.0,619,1,10.0,0,N,1211:블렌디드 위스키,5268249,113531000075,https://www.shilladfs.com/estore/kr/ko/p/5268249
컴파스 박스 Spice Tree 700ml,컴파스 박스,81.7,86.0,5.0,27,0,0.0,0,N,1211:블렌디드 위스키,5229035,263731000004,https://www.shilladfs.com/estore/kr/ko/p/5229035
컴파스 박스 Orchard House 700ml,컴파스 박스,57.0,60.0,5.0,173,1,10.0,0,N,1211:블렌디드 위스키,5229033,263731000001,https://www.shilladfs.com/estore/kr/ko/p/5229033
컴파스 박스 Peat Monster 700ml,컴파스 박스,33.88,77.0,56.0,37,0,0.0,6,Y,1211:블렌디드 위스키,5229030,263731000002,https://www.shilladfs.com/estore/kr/ko/p/5229030
켄터키아울 더 와이즈맨 스트라이트 버번 위스키 700ml,켄터키아울,34.08,71.0,52.0,8,0,0.0,6,Y,1211:블렌디드 위스키,5249134,258131000006,https://www.shilladfs.com/estore/kr/ko/p/5249134
켄터키아울 컨피스케이티드 버번 위스키 700ml,켄터키아울,148.2,156.0,5.0,195,0,0.0,0,N,1211:블렌디드 위스키,5248878,258131000003,https://www.shilladfs.com/estore/kr/ko/p/5248878
켄터키아울 더 와이즈맨 라이 버번 위스키 700ml,켄터키아울,67.45,71.0,5.0,19,0,0.0,6,Y,1211:블렌디드 위스키,5248877,258131000002,https://www.shilladfs.com/estore/kr/ko/p/5248877
밀크앤허니 APEX ex-알바 Batch 700ml,밀크앤허니,156.8,196.0,20.0,20,0,0.0,6,Y,1220:싱글몰트 위스키,5248996,266731000010,https://www.shilladfs.com/estore/kr/ko/p/5248996
밀크앤허니 APEX 사해 Batch 700ml,밀크앤허니,172.0,215.0,20.0,67,0,0.0,0,N,1220:싱글몰트 위스키,5248994,266731000007,https://www.shilladfs.com/estore/kr/ko/p/5248994
밀크앤허니 APEX 석류 Batch 700ml,밀크앤허니,176.7,186.0,5.0,40,0,0.0,6,Y,1220:싱글몰트 위스키,5248993,266731000006,https://www.shilladfs.com/estore/kr/ko/p/5248993
밀크앤허니 엘리먼츠 피티드 캐스크 700ml,밀크앤허니,40.95,105.0,61.0,20,0,0.0,6,Y,1220:싱글몰트 위스키,5248992,266731000003,https://www.shilladfs.com/estore/kr/ko/p/5248992
밀크앤허니 크리스마스에디션 트릿 700ml,밀크앤허니,107.1,119.0,10.0,12,0,0.0,6,Y,1220:싱글몰트 위스키,5248990,266731000005,https://www.shilladfs.com/estore/kr/ko/p/5248990
밀크앤허니 엘리먼츠 레드와인 캐스크 700ml,밀크앤허니,84.0,105.0,20.0,21,0,0.0,6,Y,1220:싱글몰트 위스키,5248989,266731000004,https://www.shilladfs.com/estore/kr/ko/p/5248989
밀크앤허니 클래식 싱글몰트 700ml,밀크앤허니,66.4,83.0,20.0,50,1,10.0,6,Y,1220:싱글몰트 위스키,5248987,266731000001,https://www.shilladfs.com/estore/kr/ko/p/5248987
딩글 싱글몰트위스키 배치6 700ml,딩글,69.0,115.0,40.0,23,0,0.0,0,N,1220:싱글몰트 위스키,5249079,266631000002,https://www.shilladfs.com/estore/kr/ko/p/5249079
아마하간 World Malt Editon No.1 700ml,아마하간,41.85,93.0,55.0,27,1,10.0,6,Y,1211:블렌디드 위스키,5232837,263231000005,https://www.shilladfs.com/estore/kr/ko/p/5232837
아마하간 World Malt Editon No.5 700ml,아마하간,101.7,113.0,10.0,33,0,0.0,6,Y,1211:블렌디드 위스키,5232836,263231000003,https://www.shilladfs.com/estore/kr/ko/p/5232836
아마하간 World Malt Editon Yamazakura 700ml,아마하간,95.4,106.0,10.0,37,0,0.0,0,N,1211:블렌디드 위스키,5232460,263231000002,https://www.shilladfs.com/estore/kr/ko/p/5232460
펄킨위스키 RARE INCHGOWER PX 700ml,펄킨 위스키,124.2,138.0,10.0,38,0,0.0,0,N,1220:싱글몰트 위스키,5228763,263131000004,https://www.shilladfs.com/estore/kr/ko/p/5228763
더글라스랭 SCALLYWAG 10년 700ml,더글라스랭,65.55,69.0,5.0,42,0,0.0,0,N,1220:싱글몰트 위스키,5228864,265431000003,https://www.shilladfs.com/estore/kr/ko/p/5228864
더글라스랭 BIG PEAT 12년 700ml,더글라스랭,70.3,74.0,5.0,46,0,0.0,6,Y,1220:싱글몰트 위스키,5228863,265431000001,https://www.shilladfs.com/estore/kr/ko/p/5228863
더글라스랭 OP LEDAIG 13년 700ml,더글라스랭,126.35,133.0,5.0,24,0,0.0,0,N,1220:싱글몰트 위스키,5228862,265431000008,https://www.shilladfs.com/estore/kr/ko/p/5228862
더글라스랭 OP AUCHROISK 12년 700ml,더글라스랭,51.7,110.0,53.0,18,0,0.0,6,Y,1220:싱글몰트 위스키,5228861,265431000007,https://www.shilladfs.com/estore/kr/ko/p/5228861
더글라스랭 DOUGLAS OP GLEN GARIOCH 12년 700ml,더글라스랭,106.4,112.0,5.0,24,0,0.0,0,N,1220:싱글몰트 위스키,5228860,265431000006,https://www.shilladfs.com/estore/kr/ko/p/5228860
글렌파클라스 35년 700ml,글렌파클라스,901.82,1346.0,33.0,56,0,0.0,6,Y,1220:싱글몰트 위스키,5226627,265931000006,https://www.shilladfs.com/estore/kr/ko/p/5226627
카미키 사쿠라 750ml,카미키,95.2,119.0,20.0,49,1,10.0,0,N,1211:블렌디드 위스키,5157329,254631000002,https://www.shilladfs.com/estore/kr/ko/p/5157329
카미키 오리지널 500ml,카미키,64.0,80.0,20.0,33,0,0.0,0,N,1211:블렌디드 위스키,5157330,254631000003,https://www.shilladfs.com/estore/kr/ko/p/5157330
쿠라 클래식 700ml,쿠라,100.0,125.0,20.0,10,0,0.0,6,Y,1211:블렌디드 위스키,5157346,254631000010,https://www.shilladfs.com/estore/kr/ko/p/5157346
쿠라 럼 캐스크 700ml,쿠라,108.0,135.0,20.0,16,0,0.0,6,Y,1211:블렌디드 위스키,5157347,254631000011,https://www.shilladfs.com/estore/kr/ko/p/5157347
쿠라 8년 아와모리 700ml,쿠라,161.6,202.0,20.0,9,0,0.0,6,Y,1211:블렌디드 위스키,5157334,254631000012,https://www.shilladfs.com/estore/kr/ko/p/5157334
쿠라 12년 아와모리 700ml,쿠라,204.0,255.0,20.0,19,0,0.0,6,Y,1211:블렌디드 위스키,5157335,254631000013,https://www.shilladfs.com/estore/kr/ko/p/5157335
마르스 이와이 750ml,마르스,52.0,65.0,20.0,26,0,0.0,6,Y,1211:블렌디드 위스키,5157344,254631000006,https://www.shilladfs.com/estore/kr/ko/p/5157344
마르스 이와이 트레디션 750ml,마르스,43.99,83.0,47.0,21,0,0.0,6,Y,1211:블렌디드 위스키,5157345,254631000007,https://www.shilladfs.com/estore/kr/ko/p/5157345
마르스 몰티지 코스모 700ml,마르스,110.4,138.0,20.0,12,0,0.0,6,Y,1211:블렌디드 위스키,5157332,254631000008,https://www.shilladfs.com/estore/kr/ko/p/5157332
쿠라요시 레귤러 700ml,마츠이,51.7,94.0,45.0,12,0,0.0,6,Y,1211:블렌디드 위스키,5157348,254631000014,https://www.shilladfs.com/estore/kr/ko/p/5157348
쿠라요시 셰리 700ml,마츠이,84.0,105.0,20.0,22,0,0.0,6,Y,1211:블렌디드 위스키,5157336,254631000015,https://www.shilladfs.com/estore/kr/ko/p/5157336
쿠라요시 12년 셰리 700ml,마츠이,108.0,135.0,20.0,12,0,0.0,6,Y,1211:블렌디드 위스키,5157349,254631000016,https://www.shilladfs.com/estore/kr/ko/p/5157349
쿠라요시 12년 몰트 700ml,마츠이,149.6,187.0,20.0,25,0,0.0,6,Y,1211:블렌디드 위스키,5157350,254631000017,https://www.shilladfs.com/estore/kr/ko/p/5157350
마츠이 미즈나라 캐스크 700ml,마츠이,76.0,95.0,20.0,35,0,0.0,0,N,1220:싱글몰트 위스키,5157337,254631000018,https://www.shilladfs.com/estore/kr/ko/p/5157337
마츠이 피트 700ml,마츠이,76.0,95.0,20.0,20,0,0.0,6,Y,1220:싱글몰트 위스키,5157351,254631000020,https://www.shilladfs.com/estore/kr/ko/p/5157351
니카 테일러드 700ml,니카,108.0,135.0,20.0,67,1,10.0,0,N,1211:블렌디드 위스키,5157353,254631000023,https://www.shilladfs.com/estore/kr/ko/p/5157353
수퍼 니카 700ml,니카,37.4,68.0,45.0,27,0,0.0,6,Y,1211:블렌디드 위스키,5157341,254631000025,https://www.shilladfs.com/estore/kr/ko/p/5157341
달모어 2008 빈티지 700ml,달모어,213.75,225.0,5.0,251,2,10.0,0,N,1220:싱글몰트 위스키,5222079,114431000092,https://www.shilladfs.com/estore/kr/ko/p/5222079
타운브랜치 켄터키 싱글 몰트 7년 750ml,타운브랜치,27.6,60.0,54.0,19,0,0.0,6,Y,1220:싱글몰트 위스키,5219708,262731000002,https://www.shilladfs.com/estore/kr/ko/p/5219708
패터캐른 WH 14 700ml,패터캐른,81.0,90.0,10.0,52,3,10.0,6,Y,1220:싱글몰트 위스키,5219290,114431000091,https://www.shilladfs.com/estore/kr/ko/p/5219290
패터캐른 28년 700ml,패터캐른,881.6,928.0,5.0,38,0,0.0,6,Y,1220:싱글몰트 위스키,5219286,114431000088,https://www.shilladfs.com/estore/kr/ko/p/5219286
패터캐른 16년 1000ml,패터캐른,118.75,125.0,5.0,12,0,0.0,0,N,1220:싱글몰트 위스키,5219285,114431000086,https://www.shilladfs.com/estore/kr/ko/p/5219285
패터캐른 12년 PX 1000ml,패터캐른,76.5,85.0,10.0,15,0,0.0,0,N,1220:싱글몰트 위스키,5219284,114431000085,https://www.shilladfs.com/estore/kr/ko/p/5219284
부쉬밀 포트캐스크 25년 700ml,부쉬밀,855.0,900.0,5.0,118,0,0.0,5,Y,1220:싱글몰트 위스키,5200753,130531000022,https://www.shilladfs.com/estore/kr/ko/p/5200753
더 글렌그란트 18년 1000ml,더 글렌그란트,172.8,192.0,10.0,985,2,10.0,0,N,1220:싱글몰트 위스키,5193075,257131000004,https://www.shilladfs.com/estore/kr/ko/p/5193075
발베니 30년 Rare Marrige 700ml ,발베니,3484.2,5807.0,40.0,136,0,0.0,5,Y,1220:싱글몰트 위스키,5188629,112231000032,https://www.shilladfs.com/estore/kr/ko/p/5188629
탈리스커 써지 700ml,탈리스커,116.85,123.0,5.0,171,1,10.0,6,Y,1220:싱글몰트 위스키,5185537,111131000021,https://www.shilladfs.com/estore/kr/ko/p/5185537
산토리 월드 위스키 아오 700ml,산토리,72.2,76.0,5.0,396,2,10.0,0,N,1211:블렌디드 위스키,5176108,114131000032,https://www.shilladfs.com/estore/kr/ko/p/5176108
와일드터키 LONGBRANCH 1000ml,와일드터키,31.9,58.0,45.0,134,2,10.0,6,Y,1211:블렌디드 위스키,5173188,257231000001,https://www.shilladfs.com/estore/kr/ko/p/5173188
더 글렌그란트 10년 1000ml,더 글렌그란트,49.6,62.0,20.0,217,1,10.0,6,Y,1220:싱글몰트 위스키,5173311,257131000003,https://www.shilladfs.com/estore/kr/ko/p/5173311
짐빔 바질 하이든 700ml,짐빔,26.1,58.0,55.0,75,0,0.0,6,Y,1211:블렌디드 위스키,5169530,109831000019,https://www.shilladfs.com/estore/kr/ko/p/5169530
오켄토션 아메리칸 오크 1000ml,오켄토션,26.55,59.0,55.0,20,0,0.0,4,Y,1220:싱글몰트 위스키,5166856,114231000028,https://www.shilladfs.com/estore/kr/ko/p/5166856
탐나불린 올로로소 1000ml,탐나불린,23.85,53.0,55.0,105,1,8.0,0,N,1220:싱글몰트 위스키,5166853,114431000073,https://www.shilladfs.com/estore/kr/ko/p/5166853
달모어 30년 700ml,달모어,5890.0,6200.0,5.0,10,0,0.0,1,Y,1220:싱글몰트 위스키,5166852,114431000058,https://www.shilladfs.com/estore/kr/ko/p/5166852
주라 21년 타임 700ml,주라,163.5,218.0,25.0,175,0,0.0,0,N,1220:싱글몰트 위스키,5166847,114431000045,https://www.shilladfs.com/estore/kr/ko/p/5166847
주라 더 베이  1000ml,주라,76.5,85.0,10.0,29,0,0.0,6,Y,1220:싱글몰트 위스키,5166842,114431000039,https://www.shilladfs.com/estore/kr/ko/p/5166842
주라 더 사운드 1000ml,주라,58.5,65.0,10.0,24,0,0.0,6,Y,1220:싱글몰트 위스키,5166841,114431000038,https://www.shilladfs.com/estore/kr/ko/p/5166841
달모어 40년 700ML,달모어,14440.0,15200.0,5.0,10,0,0.0,0,N,1220:싱글몰트 위스키,5166839,114431000036,https://www.shilladfs.com/estore/kr/ko/p/5166839
펀다도르 18년 1000ml,펀다도르,190.0,200.0,5.0,22,0,0.0,2,Y,1220:싱글몰트 위스키,5166837,114431000027,https://www.shilladfs.com/estore/kr/ko/p/5166837
섀클턴 1000ml,섀클턴,55.1,58.0,5.0,9,0,0.0,4,Y,1220:싱글몰트 위스키,5166834,114431000024,https://www.shilladfs.com/estore/kr/ko/p/5166834
보모어 15년 골든앤엘레강트 1000ml,보모어,99.75,105.0,5.0,724,3,10.0,0,N,1220:싱글몰트 위스키,5166833,114231000013,https://www.shilladfs.com/estore/kr/ko/p/5166833
오켄토션 다크 오크 1000ml,오켄토션,72.9,81.0,10.0,20,0,0.0,6,Y,1220:싱글몰트 위스키,5166758,114231000029,https://www.shilladfs.com/estore/kr/ko/p/5166758
우미키 750ml,우미키,58.4,73.0,20.0,1,0,0.0,6,Y,1211:블렌디드 위스키,5157343,254631000004,https://www.shilladfs.com/estore/kr/ko/p/5157343
주라 1993 700ml,주라,893.0,940.0,5.0,52,0,0.0,6,Y,1220:싱글몰트 위스키,5125161,114431000077,https://www.shilladfs.com/estore/kr/ko/p/5125161
달모어 트리오 1000ml,달모어,99.75,105.0,5.0,227,1,10.0,0,N,1220:싱글몰트 위스키,5125160,114431000076,https://www.shilladfs.com/estore/kr/ko/p/5125160
에버펠디 16년 1000ml,듀어스,139.65,147.0,5.0,52,0,0.0,0,N,1220:싱글몰트 위스키,5102010,113531000028,https://www.shilladfs.com/estore/kr/ko/p/5102010
올트모어 12년 1000ml,올트모어,78.0,104.0,25.0,176,0,0.0,0,N,1220:싱글몰트 위스키,5102008,113531000018,https://www.shilladfs.com/estore/kr/ko/p/5102008
잭다니엘 보틀 인 본드 1000ml,잭다니엘,36.1,38.0,5.0,237,2,10.0,0,N,1211:블렌디드 위스키,5088304,114931000027,https://www.shilladfs.com/estore/kr/ko/p/5088304
쿨일라 12년 750ml,쿨일라,97.85,103.0,5.0,112,0,0.0,6,Y,1220:싱글몰트 위스키,5082284,111131000010,https://www.shilladfs.com/estore/kr/ko/p/5082284
몰트락 20년 750ml,몰트락,261.25,275.0,5.0,107,0,0.0,0,N,1220:싱글몰트 위스키,5082283,111231000019,https://www.shilladfs.com/estore/kr/ko/p/5082283
조니워커 킹조지 5세 750ml,조니워커,666.9,702.0,5.0,715,3,9.33333333,6,Y,1211:블렌디드 위스키,5082568,046331000050,https://www.shilladfs.com/estore/kr/ko/p/5082568
글렌리벳 TGL TCM Rare Cask 1000ml,글렌리벳,80.37,141.0,43.0,131,0,0.0,6,Y,1220:싱글몰트 위스키,5081234,110431000018,https://www.shilladfs.com/estore/kr/ko/p/5081234
글렌리벳 TGL TCM DR 1000ml,글렌리벳,59.85,63.0,5.0,86,1,10.0,6,Y,1220:싱글몰트 위스키,5081233,110431000017,https://www.shilladfs.com/estore/kr/ko/p/5081233
Scapa Glansa 700ml,글렌리벳,61.75,65.0,5.0,17,0,0.0,6,Y,1220:싱글몰트 위스키,5081228,110431000013,https://www.shilladfs.com/estore/kr/ko/p/5081228
시바스리갈 XV 1000ml,시바스리갈,41.0,82.0,50.0,32,0,0.0,6,Y,1211:블렌디드 위스키,5076120,110331000021,https://www.shilladfs.com/estore/kr/ko/p/5076120
달모어 시가 몰트 1000ml,달모어,164.7,183.0,10.0,666,7,10.0,0,N,1220:싱글몰트 위스키,5070717,114431000011,https://www.shilladfs.com/estore/kr/ko/p/5070717
BUSHMILLS BOURBON CASK / Single Malt Whisky,호세쿠엘보,45.6,48.0,5.0,22,0,0.0,6,Y,1211:블렌디드 위스키,5070799,130531000006,https://www.shilladfs.com/estore/kr/ko/p/5070799
글렌데브론 20년 1000ml,글렌데브론,120.65,127.0,5.0,104,0,0.0,6,Y,1211:블렌디드 위스키,5070793,113531000009,https://www.shilladfs.com/estore/kr/ko/p/5070793
글렌데브론 16년 1000ml,글렌데브론,85.5,90.0,5.0,74,0,0.0,6,Y,1220:싱글몰트 위스키,5070792,113531000008,https://www.shilladfs.com/estore/kr/ko/p/5070792
에버펠디 12년 1000ml,에버펠디,70.3,74.0,5.0,143,0,0.0,0,N,1220:싱글몰트 위스키,5070789,113531000005,https://www.shilladfs.com/estore/kr/ko/p/5070789
듀어스 18년 1000ml,듀어스,100.7,106.0,5.0,401,1,10.0,0,N,1211:블렌디드 위스키,5070787,113531000003,https://www.shilladfs.com/estore/kr/ko/p/5070787
Scapa Skiren 700ml,글렌리벳,57.95,61.0,5.0,19,0,0.0,6,Y,1220:싱글몰트 위스키,5069998,110431000012,https://www.shilladfs.com/estore/kr/ko/p/5069998
시바스리갈 Icon 700ml,시바스리갈,2741.9,3917.0,30.0,3,0,0.0,3,Y,1211:블렌디드 위스키,5070402,110331000012,https://www.shilladfs.com/estore/kr/ko/p/5070402
캐나디언 클럽 12년 1000ml,캐나디언클럽,44.65,47.0,5.0,50,0,0.0,6,Y,1211:블렌디드 위스키,5070544,109831000006,https://www.shilladfs.com/estore/kr/ko/p/5070544
발렌타인 23년 GLENTAUCHERS 700ml,발렌타인,183.4,262.0,30.0,195,1,10.0,6,Y,1220:싱글몰트 위스키,5068900,046131000046,https://www.shilladfs.com/estore/kr/ko/p/5068900
시크릿 스페이사이드 Longmorn 23년 700ml,글렌리벳,275.5,290.0,5.0,92,0,0.0,6,Y,1220:싱글몰트 위스키,5065827,110431000023,https://www.shilladfs.com/estore/kr/ko/p/5065827
시크릿 스페이사이드 Caperdonich 21년 700ml,글렌리벳,237.5,250.0,5.0,72,0,0.0,6,Y,1220:싱글몰트 위스키,5065825,110431000019,https://www.shilladfs.com/estore/kr/ko/p/5065825
보모어 10년 다크앤인텐스 1000ml,보모어,62.1,69.0,10.0,286,2,10.0,0,N,1220:싱글몰트 위스키,3331486,114231000010,https://www.shilladfs.com/estore/kr/ko/p/3331486
달모어 15년 1000ml,달모어,174.8,184.0,5.0,824,3,10.0,0,N,1220:싱글몰트 위스키,3331485,114431000001,https://www.shilladfs.com/estore/kr/ko/p/3331485
